policy,cost_weight,top_k_candidates,runs,test_scenarios_mean,test_scenarios_std,test_scenarios_ci95,test_scenarios_max,candidate_grid_size_mean,candidate_grid_size_std,candidate_grid_size_ci95,candidate_grid_size_max,candidate_ac_audits_mean,candidate_ac_audits_std,candidate_ac_audits_ci95,candidate_ac_audits_max,candidate_ac_audits_avoided_mean,candidate_ac_audits_avoided_std,candidate_ac_audits_avoided_ci95,candidate_ac_audits_avoided_max,audit_reduction_ratio_mean,audit_reduction_ratio_std,audit_reduction_ratio_ci95,audit_reduction_ratio_max,full_best_in_subset_rate_mean,full_best_in_subset_rate_std,full_best_in_subset_rate_ci95,full_best_in_subset_rate_max,same_action_as_full_rate_mean,same_action_as_full_rate_std,same_action_as_full_rate_ci95,same_action_as_full_rate_max,post_action_violating_scenarios_mean,post_action_violating_scenarios_std,post_action_violating_scenarios_ci95,post_action_violating_scenarios_max,full_post_action_violating_scenarios_mean,full_post_action_violating_scenarios_std,full_post_action_violating_scenarios_ci95,full_post_action_violating_scenarios_max,extra_violating_scenarios_vs_full_mean,extra_violating_scenarios_vs_full_std,extra_violating_scenarios_vs_full_ci95,extra_violating_scenarios_vs_full_max,post_action_violating_buses_mean,post_action_violating_buses_std,post_action_violating_buses_ci95,post_action_violating_buses_max,full_post_action_violating_buses_mean,full_post_action_violating_buses_std,full_post_action_violating_buses_ci95,full_post_action_violating_buses_max,extra_violating_buses_vs_full_mean,extra_violating_buses_vs_full_std,extra_violating_buses_vs_full_ci95,extra_violating_buses_vs_full_max,action_cost_proxy_mw_mean,action_cost_proxy_mw_std,action_cost_proxy_mw_ci95,action_cost_proxy_mw_max,full_action_cost_proxy_mw_mean,full_action_cost_proxy_mw_std,full_action_cost_proxy_mw_ci95,full_action_cost_proxy_mw_max,action_cost_delta_vs_full_mw_mean,action_cost_delta_vs_full_mw_std,action_cost_delta_vs_full_mw_ci95,action_cost_delta_vs_full_mw_max,accepted_pv_mw_mean,accepted_pv_mw_std,accepted_pv_mw_ci95,accepted_pv_mw_max,curtailed_pv_mw_mean,curtailed_pv_mw_std,curtailed_pv_mw_ci95,curtailed_pv_mw_max,relieved_load_mw_mean,relieved_load_mw_std,relieved_load_mw_ci95,relieved_load_mw_max
VoltGuard risk-cost candidate screening,0.0,1,3,120.0,0.0,0.0,120.0,9.0,0.0,0.0,9.0,120.0,0.0,0.0,120.0,960.0,0.0,0.0,960.0,0.8888888888888888,0.0,0.0,0.8888888888888888,0.7805555555555556,0.10715167512214392,0.12125353501274268,0.8583333333333333,0.7805555555555556,0.10715167512214392,0.12125353501274268,0.8583333333333333,49.666666666666664,3.214550253664318,3.6376060503822805,52.0,49.666666666666664,3.214550253664318,3.6376060503822805,52.0,0.0,0.0,0.0,0.0,381.3333333333333,34.19551627528576,38.69586943216435,404.0,381.3333333333333,34.19551627528576,38.69586943216435,404.0,0.0,0.0,0.0,0.0,72.67106276754855,5.330403246406794,6.031919108436346,77.89400458596992,58.96208965203427,0.8418803195251168,0.9526772650424177,59.69903230198919,13.708973115514269,5.14250321872857,5.819290210577256,18.194972283980732,218.27484728625754,26.105857201727154,29.541558418372485,237.1607847356227,4.242229216611833,2.641250513938842,2.9888563226308626,7.291900813863267,68.42883355093672,3.414627236000425,3.864014469618663,70.60210377210666
VoltGuard risk-cost candidate screening,0.02,1,3,120.0,0.0,0.0,120.0,9.0,0.0,0.0,9.0,120.0,0.0,0.0,120.0,960.0,0.0,0.0,960.0,0.8888888888888888,0.0,0.0,0.8888888888888888,0.7805555555555556,0.10715167512214392,0.12125353501274268,0.8583333333333333,0.7805555555555556,0.10715167512214392,0.12125353501274268,0.8583333333333333,49.666666666666664,3.214550253664318,3.6376060503822805,52.0,49.666666666666664,3.214550253664318,3.6376060503822805,52.0,0.0,0.0,0.0,0.0,381.3333333333333,34.19551627528576,38.69586943216435,404.0,381.3333333333333,34.19551627528576,38.69586943216435,404.0,0.0,0.0,0.0,0.0,72.49698036466312,5.328702853153802,6.029994932331753,77.89400458596992,58.96208965203427,0.8418803195251168,0.9526772650424177,59.69903230198919,13.534890712628837,5.093922354846976,5.764315787891829,18.194972283980732,218.15879235100056,25.980391985824678,29.399581161069037,236.81261992985185,4.35828415186879,2.544734943321722,2.879638672904365,7.291900813863267,68.13869621279433,3.221513698552682,3.645485930072618,70.60210377210666
VoltGuard risk-cost candidate screening,0.05,1,3,120.0,0.0,0.0,120.0,9.0,0.0,0.0,9.0,120.0,0.0,0.0,120.0,960.0,0.0,0.0,960.0,0.8888888888888888,0.0,0.0,0.8888888888888888,0.7833333333333332,0.1024017143953709,0.11587844844842726,0.8583333333333333,0.7833333333333332,0.1024017143953709,0.11587844844842726,0.8583333333333333,49.666666666666664,3.214550253664318,3.6376060503822805,52.0,49.666666666666664,3.214550253664318,3.6376060503822805,52.0,0.0,0.0,0.0,0.0,381.3333333333333,34.19551627528576,38.69586943216435,404.0,381.3333333333333,34.19551627528576,38.69586943216435,404.0,0.0,0.0,0.0,0.0,72.18198707238555,5.174773519828385,5.855807493949801,77.56121898490404,58.96208965203427,0.8418803195251168,0.9526772650424177,59.69903230198919,13.219897420351293,4.900489590055852,5.545426008600221,17.862186682914853,218.18226455957964,25.958484660707054,29.37479068896342,236.55025095452322,4.334811943289696,2.2894625099975205,2.5907707210353843,6.959115212797377,67.84717512909587,3.0982587002087945,3.5060097693859094,70.60210377210666
VoltGuard risk-cost candidate screening,0.1,1,3,120.0,0.0,0.0,120.0,9.0,0.0,0.0,9.0,120.0,0.0,0.0,120.0,960.0,0.0,0.0,960.0,0.8888888888888888,0.0,0.0,0.8888888888888888,0.8111111111111112,0.07561476438231224,0.08556616095884267,0.8666666666666667,0.8111111111111112,0.07561476438231224,0.08556616095884267,0.8666666666666667,49.666666666666664,3.214550253664318,3.6376060503822805,52.0,49.666666666666664,3.214550253664318,3.6376060503822805,52.0,0.0,0.0,0.0,0.0,381.3333333333333,34.19551627528576,38.69586943216435,404.0,381.3333333333333,34.19551627528576,38.69586943216435,404.0,0.0,0.0,0.0,0.0,70.12118421837911,3.2418086681515392,3.6684518501483647,73.38949849088709,58.96208965203427,0.8418803195251168,0.9526772650424177,59.69903230198919,11.159094566344839,3.0562641301734663,3.458488439809687,13.6904661888979,219.0393165369098,26.371082035357645,29.841688571393465,237.37754810939663,3.477759965959527,1.7931541905525448,2.0291449870434737,5.548042036746175,66.64342425241959,1.8662829933972236,2.111898017698939,67.84145645414092
VoltGuard risk-cost candidate screening,0.15,1,3,120.0,0.0,0.0,120.0,9.0,0.0,0.0,9.0,120.0,0.0,0.0,120.0,960.0,0.0,0.0,960.0,0.8888888888888888,0.0,0.0,0.8888888888888888,0.8277777777777778,0.055486067653994914,0.0627883963487632,0.875,0.8277777777777778,0.055486067653994914,0.0627883963487632,0.875,49.666666666666664,3.214550253664318,3.6376060503822805,52.0,49.666666666666664,3.214550253664318,3.6376060503822805,52.0,0.0,0.0,0.0,0.0,381.3333333333333,34.19551627528576,38.69586943216435,404.0,381.3333333333333,34.19551627528576,38.69586943216435,404.0,0.0,0.0,0.0,0.0,69.43384185042557,2.8540875899996974,3.2297041472191075,71.91784302032798,58.96208965203427,0.8418803195251168,0.9526772650424177,59.69903230198919,10.471752198391286,2.8580366560288137,3.234172936115625,12.218810718338787,219.72665890486337,26.374777651029934,29.84587055421177,237.37754810939663,2.790417598005978,1.1599550666851992,1.3126127251971973,4.076386566187064,66.64342425241959,1.8662829933972236,2.111898017698939,67.84145645414092
VoltGuard risk-cost candidate screening,0.2,1,3,120.0,0.0,0.0,120.0,9.0,0.0,0.0,9.0,120.0,0.0,0.0,120.0,960.0,0.0,0.0,960.0,0.8888888888888888,0.0,0.0,0.8888888888888888,0.8472222222222222,0.06254627916220942,0.07077777777777775,0.8833333333333333,0.8472222222222222,0.06254627916220942,0.07077777777777775,0.8833333333333333,49.666666666666664,3.214550253664318,3.6376060503822805,52.0,49.666666666666664,3.214550253664318,3.6376060503822805,52.0,0.0,0.0,0.0,0.0,381.3333333333333,34.19551627528576,38.69586943216435,404.0,381.3333333333333,34.19551627528576,38.69586943216435,404.0,0.0,0.0,0.0,0.0,68.39178285428808,2.718195260765824,3.0759275004057027,71.27707410055434,58.96208965203427,0.8418803195251168,0.9526772650424177,59.69903230198919,9.429693202253807,2.466346223676224,2.790933486062398,11.578041798565152,220.0822143545266,26.714130887928878,30.229884892252763,238.24048740197375,2.4348621483427353,1.249767449435767,1.4142450037780971,3.8726595097744365,65.95692070594535,1.7196004861039471,1.9459111349594216,67.40441459077991
VoltGuard risk-cost candidate screening,0.3,1,3,120.0,0.0,0.0,120.0,9.0,0.0,0.0,9.0,120.0,0.0,0.0,120.0,960.0,0.0,0.0,960.0,0.8888888888888888,0.0,0.0,0.8888888888888888,0.9027777777777778,0.03154949081000151,0.03570160974342199,0.925,0.9027777777777778,0.03154949081000151,0.03570160974342199,0.925,49.666666666666664,3.214550253664318,3.6376060503822805,52.0,49.666666666666664,3.214550253664318,3.6376060503822805,52.0,0.0,0.0,0.0,0.0,381.3333333333333,34.19551627528576,38.69586943216435,404.0,381.3333333333333,34.19551627528576,38.69586943216435,404.0,0.0,0.0,0.0,0.0,66.17009977142779,1.7171325536076634,1.9431184064369218,67.7544930575771,58.96208965203427,0.8418803195251168,0.9526772650424177,59.69903230198919,7.208010119393516,1.743429036575294,1.9728756782163217,8.365713070293737,222.30389743738692,27.22454124123232,30.807468579811516,239.84934000057135,0.21317906548244034,0.1870900147066089,0.21171228189296135,0.3500784667971829,65.95692070594535,1.7196004861039471,1.9459111349594216,67.40441459077991
VoltGuard risk-cost candidate screening,0.5,1,3,120.0,0.0,0.0,120.0,9.0,0.0,0.0,9.0,120.0,0.0,0.0,120.0,960.0,0.0,0.0,960.0,0.8888888888888888,0.0,0.0,0.8888888888888888,0.9555555555555556,0.034694433324435545,0.039260447221719,0.9833333333333333,0.9555555555555556,0.034694433324435545,0.039260447221719,0.9833333333333333,50.333333333333336,4.041451884327381,4.573333333333334,54.0,49.666666666666664,3.214550253664318,3.6376060503822805,52.0,0.6666666666666666,1.1547005383792517,1.3066666666666669,2.0,382.3333333333333,35.21836642056717,39.85333333333334,407.0,381.3333333333333,34.19551627528576,38.69586943216435,404.0,1.0,1.7320508075688772,1.96,3.0,60.30671300871378,0.24373788002617994,0.2758153760638544,60.54667769343119,58.96208965203427,0.8418803195251168,0.9526772650424177,59.69903230198919,1.3446233566795034,1.0136900538154987,1.1470982818726398,2.502103190136907,222.4003836806036,27.057816859241782,30.618802180839,239.84934000057135,0.11669282226572764,0.20211789704284502,0.22871793164082616,0.3500784667971829,60.190020186448045,0.31253260794849635,0.3536639392460163,60.54667769343119
VoltGuard risk-cost candidate screening,0.8,1,3,120.0,0.0,0.0,120.0,9.0,0.0,0.0,9.0,120.0,0.0,0.0,120.0,960.0,0.0,0.0,960.0,0.8888888888888888,0.0,0.0,0.8888888888888888,0.9,0.022047927592204947,0.02494957878364849,0.925,0.9,0.022047927592204947,0.02494957878364849,0.925,58.666666666666664,2.0816659994661326,2.35562683330314,61.0,49.666666666666664,3.214550253664318,3.6376060503822805,52.0,9.0,2.6457513110645907,2.9939494540378155,11.0,410.0,29.866369046136157,33.7969781686667,432.0,381.3333333333333,34.19551627528576,38.69586943216435,404.0,28.666666666666668,9.237604307034012,10.453333333333333,34.0,54.24522932197967,1.697550177953708,1.9209588623207623,55.94030731907279,58.96208965203427,0.8418803195251168,0.9526772650424177,59.69903230198919,-4.716860330054608,0.8835080835234823,0.9997835145128461,-3.758724982916405,222.51707650286934,27.1471830486408,30.719929544110713,239.84934000057135,0.0,0.0,0.0,0.0,54.24522932197967,1.697550177953708,1.9209588623207623,55.94030731907279
VoltGuard risk-cost candidate screening,1.0,1,3,120.0,0.0,0.0,120.0,9.0,0.0,0.0,9.0,120.0,0.0,0.0,120.0,960.0,0.0,0.0,960.0,0.8888888888888888,0.0,0.0,0.8888888888888888,0.8388888888888889,0.024056261216234453,0.027222222222222276,0.8666666666666667,0.8388888888888889,0.024056261216234453,0.027222222222222276,0.8666666666666667,61.0,2.6457513110645907,2.9939494540378155,64.0,49.666666666666664,3.214550253664318,3.6376060503822805,52.0,11.333333333333334,3.7859388972001824,4.28419316921064,14.0,443.6666666666667,37.072002014098636,41.950919470786864,473.0,381.3333333333333,34.19551627528576,38.69586943216435,404.0,62.333333333333336,11.676186592091328,13.212848965222367,75.0,50.1017511055586,1.4060902367972004,1.591140890370746,51.71653865580183,58.96208965203427,0.8418803195251168,0.9526772650424177,59.69903230198919,-8.86033854647568,0.8602752224553495,0.973493057273052,-7.982493646187365,222.51707650286934,27.1471830486408,30.719929544110713,239.84934000057135,0.0,0.0,0.0,0.0,50.1017511055586,1.4060902367972004,1.591140890370746,51.71653865580183
VoltGuard risk-cost candidate screening,1.5,1,3,120.0,0.0,0.0,120.0,9.0,0.0,0.0,9.0,120.0,0.0,0.0,120.0,960.0,0.0,0.0,960.0,0.8888888888888888,0.0,0.0,0.8888888888888888,0.4777777777777777,0.020971762320196537,0.02373178313705479,0.5,0.4777777777777777,0.020971762320196537,0.02373178313705479,0.5,74.0,1.0,1.1316065276116665,75.0,49.666666666666664,3.214550253664318,3.6376060503822805,52.0,24.333333333333332,2.5166114784235836,2.8478139764465737,27.0,703.6666666666666,68.50060826980541,77.51573546348152,772.0,381.3333333333333,34.19551627528576,38.69586943216435,404.0,322.3333333333333,44.881324995295465,50.788000332536996,374.0,14.618758072282418,1.5274593746900986,1.72848299906095,16.087616670718763,58.96208965203427,0.8418803195251168,0.9526772650424177,59.69903230198919,-44.34333157975186,1.5318934652665228,1.733500644901253,-43.314684996350806,222.51707650286934,27.1471830486408,30.719929544110713,239.84934000057135,0.0,0.0,0.0,0.0,14.618758072282418,1.5274593746900986,1.72848299906095,16.087616670718763
VoltGuard risk-cost candidate screening,2.0,1,3,120.0,0.0,0.0,120.0,9.0,0.0,0.0,9.0,120.0,0.0,0.0,120.0,960.0,0.0,0.0,960.0,0.8888888888888888,0.0,0.0,0.8888888888888888,0.38055555555555554,0.01924500897298752,0.021777777777777774,0.39166666666666666,0.38055555555555554,0.01924500897298752,0.021777777777777774,0.39166666666666666,81.66666666666667,1.1547005383792517,1.3066666666666669,83.0,49.666666666666664,3.214550253664318,3.6376060503822805,52.0,32.0,3.0,3.394819582835,35.0,796.6666666666666,70.94598884597588,80.28294408597078,860.0,381.3333333333333,34.19551627528576,38.69586943216435,404.0,415.3333333333333,42.77070648625451,48.39961065040825,462.0,5.041902889221829,0.493230180151781,0.5581424914748336,5.440628743944897,58.96208965203427,0.8418803195251168,0.9526772650424177,59.69903230198919,-53.92018676281244,1.14229804564691,1.292631924932093,-52.603945759349386,222.51707650286934,27.1471830486408,30.719929544110713,239.84934000057135,0.0,0.0,0.0,0.0,5.041902889221829,0.493230180151781,0.5581424914748336,5.440628743944897
VoltGuard risk-cost candidate screening,3.0,1,3,120.0,0.0,0.0,120.0,9.0,0.0,0.0,9.0,120.0,0.0,0.0,120.0,960.0,0.0,0.0,960.0,0.8888888888888888,0.0,0.0,0.8888888888888888,0.28055555555555556,0.012729376930432898,0.014404646026907227,0.2916666666666667,0.28055555555555556,0.012729376930432898,0.014404646026907227,0.2916666666666667,92.0,1.0,1.1316065276116665,93.0,49.666666666666664,3.214550253664318,3.6376060503822805,52.0,42.333333333333336,4.163331998932266,4.7112536666062805,47.0,862.0,62.19324722186485,70.37828452962842,916.0,381.3333333333333,34.19551627528576,38.69586943216435,404.0,480.6666666666667,33.84277372399215,38.29670365855411,518.0,0.08715398979454249,0.15095513840648703,0.1708218199973033,0.2614619693836275,58.96208965203427,0.8418803195251168,0.9526772650424177,59.69903230198919,-58.87493566223973,0.8272466893654918,0.9361177536311313,-58.044574503294285,222.51707650286934,27.1471830486408,30.719929544110713,239.84934000057135,0.0,0.0,0.0,0.0,0.08715398979454249,0.15095513840648703,0.1708218199973033,0.2614619693836275
VoltGuard risk-cost candidate screening,5.0,1,3,120.0,0.0,0.0,120.0,9.0,0.0,0.0,9.0,120.0,0.0,0.0,120.0,960.0,0.0,0.0,960.0,0.8888888888888888,0.0,0.0,0.8888888888888888,0.2777777777777778,0.017347216662217765,0.01963022361085949,0.2916666666666667,0.2777777777777778,0.017347216662217765,0.01963022361085949,0.2916666666666667,92.33333333333333,1.1547005383792517,1.3066666666666669,93.0,49.666666666666664,3.214550253664318,3.6376060503822805,52.0,42.666666666666664,4.041451884327381,4.573333333333334,47.0,863.6666666666666,64.39202849214593,72.86643976786874,921.0,381.3333333333333,34.19551627528576,38.69586943216435,404.0,482.3333333333333,36.610563138708116,41.42875222730117,523.0,0.0,0.0,0.0,0.0,58.96208965203427,0.8418803195251168,0.9526772650424177,59.69903230198919,-58.96208965203427,0.8418803195251168,0.9526772650424177,-58.044574503294285,222.51707650286934,27.1471830486408,30.719929544110713,239.84934000057135,0.0,0.0,0.0,0.0,0.0,0.0,0.0,0.0
VoltGuard risk-cost candidate screening,0.0,2,3,120.0,0.0,0.0,120.0,9.0,0.0,0.0,9.0,240.0,0.0,0.0,240.0,840.0,0.0,0.0,840.0,0.7777777777777778,0.0,0.0,0.7777777777777778,0.8111111111111112,0.08347210667398176,0.09445758078577512,0.875,0.8111111111111112,0.08347210667398176,0.09445758078577512,0.875,49.666666666666664,3.214550253664318,3.6376060503822805,52.0,49.666666666666664,3.214550253664318,3.6376060503822805,52.0,0.0,0.0,0.0,0.0,381.3333333333333,34.19551627528576,38.69586943216435,404.0,381.3333333333333,34.19551627528576,38.69586943216435,404.0,0.0,0.0,0.0,0.0,70.79315541046743,4.425738171001961,5.008194203805937,75.37905601338755,58.96208965203427,0.8418803195251168,0.9526772650424177,59.69903230198919,11.831065758433164,4.167876149567411,4.71639585712746,15.680023711398363,219.15095794876535,26.164614865085923,29.608048973776473,237.41712999013595,3.366118554103986,1.9542133734058615,2.211400609692088,5.612064403446572,67.42703685636347,2.6866499255674,3.040230593179468,69.76699160994099
VoltGuard risk-cost candidate screening,0.02,2,3,120.0,0.0,0.0,120.0,9.0,0.0,0.0,9.0,240.0,0.0,0.0,240.0,840.0,0.0,0.0,840.0,0.7777777777777778,0.0,0.0,0.7777777777777778,0.813888888888889,0.07876359377087683,0.08912939684927781,0.875,0.813888888888889,0.07876359377087683,0.08912939684927781,0.875,49.666666666666664,3.214550253664318,3.6376060503822805,52.0,49.666666666666664,3.214550253664318,3.6376060503822805,52.0,0.0,0.0,0.0,0.0,381.3333333333333,34.19551627528576,38.69586943216435,404.0,381.3333333333333,34.19551627528576,38.69586943216435,404.0,0.0,0.0,0.0,0.0,70.6143178579746,4.1500256926197014,4.696196163524582,74.84254335590903,58.96208965203427,0.8418803195251168,0.9526772650424177,59.69903230198919,11.652228205940323,3.924554184720768,4.441051133395703,15.143511053919838,219.3297955012582,26.286202917319816,29.745638807363935,237.41712999013595,3.1872810016111472,1.6461835083488017,1.8628320036941781,5.075551745968056,67.42703685636347,2.6866499255674,3.040230593179468,69.76699160994099
VoltGuard risk-cost candidate screening,0.05,2,3,120.0,0.0,0.0,120.0,9.0,0.0,0.0,9.0,240.0,0.0,0.0,240.0,840.0,0.0,0.0,840.0,0.7777777777777778,0.0,0.0,0.7777777777777778,0.8277777777777778,0.06938886664887108,0.07852089444343799,0.8833333333333333,0.8277777777777778,0.06938886664887108,0.07852089444343799,0.8833333333333333,49.666666666666664,3.214550253664318,3.6376060503822805,52.0,49.666666666666664,3.214550253664318,3.6376060503822805,52.0,0.0,0.0,0.0,0.0,381.3333333333333,34.19551627528576,38.69586943216435,404.0,381.3333333333333,34.19551627528576,38.69586943216435,404.0,0.0,0.0,0.0,0.0,69.81853511654224,3.44109579467993,3.8939664633968643,73.06932203308291,58.96208965203427,0.8418803195251168,0.9526772650424177,59.69903230198919,10.856445464507951,3.336056356032655,3.775103148966942,13.37028973109372,219.7015269008483,26.30736776705885,29.769589089484548,237.69847129054108,2.815549602021008,1.538350447754214,1.7408074084329987,4.574484448668643,67.00298551452123,2.1864957317113323,2.474252842599591,68.49483758441426
VoltGuard risk-cost candidate screening,0.1,2,3,120.0,0.0,0.0,120.0,9.0,0.0,0.0,9.0,240.0,0.0,0.0,240.0,840.0,0.0,0.0,840.0,0.7777777777777778,0.0,0.0,0.7777777777777778,0.8666666666666667,0.05833333333333331,0.0660103807773472,0.9083333333333333,0.8666666666666667,0.05833333333333331,0.0660103807773472,0.9083333333333333,49.666666666666664,3.214550253664318,3.6376060503822805,52.0,49.666666666666664,3.214550253664318,3.6376060503822805,52.0,0.0,0.0,0.0,0.0,381.3333333333333,34.19551627528576,38.69586943216435,404.0,381.3333333333333,34.19551627528576,38.69586943216435,404.0,0.0,0.0,0.0,0.0,67.7727944627834,2.3774408101307336,2.690327539754307,70.30578330848364,58.96208965203427,0.8418803195251168,0.9526772650424177,59.69903230198919,8.81070481074912,2.1371757129461897,2.4184419874230256,10.606751006494449,220.7012027460313,26.978981274176714,30.52959131817129,238.83670305476696,1.81587375683805,0.9754891972264292,1.1038699431960917,2.901368717703734,65.95692070594535,1.7196004861039471,1.9459111349594216,67.40441459077991
VoltGuard risk-cost candidate screening,0.15,2,3,120.0,0.0,0.0,120.0,9.0,0.0,0.0,9.0,240.0,0.0,0.0,240.0,840.0,0.0,0.0,840.0,0.7777777777777778,0.0,0.0,0.7777777777777778,0.9111111111111111,0.04194352464039301,0.04746356627410951,0.95,0.9111111111111111,0.04194352464039301,0.04746356627410951,0.95,49.666666666666664,3.214550253664318,3.6376060503822805,52.0,49.666666666666664,3.214550253664318,3.6376060503822805,52.0,0.0,0.0,0.0,0.0,381.3333333333333,34.19551627528576,38.69586943216435,404.0,381.3333333333333,34.19551627528576,38.69586943216435,404.0,0.0,0.0,0.0,0.0,66.17235942629385,2.00793576821278,2.2721932223345283,68.05073075182541,58.96208965203427,0.8418803195251168,0.9526772650424177,59.69903230198919,7.210269774259577,1.9891618191778955,2.250948499057604,8.365713070293737,222.30163778252083,26.98314629066376,30.534304478015642,239.84934000057135,0.21543872034849912,0.37315080956122343,0.4222598918830583,0.6463161610454974,65.95692070594535,1.7196004861039471,1.9459111349594216,67.40441459077991
VoltGuard risk-cost candidate screening,0.2,2,3,120.0,0.0,0.0,120.0,9.0,0.0,0.0,9.0,240.0,0.0,0.0,240.0,840.0,0.0,0.0,840.0,0.7777777777777778,0.0,0.0,0.7777777777777778,0.9166666666666666,0.033333333333333326,0.03772021758705554,0.95,0.9166666666666666,0.033333333333333326,0.03772021758705554,0.95,49.666666666666664,3.214550253664318,3.6376060503822805,52.0,49.666666666666664,3.214550253664318,3.6376060503822805,52.0,0.0,0.0,0.0,0.0,381.3333333333333,34.19551627528576,38.69586943216435,404.0,381.3333333333333,34.19551627528576,38.69586943216435,404.0,0.0,0.0,0.0,0.0,65.07776803819807,2.4062261017116247,2.7229011636064486,67.30311690927071,58.96208965203427,0.8418803195251168,0.9526772650424177,59.69903230198919,6.115678386163798,2.3708302565722987,2.6828469941964554,7.604084607281521,222.4203299261362,27.073006161126393,30.635990494001494,239.84934000057135,0.09674657673314034,0.16756998636016007,0.18962329039695508,0.290239730199421,64.98102146146493,2.27422934132584,2.5735327679303017,67.0128771790713
VoltGuard risk-cost candidate screening,0.3,2,3,120.0,0.0,0.0,120.0,9.0,0.0,0.0,9.0,240.0,0.0,0.0,240.0,840.0,0.0,0.0,840.0,0.7777777777777778,0.0,0.0,0.7777777777777778,0.9361111111111112,0.012729376930432844,0.014404646026907166,0.95,0.9361111111111112,0.012729376930432844,0.014404646026907166,0.95,49.666666666666664,3.214550253664318,3.6376060503822805,52.0,49.666666666666664,3.214550253664318,3.6376060503822805,52.0,0.0,0.0,0.0,0.0,381.3333333333333,34.19551627528576,38.69586943216435,404.0,381.3333333333333,34.19551627528576,38.69586943216435,404.0,0.0,0.0,0.0,0.0,63.26078479258018,1.0878033684041288,1.2309653924440707,64.17502252891379,58.96208965203427,0.8418803195251168,0.9526772650424177,59.69903230198919,4.298695140545912,1.3040656679997809,1.4756892223428202,5.50504261885866,222.50058441789477,27.13447951787492,30.705554145772325,239.84934000057135,0.016492084974564,0.02856512909868813,0.03232448655014545,0.049476254923692,63.24429270760562,1.0671921455895819,1.207641598165071,64.1255462739901
VoltGuard risk-cost candidate screening,0.5,2,3,120.0,0.0,0.0,120.0,9.0,0.0,0.0,9.0,240.0,0.0,0.0,240.0,840.0,0.0,0.0,840.0,0.7777777777777778,0.0,0.0,0.7777777777777778,0.9916666666666667,0.014433756729740658,0.01633333333333335,1.0,0.9916666666666667,0.014433756729740658,0.01633333333333335,1.0,49.666666666666664,3.214550253664318,3.6376060503822805,52.0,49.666666666666664,3.214550253664318,3.6376060503822805,52.0,0.0,0.0,0.0,0.0,381.3333333333333,34.19551627528576,38.69586943216435,404.0,381.3333333333333,34.19551627528576,38.69586943216435,404.0,0.0,0.0,0.0,0.0,59.45238868593151,0.28349872536841286,0.3208090081964831,59.69903230198919,58.96208965203427,0.8418803195251168,0.9526772650424177,59.69903230198919,0.4902990338972373,0.8492228376119502,0.9609861064385851,1.4708971016917118,222.51707650286934,27.1471830486408,30.719929544110713,239.84934000057135,0.0,0.0,0.0,0.0,59.45238868593151,0.28349872536841286,0.3208090081964831,59.69903230198919
VoltGuard risk-cost candidate screening,0.8,2,3,120.0,0.0,0.0,120.0,9.0,0.0,0.0,9.0,240.0,0.0,0.0,240.0,840.0,0.0,0.0,840.0,0.7777777777777778,0.0,0.0,0.7777777777777778,0.9861111111111112,0.009622504486493794,0.010888888888888924,0.9916666666666667,0.9861111111111112,0.009622504486493794,0.010888888888888924,0.9916666666666667,50.333333333333336,2.8867513459481287,3.2666666666666666,52.0,49.666666666666664,3.214550253664318,3.6376060503822805,52.0,0.6666666666666666,0.5773502691896258,0.6533333333333334,1.0,384.0,32.96968304366907,37.3087085455036,405.0,381.3333333333333,34.19551627528576,38.69586943216435,404.0,2.6666666666666665,1.5275252316519465,1.7285575232288657,4.0,58.329933750122734,0.7060503563212106,0.7989711920356249,58.77158911855894,58.96208965203427,0.8418803195251168,0.9526772650424177,59.69903230198919,-0.6321559019115384,0.32521394648227686,0.36801422470969564,-0.371073032260405,222.51707650286934,27.1471830486408,30.719929544110713,239.84934000057135,0.0,0.0,0.0,0.0,58.329933750122734,0.7060503563212106,0.7989711920356249,58.77158911855894
VoltGuard risk-cost candidate screening,1.0,2,3,120.0,0.0,0.0,120.0,9.0,0.0,0.0,9.0,240.0,0.0,0.0,240.0,840.0,0.0,0.0,840.0,0.7777777777777778,0.0,0.0,0.7777777777777778,0.9527777777777778,0.004811252243246928,0.005444444444444498,0.9583333333333334,0.9527777777777778,0.004811252243246928,0.005444444444444498,0.9583333333333334,53.333333333333336,2.8867513459481287,3.2666666666666666,55.0,49.666666666666664,3.214550253664318,3.6376060503822805,52.0,3.6666666666666665,0.5773502691896258,0.6533333333333334,4.0,394.6666666666667,34.78984526170436,39.36841599274445,420.0,381.3333333333333,34.19551627528576,38.69586943216435,404.0,13.333333333333334,2.516611478423583,2.8478139764465733,16.0,56.956040475429575,0.4247394644576712,0.48063795051458413,57.4011784804984,58.96208965203427,0.8418803195251168,0.9526772650424177,59.69903230198919,-2.0060491766047,0.6881847136668245,0.7787543141879444,-1.4894081901682625,222.51707650286934,27.1471830486408,30.719929544110713,239.84934000057135,0.0,0.0,0.0,0.0,56.956040475429575,0.4247394644576712,0.48063795051458413,57.4011784804984
VoltGuard risk-cost candidate screening,1.5,2,3,120.0,0.0,0.0,120.0,9.0,0.0,0.0,9.0,240.0,0.0,0.0,240.0,840.0,0.0,0.0,840.0,0.7777777777777778,0.0,0.0,0.7777777777777778,0.6499999999999999,0.0381881307912987,0.04321393808072169,0.6833333333333333,0.6499999999999999,0.0381881307912987,0.04321393808072169,0.6833333333333333,66.66666666666667,1.5275252316519468,1.728557523228866,68.0,49.666666666666664,3.214550253664318,3.6376060503822805,52.0,17.0,2.0,2.263213055223333,19.0,547.6666666666666,59.61822987420319,67.4643780903012,605.0,381.3333333333333,34.19551627528576,38.69586943216435,404.0,166.33333333333334,35.27510926040249,39.91754390128621,207.0,35.73831873593538,3.4022483848734546,3.850006480879051,38.09458909616148,58.96208965203427,0.8418803195251168,0.9526772650424177,59.69903230198919,-23.223770916098896,3.5593258966388395,4.027756418533759,-20.762023124323505,222.51707650286934,27.1471830486408,30.719929544110713,239.84934000057135,0.0,0.0,0.0,0.0,35.73831873593538,3.4022483848734546,3.850006480879051,38.09458909616148
VoltGuard risk-cost candidate screening,2.0,2,3,120.0,0.0,0.0,120.0,9.0,0.0,0.0,9.0,240.0,0.0,0.0,240.0,840.0,0.0,0.0,840.0,0.7777777777777778,0.0,0.0,0.7777777777777778,0.49444444444444446,0.03367876570272819,0.03811111111111114,0.525,0.49444444444444446,0.03367876570272819,0.03811111111111114,0.525,71.33333333333333,1.1547005383792517,1.3066666666666669,72.0,49.666666666666664,3.214550253664318,3.6376060503822805,52.0,21.666666666666668,2.081665999466133,2.3556268333031403,24.0,652.6666666666666,76.25177593560254,86.28700739071002,722.0,381.3333333333333,34.19551627528576,38.69586943216435,404.0,271.3333333333333,48.33563212924119,54.69691683368553,324.0,21.44007374023575,4.35672205233258,4.930095113409244,25.638480220465656,58.96208965203427,0.8418803195251168,0.9526772650424177,59.69903230198919,-37.522015911798526,4.912487161412018,5.559002538662345,-32.40609428282863,222.51707650286934,27.1471830486408,30.719929544110713,239.84934000057135,0.0,0.0,0.0,0.0,21.44007374023575,4.35672205233258,4.930095113409244,25.638480220465656
VoltGuard risk-cost candidate screening,3.0,2,3,120.0,0.0,0.0,120.0,9.0,0.0,0.0,9.0,240.0,0.0,0.0,240.0,840.0,0.0,0.0,840.0,0.7777777777777778,0.0,0.0,0.7777777777777778,0.4361111111111111,0.01924500897298752,0.021777777777777774,0.4583333333333333,0.4361111111111111,0.01924500897298752,0.021777777777777774,0.4583333333333333,75.0,2.0,2.263213055223333,77.0,49.666666666666664,3.214550253664318,3.6376060503822805,52.0,25.333333333333332,1.5275252316519465,1.7285575232288657,27.0,720.3333333333334,81.94103571064582,92.7250108894275,792.0,381.3333333333333,34.19551627528576,38.69586943216435,404.0,339.0,52.67826876426369,59.61107279692256,394.0,13.56320740668614,1.7182550907862641,1.944388676835713,15.152738870984294,58.96208965203427,0.8418803195251168,0.9526772650424177,59.69903230198919,-45.398882245348126,2.297099268319512,2.599412526602343,-42.89183563230999,222.51707650286934,27.1471830486408,30.719929544110713,239.84934000057135,0.0,0.0,0.0,0.0,13.56320740668614,1.7182550907862641,1.944388676835713,15.152738870984294
VoltGuard risk-cost candidate screening,5.0,2,3,120.0,0.0,0.0,120.0,9.0,0.0,0.0,9.0,240.0,0.0,0.0,240.0,840.0,0.0,0.0,840.0,0.7777777777777778,0.0,0.0,0.7777777777777778,0.39444444444444443,0.025458753860865803,0.02880929205381446,0.4166666666666667,0.39444444444444443,0.025458753860865803,0.02880929205381446,0.4166666666666667,79.33333333333333,1.5275252316519468,1.728557523228866,81.0,49.666666666666664,3.214550253664318,3.6376060503822805,52.0,29.666666666666668,2.5166114784235836,2.8478139764465737,32.0,772.0,83.45058418010026,94.43322579120833,850.0,381.3333333333333,34.19551627528576,38.69586943216435,404.0,390.6666666666667,56.08327142146162,63.4641960303428,452.0,9.059986263373125,2.0736806250672117,2.3465905315078976,10.376880773444594,58.96208965203427,0.8418803195251168,0.9526772650424177,59.69903230198919,-49.902103388661146,2.420276816466388,2.738801044140548,-47.66769372984969,222.51707650286934,27.1471830486408,30.719929544110713,239.84934000057135,0.0,0.0,0.0,0.0,9.059986263373125,2.0736806250672117,2.3465905315078976,10.376880773444594
VoltGuard risk-cost candidate screening,0.0,3,3,120.0,0.0,0.0,120.0,9.0,0.0,0.0,9.0,360.0,0.0,0.0,360.0,720.0,0.0,0.0,720.0,0.6666666666666666,0.0,0.0,0.6666666666666666,0.8416666666666667,0.06821127309893706,0.07718832189545924,0.9,0.8416666666666667,0.06821127309893706,0.07718832189545924,0.9,49.666666666666664,3.214550253664318,3.6376060503822805,52.0,49.666666666666664,3.214550253664318,3.6376060503822805,52.0,0.0,0.0,0.0,0.0,381.3333333333333,34.19551627528576,38.69586943216435,404.0,381.3333333333333,34.19551627528576,38.69586943216435,404.0,0.0,0.0,0.0,0.0,69.70856863608975,3.9168046314939144,4.432281688378122,73.82421120469981,58.96208965203427,0.8418803195251168,0.9526772650424177,59.69903230198919,10.74647898405548,3.6447166399625885,4.124385141076526,14.125178902710616,220.1408150253579,26.562312718437287,30.058086460646024,238.5955798631573,2.3762614775114557,1.7076101547104476,1.9323427976863103,4.3414086881142975,67.3323071585783,2.5651548392965826,2.9027459604826684,69.48280251658551
VoltGuard risk-cost candidate screening,0.02,3,3,120.0,0.0,0.0,120.0,9.0,0.0,0.0,9.0,360.0,0.0,0.0,360.0,720.0,0.0,0.0,720.0,0.6666666666666666,0.0,0.0,0.6666666666666666,0.8416666666666667,0.06821127309893706,0.07718832189545924,0.9,0.8416666666666667,0.06821127309893706,0.07718832189545924,0.9,49.666666666666664,3.214550253664318,3.6376060503822805,52.0,49.666666666666664,3.214550253664318,3.6376060503822805,52.0,0.0,0.0,0.0,0.0,381.3333333333333,34.19551627528576,38.69586943216435,404.0,381.3333333333333,34.19551627528576,38.69586943216435,404.0,0.0,0.0,0.0,0.0,69.70856863608975,3.9168046314939144,4.432281688378122,73.82421120469981,58.96208965203427,0.8418803195251168,0.9526772650424177,59.69903230198919,10.74647898405548,3.6447166399625885,4.124385141076526,14.125178902710616,220.1408150253579,26.562312718437287,30.058086460646024,238.5955798631573,2.3762614775114557,1.7076101547104476,1.9323427976863103,4.3414086881142975,67.3323071585783,2.5651548392965826,2.9027459604826684,69.48280251658551
VoltGuard risk-cost candidate screening,0.05,3,3,120.0,0.0,0.0,120.0,9.0,0.0,0.0,9.0,360.0,0.0,0.0,360.0,720.0,0.0,0.0,720.0,0.6666666666666666,0.0,0.0,0.6666666666666666,0.8583333333333334,0.06009252125773318,0.0680010893158937,0.9083333333333333,0.8583333333333334,0.06009252125773318,0.0680010893158937,0.9083333333333333,49.666666666666664,3.214550253664318,3.6376060503822805,52.0,49.666666666666664,3.214550253664318,3.6376060503822805,52.0,0.0,0.0,0.0,0.0,381.3333333333333,34.19551627528576,38.69586943216435,404.0,381.3333333333333,34.19551627528576,38.69586943216435,404.0,0.0,0.0,0.0,0.0,68.60467200200092,3.252179934653564,3.680188043021656,72.05098988187368,58.96208965203427,0.8418803195251168,0.9526772650424177,59.69903230198919,9.642582349966645,2.9823446575475385,3.374840682068575,12.351957579884484,220.39289798899733,26.764448425184167,30.286824545864192,238.85076145677624,2.124178513872008,1.5101249716165823,1.708867275390707,3.8403413908148836,66.48049348812891,2.162560632418614,2.447167728000917,68.2106484910588
VoltGuard risk-cost candidate screening,0.1,3,3,120.0,0.0,0.0,120.0,9.0,0.0,0.0,9.0,360.0,0.0,0.0,360.0,720.0,0.0,0.0,720.0,0.6666666666666666,0.0,0.0,0.6666666666666666,0.9249999999999999,0.022047927592204905,0.02494957878364844,0.95,0.9249999999999999,0.022047927592204905,0.02494957878364844,0.95,49.666666666666664,3.214550253664318,3.6376060503822805,52.0,49.666666666666664,3.214550253664318,3.6376060503822805,52.0,0.0,0.0,0.0,0.0,381.3333333333333,34.19551627528576,38.69586943216435,404.0,381.3333333333333,34.19551627528576,38.69586943216435,404.0,0.0,0.0,0.0,0.0,65.97341279091991,1.7405339338421164,1.9695995610653516,67.4538908457036,58.96208965203427,0.8418803195251168,0.9526772650424177,59.69903230198919,7.011323138885639,1.8423500890110533,2.084815386870843,8.365713070293737,222.50058441789477,27.13447951787492,30.705554145772325,239.84934000057135,0.016492084974564,0.02856512909868813,0.03232448655014545,0.049476254923692,65.95692070594535,1.7196004861039471,1.9459111349594216,67.40441459077991
VoltGuard risk-cost candidate screening,0.15,3,3,120.0,0.0,0.0,120.0,9.0,0.0,0.0,9.0,360.0,0.0,0.0,360.0,720.0,0.0,0.0,720.0,0.6666666666666666,0.0,0.0,0.6666666666666666,0.9305555555555555,0.017347216662217755,0.01963022361085948,0.95,0.9305555555555555,0.017347216662217755,0.01963022361085948,0.95,49.666666666666664,3.214550253664318,3.6376060503822805,52.0,49.666666666666664,3.214550253664318,3.6376060503822805,52.0,0.0,0.0,0.0,0.0,381.3333333333333,34.19551627528576,38.69586943216435,404.0,381.3333333333333,34.19551627528576,38.69586943216435,404.0,0.0,0.0,0.0,0.0,64.98102146146493,2.27422934132584,2.5735327679303017,67.0128771790713,58.96208965203427,0.8418803195251168,0.9526772650424177,59.69903230198919,6.018931809430659,2.2840580521876133,2.5846550012994918,7.361279611760182,222.51707650286934,27.1471830486408,30.719929544110713,239.84934000057135,0.0,0.0,0.0,0.0,64.98102146146493,2.27422934132584,2.5735327679303017,67.0128771790713
VoltGuard risk-cost candidate screening,0.2,3,3,120.0,0.0,0.0,120.0,9.0,0.0,0.0,9.0,360.0,0.0,0.0,360.0,720.0,0.0,0.0,720.0,0.6666666666666666,0.0,0.0,0.6666666666666666,0.9444444444444443,0.017347216662217755,0.01963022361085948,0.9583333333333334,0.9444444444444443,0.017347216662217755,0.01963022361085948,0.9583333333333334,49.666666666666664,3.214550253664318,3.6376060503822805,52.0,49.666666666666664,3.214550253664318,3.6376060503822805,52.0,0.0,0.0,0.0,0.0,381.3333333333333,34.19551627528576,38.69586943216435,404.0,381.3333333333333,34.19551627528576,38.69586943216435,404.0,0.0,0.0,0.0,0.0,63.021896658460065,1.2998439953311587,1.4709119499935677,64.08303572675246,58.96208965203427,0.8418803195251168,0.9526772650424177,59.69903230198919,4.059807006425788,1.4949290568149651,1.6916714790081666,5.366036211924005,222.51707650286934,27.1471830486408,30.719929544110713,239.84934000057135,0.0,0.0,0.0,0.0,63.021896658460065,1.2998439953311587,1.4709119499935677,64.08303572675246
VoltGuard risk-cost candidate screening,0.3,3,3,120.0,0.0,0.0,120.0,9.0,0.0,0.0,9.0,360.0,0.0,0.0,360.0,720.0,0.0,0.0,720.0,0.6666666666666666,0.0,0.0,0.6666666666666666,0.9750000000000001,0.014433756729740658,0.01633333333333335,0.9916666666666667,0.9750000000000001,0.014433756729740658,0.01633333333333335,0.9916666666666667,49.666666666666664,3.214550253664318,3.6376060503822805,52.0,49.666666666666664,3.214550253664318,3.6376060503822805,52.0,0.0,0.0,0.0,0.0,381.3333333333333,34.19551627528576,38.69586943216435,404.0,381.3333333333333,34.19551627528576,38.69586943216435,404.0,0.0,0.0,0.0,0.0,60.42094069745077,1.086621729734269,1.2296282424119789,61.65541582394218,58.96208965203427,0.8418803195251168,0.9526772650424177,59.69903230198919,1.45885104541649,0.8592998758267096,0.9723893486613991,1.9563835219529864,222.51707650286934,27.1471830486408,30.719929544110713,239.84934000057135,0.0,0.0,0.0,0.0,60.42094069745077,1.086621729734269,1.2296282424119789,61.65541582394218
VoltGuard risk-cost candidate screening,0.5,3,3,120.0,0.0,0.0,120.0,9.0,0.0,0.0,9.0,360.0,0.0,0.0,360.0,720.0,0.0,0.0,720.0,0.6666666666666666,0.0,0.0,0.6666666666666666,0.9972222222222222,0.004811252243246865,0.005444444444444425,1.0,0.9972222222222222,0.004811252243246865,0.005444444444444425,1.0,49.666666666666664,3.214550253664318,3.6376060503822805,52.0,49.666666666666664,3.214550253664318,3.6376060503822805,52.0,0.0,0.0,0.0,0.0,381.3333333333333,34.19551627528576,38.69586943216435,404.0,381.3333333333333,34.19551627528576,38.69586943216435,404.0,0.0,0.0,0.0,0.0,59.10756579966577,0.6097726570584456,0.6900227190864473,59.69903230198919,58.96208965203427,0.8418803195251168,0.9526772650424177,59.69903230198919,0.14547614763149616,0.2519720789871421,0.28513324935773243,0.43642844289448846,222.51707650286934,27.1471830486408,30.719929544110713,239.84934000057135,0.0,0.0,0.0,0.0,59.10756579966577,0.6097726570584456,0.6900227190864473,59.69903230198919
VoltGuard risk-cost candidate screening,0.8,3,3,120.0,0.0,0.0,120.0,9.0,0.0,0.0,9.0,360.0,0.0,0.0,360.0,720.0,0.0,0.0,720.0,0.6666666666666666,0.0,0.0,0.6666666666666666,0.9972222222222222,0.004811252243246865,0.005444444444444425,1.0,0.9972222222222222,0.004811252243246865,0.005444444444444425,1.0,49.666666666666664,3.214550253664318,3.6376060503822805,52.0,49.666666666666664,3.214550253664318,3.6376060503822805,52.0,0.0,0.0,0.0,0.0,381.3333333333333,34.19551627528576,38.69586943216435,404.0,381.3333333333333,34.19551627528576,38.69586943216435,404.0,0.0,0.0,0.0,0.0,59.10756579966577,0.6097726570584456,0.6900227190864473,59.69903230198919,58.96208965203427,0.8418803195251168,0.9526772650424177,59.69903230198919,0.14547614763149616,0.2519720789871421,0.28513324935773243,0.43642844289448846,222.51707650286934,27.1471830486408,30.719929544110713,239.84934000057135,0.0,0.0,0.0,0.0,59.10756579966577,0.6097726570584456,0.6900227190864473,59.69903230198919
VoltGuard risk-cost candidate screening,1.0,3,3,120.0,0.0,0.0,120.0,9.0,0.0,0.0,9.0,360.0,0.0,0.0,360.0,720.0,0.0,0.0,720.0,0.6666666666666666,0.0,0.0,0.6666666666666666,0.9861111111111112,0.004811252243246928,0.005444444444444498,0.9916666666666667,0.9861111111111112,0.004811252243246928,0.005444444444444498,0.9916666666666667,50.666666666666664,3.214550253664318,3.6376060503822805,53.0,49.666666666666664,3.214550253664318,3.6376060503822805,52.0,1.0,0.0,0.0,1.0,384.0,34.87119154832539,39.460467981681795,408.0,381.3333333333333,34.19551627528576,38.69586943216435,404.0,2.6666666666666665,1.1547005383792515,1.3066666666666666,4.0,58.501976492483834,0.346190703930366,0.39175166036608,58.891683871364116,58.96208965203427,0.8418803195251168,0.9526772650424177,59.69903230198919,-0.4601131595504384,0.7716859530983091,0.8732448617922769,0.18545016343925624,222.51707650286934,27.1471830486408,30.719929544110713,239.84934000057135,0.0,0.0,0.0,0.0,58.501976492483834,0.346190703930366,0.39175166036608,58.891683871364116
VoltGuard risk-cost candidate screening,1.5,3,3,120.0,0.0,0.0,120.0,9.0,0.0,0.0,9.0,360.0,0.0,0.0,360.0,720.0,0.0,0.0,720.0,0.6666666666666666,0.0,0.0,0.6666666666666666,0.7722222222222221,0.04882887730901929,0.055255076298835415,0.8083333333333333,0.7722222222222221,0.04882887730901929,0.055255076298835415,0.8083333333333333,57.333333333333336,3.055050463303893,3.4571150464577314,60.0,49.666666666666664,3.214550253664318,3.6376060503822805,52.0,7.666666666666667,1.5275252316519465,1.7285575232288657,9.0,477.6666666666667,55.806212318462656,63.15067414085494,522.0,381.3333333333333,34.19551627528576,38.69586943216435,404.0,96.33333333333333,25.774664562964407,29.166778666451624,124.0,45.69459998068408,3.063481969582151,3.466656193999807,48.07791684565293,58.96208965203427,0.8418803195251168,0.9526772650424177,59.69903230198919,-13.26748967135019,3.480555949949963,3.9386198326810034,-9.966657657641356,222.51707650286934,27.1471830486408,30.719929544110713,239.84934000057135,0.0,0.0,0.0,0.0,45.69459998068408,3.063481969582151,3.466656193999807,48.07791684565293
VoltGuard risk-cost candidate screening,2.0,3,3,120.0,0.0,0.0,120.0,9.0,0.0,0.0,9.0,360.0,0.0,0.0,360.0,720.0,0.0,0.0,720.0,0.6666666666666666,0.0,0.0,0.6666666666666666,0.625,0.050689687752485175,0.057360781543309376,0.6583333333333333,0.625,0.050689687752485175,0.057360781543309376,0.6583333333333333,63.333333333333336,3.214550253664318,3.6376060503822805,67.0,49.666666666666664,3.214550253664318,3.6376060503822805,52.0,13.666666666666666,3.214550253664318,3.6376060503822805,16.0,565.3333333333334,64.25988899253821,72.71690984755732,626.0,381.3333333333333,34.19551627528576,38.69586943216435,404.0,184.0,38.57460304397182,43.65127260458737,228.0,33.77548055096333,3.9429761418409264,4.461897540324257,36.8366409839378,58.96208965203427,0.8418803195251168,0.9526772650424177,59.69903230198919,-25.186609101070946,4.3410731443753345,4.912386707014831,-21.207933519356487,222.51707650286934,27.1471830486408,30.719929544110713,239.84934000057135,0.0,0.0,0.0,0.0,33.77548055096333,3.9429761418409264,4.461897540324257,36.8366409839378
VoltGuard risk-cost candidate screening,3.0,3,3,120.0,0.0,0.0,120.0,9.0,0.0,0.0,9.0,360.0,0.0,0.0,360.0,720.0,0.0,0.0,720.0,0.6666666666666666,0.0,0.0,0.6666666666666666,0.46388888888888885,0.012729376930432874,0.014404646026907199,0.475,0.46388888888888885,0.012729376930432874,0.014404646026907199,0.475,72.66666666666667,1.1547005383792517,1.3066666666666669,74.0,49.666666666666664,3.214550253664318,3.6376060503822805,52.0,23.0,2.6457513110645907,2.9939494540378155,26.0,648.0,60.530983801686226,68.49725639274419,696.0,381.3333333333333,34.19551627528576,38.69586943216435,404.0,266.6666666666667,30.088757590391353,34.04863449701193,298.0,21.0743499485568,1.3096367257644483,1.4819934676750197,21.90201912335709,58.96208965203427,0.8418803195251168,0.9526772650424177,59.69903230198919,-37.88773970347747,1.7184842940700102,1.9446480447677503,-36.14255537993719,222.51707650286934,27.1471830486408,30.719929544110713,239.84934000057135,0.0,0.0,0.0,0.0,21.0743499485568,1.3096367257644483,1.4819934676750197,21.90201912335709
VoltGuard risk-cost candidate screening,5.0,3,3,120.0,0.0,0.0,120.0,9.0,0.0,0.0,9.0,360.0,0.0,0.0,360.0,720.0,0.0,0.0,720.0,0.6666666666666666,0.0,0.0,0.6666666666666666,0.4388888888888889,0.024056261216234418,0.027222222222222234,0.4666666666666667,0.4388888888888889,0.024056261216234418,0.027222222222222234,0.4666666666666667,75.0,2.0,2.263213055223333,77.0,49.666666666666664,3.214550253664318,3.6376060503822805,52.0,25.333333333333332,1.5275252316519465,1.7285575232288657,27.0,673.6666666666666,67.79626341719235,76.71869423057488,721.0,381.3333333333333,34.19551627528576,38.69586943216435,404.0,292.3333333333333,35.13308032799477,39.75682303426392,323.0,19.677829863464343,1.3246772699090315,1.4990134456078614,20.814290179267545,58.96208965203427,0.8418803195251168,0.9526772650424177,59.69903230198919,-39.28425978856993,1.879977932760544,2.127395300477718,-37.23028432402674,222.51707650286934,27.1471830486408,30.719929544110713,239.84934000057135,0.0,0.0,0.0,0.0,19.677829863464343,1.3246772699090315,1.4990134456078614,20.814290179267545
VoltGuard risk-cost candidate screening,0.0,5,3,120.0,0.0,0.0,120.0,9.0,0.0,0.0,9.0,600.0,0.0,0.0,600.0,480.0,0.0,0.0,480.0,0.4444444444444444,0.0,0.0,0.4444444444444444,0.8861111111111111,0.04276334532872405,0.048391280716496,0.9333333333333333,0.8861111111111111,0.04276334532872405,0.048391280716496,0.9333333333333333,49.666666666666664,3.214550253664318,3.6376060503822805,52.0,49.666666666666664,3.214550253664318,3.6376060503822805,52.0,0.0,0.0,0.0,0.0,381.3333333333333,34.19551627528576,38.69586943216435,404.0,381.3333333333333,34.19551627528576,38.69586943216435,404.0,0.0,0.0,0.0,0.0,65.08823568944327,2.6151796009793458,2.959354307345101,67.50950637894604,58.96208965203427,0.8418803195251168,0.9526772650424177,59.69903230198919,6.126146037408996,2.566608453689661,2.9043908800185063,7.810474076956851,220.2984892273736,26.314190186008343,29.777309383301894,237.97489866787896,2.218587275495729,1.2528051105816185,1.417682440959415,3.607497673441487,62.869648413947544,1.5064485519970867,1.7047070149510464,63.90200870550455
VoltGuard risk-cost candidate screening,0.02,5,3,120.0,0.0,0.0,120.0,9.0,0.0,0.0,9.0,600.0,0.0,0.0,600.0,480.0,0.0,0.0,480.0,0.4444444444444444,0.0,0.0,0.4444444444444444,0.8888888888888888,0.041943524640393075,0.04746356627410958,0.9333333333333333,0.8888888888888888,0.041943524640393075,0.04746356627410958,0.9333333333333333,49.666666666666664,3.214550253664318,3.6376060503822805,52.0,49.666666666666664,3.214550253664318,3.6376060503822805,52.0,0.0,0.0,0.0,0.0,381.3333333333333,34.19551627528576,38.69586943216435,404.0,381.3333333333333,34.19551627528576,38.69586943216435,404.0,0.0,0.0,0.0,0.0,64.87485052300757,2.4979775334202645,2.8267276826456613,67.30577932253341,58.96208965203427,0.8418803195251168,0.9526772650424177,59.69903230198919,5.912760870973291,2.395393874870828,2.710643345004833,7.606747020544219,220.36639824617782,26.363047249069062,29.832596354781337,237.97489866787896,2.15067825669152,1.1403494738938114,1.2904269084167668,3.4037706170288593,62.72417226631605,1.4244298674005795,1.6118941360755166,63.90200870550455
VoltGuard risk-cost candidate screening,0.05,5,3,120.0,0.0,0.0,120.0,9.0,0.0,0.0,9.0,600.0,0.0,0.0,600.0,480.0,0.0,0.0,480.0,0.4444444444444444,0.0,0.0,0.4444444444444444,0.9055555555555556,0.029265704869035392,0.03311726266495699,0.9333333333333333,0.9055555555555556,0.029265704869035392,0.03311726266495699,0.9333333333333333,49.666666666666664,3.214550253664318,3.6376060503822805,52.0,49.666666666666664,3.214550253664318,3.6376060503822805,52.0,0.0,0.0,0.0,0.0,381.3333333333333,34.19551627528576,38.69586943216435,404.0,381.3333333333333,34.19551627528576,38.69586943216435,404.0,0.0,0.0,0.0,0.0,63.72509704451477,1.429536097044794,1.6176723788723937,65.17315308751442,58.96208965203427,0.8418803195251168,0.9526772650424177,59.69903230198919,4.763007392480492,1.3802843604771993,1.5619387922762933,5.642733344768608,220.82392964982367,26.74263893042002,30.262144779225174,238.4924492368265,1.6931468530456637,0.74658655013118,0.8448422135555181,2.5487269750388286,62.0319501914691,0.7854582422573715,0.8888296741048274,62.62442611247559
VoltGuard risk-cost candidate screening,0.1,5,3,120.0,0.0,0.0,120.0,9.0,0.0,0.0,9.0,600.0,0.0,0.0,600.0,480.0,0.0,0.0,480.0,0.4444444444444444,0.0,0.0,0.4444444444444444,0.9499999999999998,0.016666666666666663,0.01886010879352777,0.9666666666666667,0.9499999999999998,0.016666666666666663,0.01886010879352777,0.9666666666666667,49.666666666666664,3.214550253664318,3.6376060503822805,52.0,49.666666666666664,3.214550253664318,3.6376060503822805,52.0,0.0,0.0,0.0,0.0,381.3333333333333,34.19551627528576,38.69586943216435,404.0,381.3333333333333,34.19551627528576,38.69586943216435,404.0,0.0,0.0,0.0,0.0,61.90171570120527,0.7424389986661764,0.8401488172441145,62.62442611247559,58.96208965203427,0.8418803195251168,0.9526772650424177,59.69903230198919,2.9396260491709967,0.9484770300462884,1.0733027984901067,3.895139110232293,222.51707650286934,27.1471830486408,30.719929544110713,239.84934000057135,0.0,0.0,0.0,0.0,61.90171570120527,0.7424389986661764,0.8401488172441145,62.62442611247559
VoltGuard risk-cost candidate screening,0.15,5,3,120.0,0.0,0.0,120.0,9.0,0.0,0.0,9.0,600.0,0.0,0.0,600.0,480.0,0.0,0.0,480.0,0.4444444444444444,0.0,0.0,0.4444444444444444,0.9527777777777778,0.012729376930432905,0.014404646026907234,0.9666666666666667,0.9527777777777778,0.012729376930432905,0.014404646026907234,0.9666666666666667,49.666666666666664,3.214550253664318,3.6376060503822805,52.0,49.666666666666664,3.214550253664318,3.6376060503822805,52.0,0.0,0.0,0.0,0.0,381.3333333333333,34.19551627528576,38.69586943216435,404.0,381.3333333333333,34.19551627528576,38.69586943216435,404.0,0.0,0.0,0.0,0.0,61.77178923983229,0.766190263559087,0.8670259036359661,62.62442611247559,58.96208965203427,0.8418803195251168,0.9526772650424177,59.69903230198919,2.809699587798017,0.7601394873061569,0.8601788057310327,3.5053597261133547,222.51707650286934,27.1471830486408,30.719929544110713,239.84934000057135,0.0,0.0,0.0,0.0,61.77178923983229,0.766190263559087,0.8670259036359661,62.62442611247559
VoltGuard risk-cost candidate screening,0.2,5,3,120.0,0.0,0.0,120.0,9.0,0.0,0.0,9.0,600.0,0.0,0.0,600.0,480.0,0.0,0.0,480.0,0.4444444444444444,0.0,0.0,0.4444444444444444,0.9555555555555554,0.017347216662217772,0.0196302236108595,0.975,0.9555555555555554,0.017347216662217772,0.0196302236108595,0.975,49.666666666666664,3.214550253664318,3.6376060503822805,52.0,49.666666666666664,3.214550253664318,3.6376060503822805,52.0,0.0,0.0,0.0,0.0,381.3333333333333,34.19551627528576,38.69586943216435,404.0,381.3333333333333,34.19551627528576,38.69586943216435,404.0,0.0,0.0,0.0,0.0,61.60593713191281,0.9916742355913816,1.122185038259517,62.62442611247559,58.96208965203427,0.8418803195251168,0.9526772650424177,59.69903230198919,2.64384747987854,1.0315169889015157,1.167271357983286,3.5053597261133547,222.51707650286934,27.1471830486408,30.719929544110713,239.84934000057135,0.0,0.0,0.0,0.0,61.60593713191281,0.9916742355913816,1.122185038259517,62.62442611247559
VoltGuard risk-cost candidate screening,0.3,5,3,120.0,0.0,0.0,120.0,9.0,0.0,0.0,9.0,600.0,0.0,0.0,600.0,480.0,0.0,0.0,480.0,0.4444444444444444,0.0,0.0,0.4444444444444444,0.9888888888888889,0.009622504486493794,0.010888888888888924,1.0,0.9888888888888889,0.009622504486493794,0.010888888888888924,1.0,49.666666666666664,3.214550253664318,3.6376060503822805,52.0,49.666666666666664,3.214550253664318,3.6376060503822805,52.0,0.0,0.0,0.0,0.0,381.3333333333333,34.19551627528576,38.69586943216435,404.0,381.3333333333333,34.19551627528576,38.69586943216435,404.0,0.0,0.0,0.0,0.0,59.64539552771672,0.9264016880276621,1.0483221973625692,60.71448127023932,58.96208965203427,0.8418803195251168,0.9526772650424177,59.69903230198919,0.6833058756824499,0.5918366556438919,0.6697262228064862,1.0344686587972234,222.51707650286934,27.1471830486408,30.719929544110713,239.84934000057135,0.0,0.0,0.0,0.0,59.64539552771672,0.9264016880276621,1.0483221973625692,60.71448127023932
VoltGuard risk-cost candidate screening,0.5,5,3,120.0,0.0,0.0,120.0,9.0,0.0,0.0,9.0,600.0,0.0,0.0,600.0,480.0,0.0,0.0,480.0,0.4444444444444444,0.0,0.0,0.4444444444444444,1.0,0.0,0.0,1.0,1.0,0.0,0.0,1.0,49.666666666666664,3.214550253664318,3.6376060503822805,52.0,49.666666666666664,3.214550253664318,3.6376060503822805,52.0,0.0,0.0,0.0,0.0,381.3333333333333,34.19551627528576,38.69586943216435,404.0,381.3333333333333,34.19551627528576,38.69586943216435,404.0,0.0,0.0,0.0,0.0,58.96208965203427,0.8418803195251168,0.9526772650424177,59.69903230198919,58.96208965203427,0.8418803195251168,0.9526772650424177,59.69903230198919,0.0,0.0,0.0,0.0,222.51707650286934,27.1471830486408,30.719929544110713,239.84934000057135,0.0,0.0,0.0,0.0,58.96208965203427,0.8418803195251168,0.9526772650424177,59.69903230198919
VoltGuard risk-cost candidate screening,0.8,5,3,120.0,0.0,0.0,120.0,9.0,0.0,0.0,9.0,600.0,0.0,0.0,600.0,480.0,0.0,0.0,480.0,0.4444444444444444,0.0,0.0,0.4444444444444444,1.0,0.0,0.0,1.0,1.0,0.0,0.0,1.0,49.666666666666664,3.214550253664318,3.6376060503822805,52.0,49.666666666666664,3.214550253664318,3.6376060503822805,52.0,0.0,0.0,0.0,0.0,381.3333333333333,34.19551627528576,38.69586943216435,404.0,381.3333333333333,34.19551627528576,38.69586943216435,404.0,0.0,0.0,0.0,0.0,58.96208965203427,0.8418803195251168,0.9526772650424177,59.69903230198919,58.96208965203427,0.8418803195251168,0.9526772650424177,59.69903230198919,0.0,0.0,0.0,0.0,222.51707650286934,27.1471830486408,30.719929544110713,239.84934000057135,0.0,0.0,0.0,0.0,58.96208965203427,0.8418803195251168,0.9526772650424177,59.69903230198919
VoltGuard risk-cost candidate screening,1.0,5,3,120.0,0.0,0.0,120.0,9.0,0.0,0.0,9.0,600.0,0.0,0.0,600.0,480.0,0.0,0.0,480.0,0.4444444444444444,0.0,0.0,0.4444444444444444,1.0,0.0,0.0,1.0,1.0,0.0,0.0,1.0,49.666666666666664,3.214550253664318,3.6376060503822805,52.0,49.666666666666664,3.214550253664318,3.6376060503822805,52.0,0.0,0.0,0.0,0.0,381.3333333333333,34.19551627528576,38.69586943216435,404.0,381.3333333333333,34.19551627528576,38.69586943216435,404.0,0.0,0.0,0.0,0.0,58.96208965203427,0.8418803195251168,0.9526772650424177,59.69903230198919,58.96208965203427,0.8418803195251168,0.9526772650424177,59.69903230198919,0.0,0.0,0.0,0.0,222.51707650286934,27.1471830486408,30.719929544110713,239.84934000057135,0.0,0.0,0.0,0.0,58.96208965203427,0.8418803195251168,0.9526772650424177,59.69903230198919
VoltGuard risk-cost candidate screening,1.5,5,3,120.0,0.0,0.0,120.0,9.0,0.0,0.0,9.0,600.0,0.0,0.0,600.0,480.0,0.0,0.0,480.0,0.4444444444444444,0.0,0.0,0.4444444444444444,0.9527777777777778,0.012729376930432905,0.014404646026907234,0.9666666666666667,0.9527777777777778,0.012729376930432905,0.014404646026907234,0.9666666666666667,53.333333333333336,2.8867513459481287,3.2666666666666666,55.0,49.666666666666664,3.214550253664318,3.6376060503822805,52.0,3.6666666666666665,0.5773502691896258,0.6533333333333334,4.0,397.6666666666667,38.88873015840622,44.00674089778116,424.0,381.3333333333333,34.19551627528576,38.69586943216435,404.0,16.333333333333332,4.725815626252609,5.347763810956668,20.0,57.068776650350706,0.3641106252022454,0.41202996025162586,57.48663649537111,58.96208965203427,0.8418803195251168,0.9526772650424177,59.69903230198919,-1.8933130016835662,0.6508819479569846,0.7365422610127209,-1.1444610419779195,222.51707650286934,27.1471830486408,30.719929544110713,239.84934000057135,0.0,0.0,0.0,0.0,57.068776650350706,0.3641106252022454,0.41202996025162586,57.48663649537111
VoltGuard risk-cost candidate screening,2.0,5,3,120.0,0.0,0.0,120.0,9.0,0.0,0.0,9.0,600.0,0.0,0.0,600.0,480.0,0.0,0.0,480.0,0.4444444444444444,0.0,0.0,0.4444444444444444,0.8638888888888889,0.026787918780535956,0.03031338375318564,0.8833333333333333,0.8638888888888889,0.026787918780535956,0.03031338375318564,0.8833333333333333,56.0,2.6457513110645907,2.9939494540378155,58.0,49.666666666666664,3.214550253664318,3.6376060503822805,52.0,6.333333333333333,1.1547005383792517,1.3066666666666669,7.0,444.6666666666667,40.253364248635584,45.55096974208611,475.0,381.3333333333333,34.19551627528576,38.69586943216435,404.0,63.333333333333336,11.846237095944574,13.405279225406353,77.0,53.04679388359816,1.2284342310015661,1.3901041945429902,54.16392734126177,58.96208965203427,0.8418803195251168,0.9526772650424177,59.69903230198919,-5.915295768436107,1.346914523158398,1.5241772665409983,-4.799339892671085,222.51707650286934,27.1471830486408,30.719929544110713,239.84934000057135,0.0,0.0,0.0,0.0,53.04679388359816,1.2284342310015661,1.3901041945429902,54.16392734126177
VoltGuard risk-cost candidate screening,3.0,5,3,120.0,0.0,0.0,120.0,9.0,0.0,0.0,9.0,600.0,0.0,0.0,600.0,480.0,0.0,0.0,480.0,0.4444444444444444,0.0,0.0,0.4444444444444444,0.7055555555555556,0.07561476438231222,0.08556616095884265,0.775,0.7055555555555556,0.07561476438231222,0.08556616095884265,0.775,59.0,4.58257569495584,5.185672569686598,63.0,49.666666666666664,3.214550253664318,3.6376060503822805,52.0,9.333333333333334,2.3094010767585034,2.6133333333333337,12.0,506.0,66.56575696257048,75.32624509425648,561.0,381.3333333333333,34.19551627528576,38.69586943216435,404.0,124.66666666666667,36.637867477970566,41.459649995842675,163.0,41.771615701794104,5.156479408720896,5.835105758403714,45.698872569756034,58.96208965203427,0.8418803195251168,0.9526772650424177,59.69903230198919,-17.19047395024017,5.5269017930262105,6.254278146457084,-12.345701933538251,222.51707650286934,27.1471830486408,30.719929544110713,239.84934000057135,0.0,0.0,0.0,0.0,41.771615701794104,5.156479408720896,5.835105758403714,45.698872569756034
VoltGuard risk-cost candidate screening,5.0,5,3,120.0,0.0,0.0,120.0,9.0,0.0,0.0,9.0,600.0,0.0,0.0,600.0,480.0,0.0,0.0,480.0,0.4444444444444444,0.0,0.0,0.4444444444444444,0.5666666666666665,0.06508541396588878,0.07365107929610727,0.6083333333333333,0.5666666666666665,0.06508541396588878,0.07365107929610727,0.6083333333333333,66.66666666666667,2.8867513459481287,3.2666666666666666,70.0,49.666666666666664,3.214550253664318,3.6376060503822805,52.0,17.0,3.4641016151377544,3.92,19.0,566.6666666666666,62.74020507882751,70.99722561089584,626.0,381.3333333333333,34.19551627528576,38.69586943216435,404.0,185.33333333333334,37.28717384481336,42.194409318981805,228.0,33.70782278561351,4.460359578419168,5.047372014434352,36.533132601474456,58.96208965203427,0.8418803195251168,0.9526772650424177,59.69903230198919,-25.254266866420764,4.64495236771637,5.25625841975311,-22.020060047174823,222.51707650286934,27.1471830486408,30.719929544110713,239.84934000057135,0.0,0.0,0.0,0.0,33.70782278561351,4.460359578419168,5.047372014434352,36.533132601474456
