seed,policy,cost_weight,top_k_candidates,test_scenarios,candidate_grid_size,candidate_ac_audits,candidate_ac_audits_avoided,audit_reduction_ratio,full_best_in_subset_rate,same_action_as_full_rate,post_action_violating_scenarios,full_post_action_violating_scenarios,extra_violating_scenarios_vs_full,post_action_violating_buses,full_post_action_violating_buses,extra_violating_buses_vs_full,action_cost_proxy_mw,full_action_cost_proxy_mw,action_cost_delta_vs_full_mw,accepted_pv_mw,curtailed_pv_mw,relieved_load_mw
7,VoltGuard risk-cost candidate screening,0.0,1,120,9,120,960,0.8888888888888888,0.8583333333333333,0.8583333333333333,51,51,0,398,398,0,67.23933338785275,59.14266215081935,8.096671237033405,188.48472138345863,2.7462315710236043,64.49310181682914
7,VoltGuard risk-cost candidate screening,0.0,2,120,9,240,840,0.7777777777777778,0.875,0.875,51,51,0,398,398,0,66.54718306525916,59.14266215081935,7.404520914439814,189.17687170605222,2.0540812484300206,64.49310181682914
7,VoltGuard risk-cost candidate screening,0.0,3,120,9,360,720,0.6666666666666666,0.9,0.9,51,51,0,398,398,0,66.02671742383518,59.14266215081935,6.884055273015832,189.6973373474762,1.5336156070060403,64.49310181682914
7,VoltGuard risk-cost candidate screening,0.0,5,120,9,600,480,0.4444444444444444,0.9333333333333333,0.9333333333333333,51,51,0,398,398,0,62.314830197966984,59.14266215081935,3.172168047147636,190.0571301341289,1.1738228203533354,61.14100737761365
7,VoltGuard risk-cost candidate screening,0.02,1,120,9,120,960,0.8888888888888888,0.8583333333333333,0.8583333333333333,51,51,0,398,398,0,67.23933338785275,59.14266215081935,8.096671237033405,188.48472138345863,2.7462315710236043,64.49310181682914
7,VoltGuard risk-cost candidate screening,0.02,2,120,9,240,840,0.7777777777777778,0.875,0.875,51,51,0,398,398,0,66.54718306525916,59.14266215081935,7.404520914439814,189.17687170605222,2.0540812484300206,64.49310181682914
7,VoltGuard risk-cost candidate screening,0.02,3,120,9,360,720,0.6666666666666666,0.9,0.9,51,51,0,398,398,0,66.02671742383518,59.14266215081935,6.884055273015832,189.6973373474762,1.5336156070060403,64.49310181682914
7,VoltGuard risk-cost candidate screening,0.02,5,120,9,600,480,0.4444444444444444,0.9333333333333333,0.9333333333333333,51,51,0,398,398,0,62.314830197966984,59.14266215081935,3.172168047147636,190.0571301341289,1.1738228203533354,61.14100737761365
7,VoltGuard risk-cost candidate screening,0.05,1,120,9,120,960,0.8888888888888888,0.8583333333333333,0.8583333333333333,51,51,0,398,398,0,67.23933338785275,59.14266215081935,8.096671237033405,188.48472138345863,2.7462315710236043,64.49310181682914
7,VoltGuard risk-cost candidate screening,0.05,2,120,9,240,840,0.7777777777777778,0.8833333333333333,0.8833333333333333,51,51,0,398,398,0,66.21439746419327,59.14266215081935,7.071735313373921,189.5096573071181,1.7212956473641303,64.49310181682914
7,VoltGuard risk-cost candidate screening,0.05,3,120,9,360,720,0.6666666666666666,0.9083333333333333,0.9083333333333333,51,51,0,398,398,0,65.58967556047416,59.14266215081935,6.447013409654815,189.6973373474762,1.5336156070060403,64.05605995346812
7,VoltGuard risk-cost candidate screening,0.05,5,120,9,600,480,0.4444444444444444,0.9333333333333333,0.9333333333333333,51,51,0,398,398,0,62.314830197966984,59.14266215081935,3.172168047147636,190.0571301341289,1.1738228203533354,61.14100737761365
7,VoltGuard risk-cost candidate screening,0.1,1,120,9,120,960,0.8888888888888888,0.8666666666666667,0.8666666666666667,51,51,0,398,398,0,66.90654778678686,59.14266215081935,7.763885635967512,188.81750698452453,2.4134459699577144,64.49310181682914
7,VoltGuard risk-cost candidate screening,0.1,2,120,9,240,840,0.7777777777777778,0.9083333333333333,0.9083333333333333,51,51,0,398,398,0,65.58967556047416,59.14266215081935,6.447013409654815,189.6973373474762,1.5336156070060403,64.05605995346812
7,VoltGuard risk-cost candidate screening,0.1,3,120,9,360,720,0.6666666666666666,0.95,0.95,51,51,0,398,398,0,64.05605995346812,59.14266215081935,4.913397802648774,191.23095295448223,0.0,64.05605995346812
7,VoltGuard risk-cost candidate screening,0.1,5,120,9,600,480,0.4444444444444444,0.9666666666666667,0.9666666666666667,51,51,0,398,398,0,61.14100737761365,59.14266215081935,1.9983452267942994,191.23095295448223,0.0,61.14100737761365
7,VoltGuard risk-cost candidate screening,0.15,1,120,9,120,960,0.8888888888888888,0.875,0.875,51,51,0,398,398,0,66.31617615348532,59.14266215081935,7.173514002665968,189.40787861782604,1.8230743366561781,64.49310181682914
7,VoltGuard risk-cost candidate screening,0.15,2,120,9,240,840,0.7777777777777778,0.95,0.95,51,51,0,398,398,0,64.05605995346812,59.14266215081935,4.913397802648774,191.23095295448223,0.0,64.05605995346812
7,VoltGuard risk-cost candidate screening,0.15,3,120,9,360,720,0.6666666666666666,0.95,0.95,51,51,0,398,398,0,62.52433309026904,59.14266215081935,3.381670939449691,191.23095295448223,0.0,62.52433309026904
7,VoltGuard risk-cost candidate screening,0.15,5,120,9,600,480,0.4444444444444444,0.9666666666666667,0.9666666666666667,51,51,0,398,398,0,61.14100737761365,59.14266215081935,1.9983452267942994,191.23095295448223,0.0,61.14100737761365
7,VoltGuard risk-cost candidate screening,0.2,1,120,9,120,960,0.8888888888888888,0.8833333333333333,0.8833333333333333,51,51,0,398,398,0,65.8791342901243,59.14266215081935,6.736472139304951,189.40787861782604,1.8230743366561781,64.05605995346812
7,VoltGuard risk-cost candidate screening,0.2,2,120,9,240,840,0.7777777777777778,0.95,0.95,51,51,0,398,398,0,62.52433309026904,59.14266215081935,3.381670939449691,191.23095295448223,0.0,62.52433309026904
7,VoltGuard risk-cost candidate screening,0.2,3,120,9,360,720,0.6666666666666666,0.9583333333333334,0.9583333333333334,51,51,0,398,398,0,61.57204353340944,59.14266215081935,2.429381382590094,191.23095295448223,0.0,61.57204353340944
7,VoltGuard risk-cost candidate screening,0.2,5,120,9,600,480,0.4444444444444444,0.975,0.975,51,51,0,398,398,0,60.643451053855216,59.14266215081935,1.5007889030358683,191.23095295448223,0.0,60.643451053855216
7,VoltGuard risk-cost candidate screening,0.3,1,120,9,120,960,0.8888888888888888,0.925,0.925,51,51,0,398,398,0,64.34551868311826,59.14266215081935,5.2028565322989095,190.94149422483213,0.2894587296501381,64.05605995346812
7,VoltGuard risk-cost candidate screening,0.3,2,120,9,240,840,0.7777777777777778,0.95,0.95,51,51,0,398,398,0,62.05771472667383,59.14266215081935,2.9150525758544816,191.23095295448223,0.0,62.05771472667383
7,VoltGuard risk-cost candidate screening,0.3,3,120,9,360,720,0.6666666666666666,0.9916666666666667,0.9916666666666667,51,51,0,398,398,0,59.60928051441456,59.14266215081935,0.4666183635952095,191.23095295448223,0.0,59.60928051441456
7,VoltGuard risk-cost candidate screening,0.3,5,120,9,600,480,0.4444444444444444,1.0,1.0,51,51,0,398,398,0,59.14266215081935,59.14266215081935,0.0,191.23095295448223,0.0,59.14266215081935
7,VoltGuard risk-cost candidate screening,0.5,1,120,9,120,960,0.8888888888888888,0.9833333333333333,0.9833333333333333,51,51,0,398,398,0,60.05936949987953,59.14266215081935,0.9167073490601823,191.23095295448223,0.0,60.05936949987953
7,VoltGuard risk-cost candidate screening,0.5,2,120,9,240,840,0.7777777777777778,1.0,1.0,51,51,0,398,398,0,59.14266215081935,59.14266215081935,0.0,191.23095295448223,0.0,59.14266215081935
7,VoltGuard risk-cost candidate screening,0.5,3,120,9,360,720,0.6666666666666666,1.0,1.0,51,51,0,398,398,0,59.14266215081935,59.14266215081935,0.0,191.23095295448223,0.0,59.14266215081935
7,VoltGuard risk-cost candidate screening,0.5,5,120,9,600,480,0.4444444444444444,1.0,1.0,51,51,0,398,398,0,59.14266215081935,59.14266215081935,0.0,191.23095295448223,0.0,59.14266215081935
7,VoltGuard risk-cost candidate screening,0.8,1,120,9,120,960,0.8888888888888888,0.8916666666666667,0.8916666666666667,61,51,10,432,398,34,54.250162929737115,59.14266215081935,-4.8924992210822325,191.23095295448223,0.0,54.250162929737115
7,VoltGuard risk-cost candidate screening,0.8,2,120,9,240,840,0.7777777777777778,0.9916666666666667,0.9916666666666667,52,51,1,401,398,3,58.77158911855894,59.14266215081935,-0.371073032260405,191.23095295448223,0.0,58.77158911855894
7,VoltGuard risk-cost candidate screening,0.8,3,120,9,360,720,0.6666666666666666,1.0,1.0,51,51,0,398,398,0,59.14266215081935,59.14266215081935,0.0,191.23095295448223,0.0,59.14266215081935
7,VoltGuard risk-cost candidate screening,0.8,5,120,9,600,480,0.4444444444444444,1.0,1.0,51,51,0,398,398,0,59.14266215081935,59.14266215081935,0.0,191.23095295448223,0.0,59.14266215081935
7,VoltGuard risk-cost candidate screening,1.0,1,120,9,120,960,0.8888888888888888,0.825,0.825,64,51,13,473,398,75,49.44076644798437,59.14266215081935,-9.701895702834975,191.23095295448223,0.0,49.44076644798437
7,VoltGuard risk-cost candidate screening,1.0,2,120,9,240,840,0.7777777777777778,0.9583333333333334,0.9583333333333334,55,51,4,409,398,11,57.4011784804984,59.14266215081935,-1.741483670320946,191.23095295448223,0.0,57.4011784804984
7,VoltGuard risk-cost candidate screening,1.0,3,120,9,360,720,0.6666666666666666,0.9916666666666667,0.9916666666666667,52,51,1,400,398,2,58.891683871364116,59.14266215081935,-0.2509782794552322,191.23095295448223,0.0,58.891683871364116
7,VoltGuard risk-cost candidate screening,1.0,5,120,9,600,480,0.4444444444444444,1.0,1.0,51,51,0,398,398,0,59.14266215081935,59.14266215081935,0.0,191.23095295448223,0.0,59.14266215081935
7,VoltGuard risk-cost candidate screening,1.5,1,120,9,120,960,0.8888888888888888,0.4583333333333333,0.4583333333333333,75,51,24,772,398,374,13.038768039185017,59.14266215081935,-46.10389411163433,191.23095295448223,0.0,13.038768039185017
7,VoltGuard risk-cost candidate screening,1.5,2,120,9,240,840,0.7777777777777778,0.6083333333333333,0.6083333333333333,68,51,17,605,398,207,31.837815732673885,59.14266215081935,-27.304846418145463,191.23095295448223,0.0,31.837815732673885
7,VoltGuard risk-cost candidate screening,1.5,3,120,9,360,720,0.6666666666666666,0.7166666666666667,0.7166666666666667,60,51,9,522,398,124,42.23914555058388,59.14266215081935,-16.90351660023547,191.23095295448223,0.0,42.23914555058388
7,VoltGuard risk-cost candidate screening,1.5,5,120,9,600,480,0.4444444444444444,0.9416666666666667,0.9416666666666667,55,51,4,416,398,18,56.81957999436465,59.14266215081935,-2.3230821564546957,191.23095295448223,0.0,56.81957999436465
7,VoltGuard risk-cost candidate screening,2.0,1,120,9,120,960,0.8888888888888888,0.35833333333333334,0.35833333333333334,83,51,32,860,398,462,4.490347854915694,59.14266215081935,-54.65231429590365,191.23095295448223,0.0,4.490347854915694
7,VoltGuard risk-cost candidate screening,2.0,2,120,9,240,840,0.7777777777777778,0.4583333333333333,0.4583333333333333,72,51,21,722,398,324,16.94064877883052,59.14266215081935,-42.202013371988826,191.23095295448223,0.0,16.94064877883052
7,VoltGuard risk-cost candidate screening,2.0,3,120,9,360,720,0.6666666666666666,0.5666666666666667,0.5666666666666667,67,51,16,626,398,228,29.32616200125394,59.14266215081935,-29.816500149565407,191.23095295448223,0.0,29.32616200125394
7,VoltGuard risk-cost candidate screening,2.0,5,120,9,600,480,0.4444444444444444,0.8333333333333334,0.8333333333333334,58,51,7,475,398,77,51.731219698909534,59.14266215081935,-7.411442451909814,191.23095295448223,0.0,51.731219698909534
7,VoltGuard risk-cost candidate screening,3.0,1,120,9,120,960,0.8888888888888888,0.26666666666666666,0.26666666666666666,92,51,41,916,398,518,0.2614619693836275,59.14266215081935,-58.88120018143572,191.23095295448223,0.0,0.2614619693836275
7,VoltGuard risk-cost candidate screening,3.0,2,120,9,240,840,0.7777777777777778,0.425,0.425,75,51,24,792,398,394,11.740121272124693,59.14266215081935,-47.40254087869465,191.23095295448223,0.0,11.740121272124693
7,VoltGuard risk-cost candidate screening,3.0,3,120,9,360,720,0.6666666666666666,0.45,0.45,72,51,21,696,398,298,19.564444580465427,59.14266215081935,-39.57821757035392,191.23095295448223,0.0,19.564444580465427
7,VoltGuard risk-cost candidate screening,3.0,5,120,9,600,480,0.4444444444444444,0.625,0.625,63,51,12,561,398,163,35.932194444099906,59.14266215081935,-23.21046770671944,191.23095295448223,0.0,35.932194444099906
7,VoltGuard risk-cost candidate screening,5.0,1,120,9,120,960,0.8888888888888888,0.25833333333333336,0.25833333333333336,93,51,42,921,398,523,0.0,59.14266215081935,-59.14266215081935,191.23095295448223,0.0,0.0
7,VoltGuard risk-cost candidate screening,5.0,2,120,9,240,840,0.7777777777777778,0.36666666666666664,0.36666666666666664,81,51,30,850,398,452,6.669634573391033,59.14266215081935,-52.47302757742831,191.23095295448223,0.0,6.669634573391033
7,VoltGuard risk-cost candidate screening,5.0,3,120,9,360,720,0.6666666666666666,0.425,0.425,75,51,24,721,398,323,18.22296938103791,59.14266215081935,-40.919692769781435,191.23095295448223,0.0,18.22296938103791
7,VoltGuard risk-cost candidate screening,5.0,5,120,9,600,480,0.4444444444444444,0.49166666666666664,0.49166666666666664,70,51,19,626,398,228,28.565821299246615,59.14266215081935,-30.576840851572733,191.23095295448223,0.0,28.565821299246615
17,VoltGuard risk-cost candidate screening,0.0,1,120,9,120,960,0.8888888888888888,0.6583333333333333,0.6583333333333333,52,52,0,404,404,0,77.89400458596992,59.69903230198919,18.194972283980732,229.17903573969116,7.291900813863267,70.60210377210666
17,VoltGuard risk-cost candidate screening,0.0,2,120,9,240,840,0.7777777777777778,0.7166666666666667,0.7166666666666667,52,52,0,404,404,0,75.37905601338755,59.69903230198919,15.680023711398363,230.85887215010786,5.612064403446572,69.76699160994099
17,VoltGuard risk-cost candidate screening,0.0,3,120,9,360,720,0.6666666666666666,0.7666666666666667,0.7666666666666667,52,52,0,404,404,0,73.82421120469981,59.69903230198919,14.125178902710616,232.12952786544014,4.3414086881142975,69.48280251658551
17,VoltGuard risk-cost candidate screening,0.0,5,120,9,600,480,0.4444444444444444,0.85,0.85,52,52,0,404,404,0,67.50950637894604,59.69903230198919,7.810474076956851,232.86343888011294,3.607497673441487,63.90200870550455
17,VoltGuard risk-cost candidate screening,0.02,1,120,9,120,960,0.8888888888888888,0.6583333333333333,0.6583333333333333,52,52,0,404,404,0,77.89400458596992,59.69903230198919,18.194972283980732,229.17903573969116,7.291900813863267,70.60210377210666
17,VoltGuard risk-cost candidate screening,0.02,2,120,9,240,840,0.7777777777777778,0.725,0.725,52,52,0,404,404,0,74.84254335590903,59.69903230198919,15.143511053919838,231.39538480758637,5.075551745968056,69.76699160994099
17,VoltGuard risk-cost candidate screening,0.02,3,120,9,360,720,0.6666666666666666,0.7666666666666667,0.7666666666666667,52,52,0,404,404,0,73.82421120469981,59.69903230198919,14.125178902710616,232.12952786544014,4.3414086881142975,69.48280251658551
17,VoltGuard risk-cost candidate screening,0.02,5,120,9,600,480,0.4444444444444444,0.85,0.85,52,52,0,404,404,0,67.30577932253341,59.69903230198919,7.606747020544219,233.06716593652556,3.4037706170288593,63.90200870550455
17,VoltGuard risk-cost candidate screening,0.05,1,120,9,120,960,0.8888888888888888,0.6666666666666666,0.6666666666666666,52,52,0,404,404,0,77.56121898490404,59.69903230198919,17.862186682914853,229.51182134075705,6.959115212797377,70.60210377210666
17,VoltGuard risk-cost candidate screening,0.05,2,120,9,240,840,0.7777777777777778,0.75,0.75,52,52,0,404,404,0,73.06932203308291,59.69903230198919,13.37028973109372,231.89645210488578,4.574484448668643,68.49483758441426
17,VoltGuard risk-cost candidate screening,0.05,3,120,9,360,720,0.6666666666666666,0.7916666666666666,0.7916666666666666,52,52,0,404,404,0,72.05098988187368,59.69903230198919,12.351957579884484,232.63059516273955,3.8403413908148836,68.2106484910588
17,VoltGuard risk-cost candidate screening,0.05,5,120,9,600,480,0.4444444444444444,0.875,0.875,52,52,0,404,404,0,65.17315308751442,59.69903230198919,5.47412078552523,233.9222095785156,2.5487269750388286,62.62442611247559
17,VoltGuard risk-cost candidate screening,0.1,1,120,9,120,960,0.8888888888888888,0.725,0.725,52,52,0,404,404,0,73.38949849088709,59.69903230198919,13.6904661888979,230.92289451680824,5.548042036746175,67.84145645414092
17,VoltGuard risk-cost candidate screening,0.1,2,120,9,240,840,0.7777777777777778,0.8,0.8,52,52,0,404,404,0,70.30578330848364,59.69903230198919,10.606751006494449,233.5695678358507,2.901368717703734,67.40441459077991
17,VoltGuard risk-cost candidate screening,0.1,3,120,9,360,720,0.6666666666666666,0.9083333333333333,0.9083333333333333,52,52,0,404,404,0,67.4538908457036,59.69903230198919,7.7548585437144055,236.42146029863073,0.049476254923692,67.40441459077991
17,VoltGuard risk-cost candidate screening,0.1,5,120,9,600,480,0.4444444444444444,0.95,0.95,52,52,0,404,404,0,62.62442611247559,59.69903230198919,2.9253938104863977,236.47093655355442,0.0,62.62442611247559
17,VoltGuard risk-cost candidate screening,0.15,1,120,9,120,960,0.8888888888888888,0.7666666666666667,0.7666666666666667,52,52,0,404,404,0,71.91784302032798,59.69903230198919,12.218810718338787,232.39454998736736,4.076386566187064,67.84145645414092
17,VoltGuard risk-cost candidate screening,0.15,2,120,9,240,840,0.7777777777777778,0.8666666666666667,0.8666666666666667,52,52,0,404,404,0,68.05073075182541,59.69903230198919,8.35169844983622,235.8246203925089,0.6463161610454974,67.40441459077991
17,VoltGuard risk-cost candidate screening,0.15,3,120,9,360,720,0.6666666666666666,0.925,0.925,52,52,0,404,404,0,67.0128771790713,59.69903230198919,7.313844877082104,236.47093655355442,0.0,67.0128771790713
17,VoltGuard risk-cost candidate screening,0.15,5,120,9,600,480,0.4444444444444444,0.95,0.95,52,52,0,404,404,0,62.62442611247559,59.69903230198919,2.9253938104863977,236.47093655355442,0.0,62.62442611247559
17,VoltGuard risk-cost candidate screening,0.2,1,120,9,120,960,0.8888888888888888,0.775,0.775,52,52,0,404,404,0,71.27707410055434,59.69903230198919,11.578041798565152,232.59827704378,3.8726595097744365,67.40441459077991
17,VoltGuard risk-cost candidate screening,0.2,2,120,9,240,840,0.7777777777777778,0.8833333333333333,0.8833333333333333,52,52,0,404,404,0,67.30311690927071,59.69903230198919,7.604084607281521,236.180696823355,0.290239730199421,67.0128771790713
17,VoltGuard risk-cost candidate screening,0.2,3,120,9,360,720,0.6666666666666666,0.95,0.95,52,52,0,404,404,0,64.08303572675246,59.69903230198919,4.384003424763264,236.47093655355442,0.0,64.08303572675246
17,VoltGuard risk-cost candidate screening,0.2,5,120,9,600,480,0.4444444444444444,0.95,0.95,52,52,0,404,404,0,62.62442611247559,59.69903230198919,2.9253938104863977,236.47093655355442,0.0,62.62442611247559
17,VoltGuard risk-cost candidate screening,0.3,1,120,9,120,960,0.8888888888888888,0.8666666666666667,0.8666666666666667,52,52,0,404,404,0,67.7544930575771,59.69903230198919,8.055460755587902,236.12085808675724,0.3500784667971829,67.40441459077991
17,VoltGuard risk-cost candidate screening,0.3,2,120,9,240,840,0.7777777777777778,0.9333333333333333,0.9333333333333333,52,52,0,404,404,0,64.17502252891379,59.69903230198919,4.475990226924594,236.42146029863073,0.049476254923692,64.1255462739901
17,VoltGuard risk-cost candidate screening,0.3,3,120,9,360,720,0.6666666666666666,0.9666666666666667,0.9666666666666667,52,52,0,404,404,0,61.65541582394218,59.69903230198919,1.9563835219529864,236.47093655355442,0.0,61.65541582394218
17,VoltGuard risk-cost candidate screening,0.3,5,120,9,600,480,0.4444444444444444,0.9833333333333333,0.9833333333333333,52,52,0,404,404,0,60.71448127023932,59.69903230198919,1.0154489682501264,236.47093655355442,0.0,60.71448127023932
17,VoltGuard risk-cost candidate screening,0.5,1,120,9,120,960,0.8888888888888888,0.9166666666666666,0.9166666666666666,54,52,2,407,404,3,60.31409183283061,59.69903230198919,0.6150595308414211,236.12085808675724,0.3500784667971829,59.96401336603344
17,VoltGuard risk-cost candidate screening,0.5,2,120,9,240,840,0.7777777777777778,1.0,1.0,52,52,0,404,404,0,59.69903230198919,59.69903230198919,0.0,236.47093655355442,0.0,59.69903230198919
17,VoltGuard risk-cost candidate screening,0.5,3,120,9,360,720,0.6666666666666666,1.0,1.0,52,52,0,404,404,0,59.69903230198919,59.69903230198919,0.0,236.47093655355442,0.0,59.69903230198919
17,VoltGuard risk-cost candidate screening,0.5,5,120,9,600,480,0.4444444444444444,1.0,1.0,52,52,0,404,404,0,59.69903230198919,59.69903230198919,0.0,236.47093655355442,0.0,59.69903230198919
17,VoltGuard risk-cost candidate screening,0.8,1,120,9,120,960,0.8888888888888888,0.925,0.925,58,52,6,422,404,18,55.94030731907279,59.69903230198919,-3.758724982916405,236.47093655355442,0.0,55.94030731907279
17,VoltGuard risk-cost candidate screening,0.8,2,120,9,240,840,0.7777777777777778,0.9916666666666667,0.9916666666666667,52,52,0,405,404,1,58.70258100834948,59.69903230198919,-0.9964512936397085,236.47093655355442,0.0,58.70258100834948
17,VoltGuard risk-cost candidate screening,0.8,3,120,9,360,720,0.6666666666666666,1.0,1.0,52,52,0,404,404,0,59.69903230198919,59.69903230198919,0.0,236.47093655355442,0.0,59.69903230198919
17,VoltGuard risk-cost candidate screening,0.8,5,120,9,600,480,0.4444444444444444,1.0,1.0,52,52,0,404,404,0,59.69903230198919,59.69903230198919,0.0,236.47093655355442,0.0,59.69903230198919
17,VoltGuard risk-cost candidate screening,1.0,1,120,9,120,960,0.8888888888888888,0.8666666666666667,0.8666666666666667,59,52,7,456,404,52,51.71653865580183,59.69903230198919,-7.982493646187365,236.47093655355442,0.0,51.71653865580183
17,VoltGuard risk-cost candidate screening,1.0,2,120,9,240,840,0.7777777777777778,0.95,0.95,55,52,3,420,404,16,56.9117766326643,59.69903230198919,-2.7872556693248924,236.47093655355442,0.0,56.9117766326643
17,VoltGuard risk-cost candidate screening,1.0,3,120,9,360,720,0.6666666666666666,0.9833333333333333,0.9833333333333333,53,52,1,408,404,4,58.38422093935385,59.69903230198919,-1.3148113626353393,236.47093655355442,0.0,58.38422093935385
17,VoltGuard risk-cost candidate screening,1.0,5,120,9,600,480,0.4444444444444444,1.0,1.0,52,52,0,404,404,0,59.69903230198919,59.69903230198919,0.0,236.47093655355442,0.0,59.69903230198919
17,VoltGuard risk-cost candidate screening,1.5,1,120,9,120,960,0.8888888888888888,0.5,0.5,74,52,22,704,404,300,16.087616670718763,59.69903230198919,-43.61141563127043,236.47093655355442,0.0,16.087616670718763
17,VoltGuard risk-cost candidate screening,1.5,2,120,9,240,840,0.7777777777777778,0.6833333333333333,0.6833333333333333,67,52,15,552,404,148,38.09458909616148,59.69903230198919,-21.604443205827714,236.47093655355442,0.0,38.09458909616148
17,VoltGuard risk-cost candidate screening,1.5,3,120,9,360,720,0.6666666666666666,0.7916666666666666,0.7916666666666666,58,52,6,496,404,92,46.766737545815445,59.69903230198919,-12.932294756173746,236.47093655355442,0.0,46.766737545815445
17,VoltGuard risk-cost candidate screening,1.5,5,120,9,600,480,0.4444444444444444,0.95,0.95,55,52,3,424,404,20,57.48663649537111,59.69903230198919,-2.2123958066180833,236.47093655355442,0.0,57.48663649537111
17,VoltGuard risk-cost candidate screening,2.0,1,120,9,120,960,0.8888888888888888,0.39166666666666666,0.39166666666666666,81,52,29,810,404,406,5.194732068804896,59.69903230198919,-54.504300233184296,236.47093655355442,0.0,5.194732068804896
17,VoltGuard risk-cost candidate screening,2.0,2,120,9,240,840,0.7777777777777778,0.5,0.5,72,52,20,665,404,261,21.741092221411076,59.69903230198919,-37.95794008057811,236.47093655355442,0.0,21.741092221411076
17,VoltGuard risk-cost candidate screening,2.0,3,120,9,360,720,0.6666666666666666,0.65,0.65,62,52,10,572,404,168,35.163638667698244,59.69903230198919,-24.535393634290948,236.47093655355442,0.0,35.163638667698244
17,VoltGuard risk-cost candidate screening,2.0,5,120,9,600,480,0.4444444444444444,0.875,0.875,57,52,5,460,404,56,54.16392734126177,59.69903230198919,-5.535104960727423,236.47093655355442,0.0,54.16392734126177
17,VoltGuard risk-cost candidate screening,3.0,1,120,9,120,960,0.8888888888888888,0.2916666666666667,0.2916666666666667,91,52,39,876,404,472,0.0,59.69903230198919,-59.69903230198919,236.47093655355442,0.0,0.0
17,VoltGuard risk-cost candidate screening,3.0,2,120,9,240,840,0.7777777777777778,0.425,0.425,77,52,25,738,404,334,13.79676207694943,59.69903230198919,-45.902270225039764,236.47093655355442,0.0,13.79676207694943
17,VoltGuard risk-cost candidate screening,3.0,3,120,9,360,720,0.6666666666666666,0.4666666666666667,0.4666666666666667,74,52,22,668,404,264,21.756586141847887,59.69903230198919,-37.9424461601413,236.47093655355442,0.0,21.756586141847887
17,VoltGuard risk-cost candidate screening,3.0,5,120,9,600,480,0.4444444444444444,0.7166666666666667,0.7166666666666667,60,52,8,525,404,121,43.68378009152637,59.69903230198919,-16.01525221046282,236.47093655355442,0.0,43.68378009152637
17,VoltGuard risk-cost candidate screening,5.0,1,120,9,120,960,0.8888888888888888,0.2916666666666667,0.2916666666666667,91,52,39,876,404,472,0.0,59.69903230198919,-59.69903230198919,236.47093655355442,0.0,0.0
17,VoltGuard risk-cost candidate screening,5.0,2,120,9,240,840,0.7777777777777778,0.4,0.4,79,52,27,782,404,378,10.133443443283747,59.69903230198919,-49.565588858705446,236.47093655355442,0.0,10.133443443283747
17,VoltGuard risk-cost candidate screening,5.0,3,120,9,360,720,0.6666666666666666,0.425,0.425,77,52,25,704,404,300,19.996230030087577,59.69903230198919,-39.70280227190162,236.47093655355442,0.0,19.996230030087577
17,VoltGuard risk-cost candidate screening,5.0,5,120,9,600,480,0.4444444444444444,0.6083333333333333,0.6083333333333333,65,52,13,573,404,169,36.533132601474456,59.69903230198919,-23.165899700514736,236.47093655355442,0.0,36.533132601474456
42,VoltGuard risk-cost candidate screening,0.0,1,120,9,120,960,0.8888888888888888,0.825,0.825,46,46,0,342,342,0,72.87985032882295,58.044574503294285,14.835275825528669,237.1607847356227,2.6885552649486275,70.19129506387432
42,VoltGuard risk-cost candidate screening,0.0,2,120,9,240,840,0.7777777777777778,0.8416666666666667,0.8416666666666667,46,46,0,342,342,0,70.4532271527556,58.044574503294285,12.408652649461317,237.41712999013595,2.432210010435365,68.02101714232025
42,VoltGuard risk-cost candidate screening,0.0,3,120,9,360,720,0.6666666666666666,0.8583333333333333,0.8583333333333333,46,46,0,342,342,0,69.27477727973428,58.044574503294285,11.230202776439995,238.5955798631573,1.2537601374140288,68.02101714232025
42,VoltGuard risk-cost candidate screening,0.0,5,120,9,600,480,0.4444444444444444,0.875,0.875,46,46,0,342,342,0,65.44037049141679,58.044574503294285,7.395795988122501,237.97489866787896,1.8744413326923652,63.56592915872442
42,VoltGuard risk-cost candidate screening,0.02,1,120,9,120,960,0.8888888888888888,0.825,0.825,46,46,0,342,342,0,72.35760312016666,58.044574503294285,14.313028616872373,236.81261992985185,3.036720070719497,69.32088304944716
42,VoltGuard risk-cost candidate screening,0.02,2,120,9,240,840,0.7777777777777778,0.8416666666666667,0.8416666666666667,46,46,0,342,342,0,70.4532271527556,58.044574503294285,12.408652649461317,237.41712999013595,2.432210010435365,68.02101714232025
42,VoltGuard risk-cost candidate screening,0.02,3,120,9,360,720,0.6666666666666666,0.8583333333333333,0.8583333333333333,46,46,0,342,342,0,69.27477727973428,58.044574503294285,11.230202776439995,238.5955798631573,1.2537601374140288,68.02101714232025
42,VoltGuard risk-cost candidate screening,0.02,5,120,9,600,480,0.4444444444444444,0.8833333333333333,0.8833333333333333,46,46,0,342,342,0,65.0039420485223,58.044574503294285,6.9593675452280195,237.97489866787896,1.8744413326923652,63.129500715829934
42,VoltGuard risk-cost candidate screening,0.05,1,120,9,120,960,0.8888888888888888,0.825,0.825,46,46,0,342,342,0,71.7454088443999,58.044574503294285,13.700834341105619,236.55025095452322,3.2990890460481057,68.4463197983518
42,VoltGuard risk-cost candidate screening,0.05,2,120,9,240,840,0.7777777777777778,0.85,0.85,46,46,0,342,342,0,70.1718858523505,58.044574503294285,12.127311349056214,237.69847129054108,2.1508687100302515,68.02101714232025
42,VoltGuard risk-cost candidate screening,0.05,3,120,9,360,720,0.6666666666666666,0.875,0.875,46,46,0,342,342,0,68.17335056365492,58.044574503294285,10.128776060360636,238.85076145677624,0.9985785437950996,67.17477201985983
42,VoltGuard risk-cost candidate screening,0.05,5,120,9,600,480,0.4444444444444444,0.9083333333333333,0.9083333333333333,46,46,0,342,342,0,63.68730784806289,58.044574503294285,5.642733344768608,238.4924492368265,1.3568907637448269,62.33041708431807
42,VoltGuard risk-cost candidate screening,0.1,1,120,9,120,960,0.8888888888888888,0.8416666666666667,0.8416666666666667,46,46,0,342,342,0,70.06750637746339,58.044574503294285,12.022931874169103,237.37754810939663,2.471791891174692,67.5957144862887
42,VoltGuard risk-cost candidate screening,0.1,2,120,9,240,840,0.7777777777777778,0.8916666666666667,0.8916666666666667,46,46,0,342,342,0,67.42292451939238,58.044574503294285,9.378350016098096,238.83670305476696,1.0126369458043767,66.41028757358802
42,VoltGuard risk-cost candidate screening,0.1,3,120,9,360,720,0.6666666666666666,0.9166666666666666,0.9166666666666666,46,46,0,342,342,0,66.41028757358802,58.044574503294285,8.365713070293737,239.84934000057135,0.0,66.41028757358802
42,VoltGuard risk-cost candidate screening,0.1,5,120,9,600,480,0.4444444444444444,0.9333333333333333,0.9333333333333333,46,46,0,342,342,0,61.93971361352658,58.044574503294285,3.895139110232293,239.84934000057135,0.0,61.93971361352658
42,VoltGuard risk-cost candidate screening,0.15,1,120,9,120,960,0.8888888888888888,0.8416666666666667,0.8416666666666667,46,46,0,342,342,0,70.06750637746339,58.044574503294285,12.022931874169103,237.37754810939663,2.471791891174692,67.5957144862887
42,VoltGuard risk-cost candidate screening,0.15,2,120,9,240,840,0.7777777777777778,0.9166666666666666,0.9166666666666666,46,46,0,342,342,0,66.41028757358802,58.044574503294285,8.365713070293737,239.84934000057135,0.0,66.41028757358802
42,VoltGuard risk-cost candidate screening,0.15,3,120,9,360,720,0.6666666666666666,0.9166666666666666,0.9166666666666666,46,46,0,342,342,0,65.40585411505447,58.044574503294285,7.361279611760182,239.84934000057135,0.0,65.40585411505447
42,VoltGuard risk-cost candidate screening,0.15,5,120,9,600,480,0.4444444444444444,0.9416666666666667,0.9416666666666667,46,46,0,342,342,0,61.54993422940764,58.044574503294285,3.5053597261133547,239.84934000057135,0.0,61.54993422940764
42,VoltGuard risk-cost candidate screening,0.2,1,120,9,120,960,0.8888888888888888,0.8833333333333333,0.8833333333333333,46,46,0,342,342,0,68.0191401721856,58.044574503294285,9.974565668891316,238.24048740197375,1.608852598597591,66.41028757358802
42,VoltGuard risk-cost candidate screening,0.2,2,120,9,240,840,0.7777777777777778,0.9166666666666666,0.9166666666666666,46,46,0,342,342,0,65.40585411505447,58.044574503294285,7.361279611760182,239.84934000057135,0.0,65.40585411505447
42,VoltGuard risk-cost candidate screening,0.2,3,120,9,360,720,0.6666666666666666,0.925,0.925,46,46,0,342,342,0,63.41061071521829,58.044574503294285,5.366036211924005,239.84934000057135,0.0,63.41061071521829
42,VoltGuard risk-cost candidate screening,0.2,5,120,9,600,480,0.4444444444444444,0.9416666666666667,0.9416666666666667,46,46,0,342,342,0,61.54993422940764,58.044574503294285,3.5053597261133547,239.84934000057135,0.0,61.54993422940764
42,VoltGuard risk-cost candidate screening,0.3,1,120,9,120,960,0.8888888888888888,0.9166666666666666,0.9166666666666666,46,46,0,342,342,0,66.41028757358802,58.044574503294285,8.365713070293737,239.84934000057135,0.0,66.41028757358802
42,VoltGuard risk-cost candidate screening,0.3,2,120,9,240,840,0.7777777777777778,0.925,0.925,46,46,0,342,342,0,63.549617122152945,58.044574503294285,5.50504261885866,239.84934000057135,0.0,63.549617122152945
42,VoltGuard risk-cost candidate screening,0.3,3,120,9,360,720,0.6666666666666666,0.9666666666666667,0.9666666666666667,46,46,0,342,342,0,59.99812575399556,58.044574503294285,1.953551250701274,239.84934000057135,0.0,59.99812575399556
42,VoltGuard risk-cost candidate screening,0.3,5,120,9,600,480,0.4444444444444444,0.9833333333333333,0.9833333333333333,46,46,0,342,342,0,59.07904316209151,58.044574503294285,1.0344686587972234,239.84934000057135,0.0,59.07904316209151
42,VoltGuard risk-cost candidate screening,0.5,1,120,9,120,960,0.8888888888888888,0.9666666666666667,0.9666666666666667,46,46,0,342,342,0,60.54667769343119,58.044574503294285,2.502103190136907,239.84934000057135,0.0,60.54667769343119
42,VoltGuard risk-cost candidate screening,0.5,2,120,9,240,840,0.7777777777777778,0.975,0.975,46,46,0,342,342,0,59.515471604986,58.044574503294285,1.4708971016917118,239.84934000057135,0.0,59.515471604986
42,VoltGuard risk-cost candidate screening,0.5,3,120,9,360,720,0.6666666666666666,0.9916666666666667,0.9916666666666667,46,46,0,342,342,0,58.481002946188774,58.044574503294285,0.43642844289448846,239.84934000057135,0.0,58.481002946188774
42,VoltGuard risk-cost candidate screening,0.5,5,120,9,600,480,0.4444444444444444,1.0,1.0,46,46,0,342,342,0,58.044574503294285,58.044574503294285,0.0,239.84934000057135,0.0,58.044574503294285
42,VoltGuard risk-cost candidate screening,0.8,1,120,9,120,960,0.8888888888888888,0.8833333333333333,0.8833333333333333,57,46,11,376,342,34,52.5452177171291,58.044574503294285,-5.499356786165187,239.84934000057135,0.0,52.5452177171291
42,VoltGuard risk-cost candidate screening,0.8,2,120,9,240,840,0.7777777777777778,0.975,0.975,47,46,1,346,342,4,57.515631123459784,58.044574503294285,-0.5289433798345016,239.84934000057135,0.0,57.515631123459784
42,VoltGuard risk-cost candidate screening,0.8,3,120,9,360,720,0.6666666666666666,0.9916666666666667,0.9916666666666667,46,46,0,342,342,0,58.481002946188774,58.044574503294285,0.43642844289448846,239.84934000057135,0.0,58.481002946188774
42,VoltGuard risk-cost candidate screening,0.8,5,120,9,600,480,0.4444444444444444,1.0,1.0,46,46,0,342,342,0,58.044574503294285,58.044574503294285,0.0,239.84934000057135,0.0,58.044574503294285
42,VoltGuard risk-cost candidate screening,1.0,1,120,9,120,960,0.8888888888888888,0.825,0.825,60,46,14,402,342,60,49.14794821288959,58.044574503294285,-8.896626290404697,239.84934000057135,0.0,49.14794821288959
42,VoltGuard risk-cost candidate screening,1.0,2,120,9,240,840,0.7777777777777778,0.95,0.95,50,46,4,355,342,13,56.55516631312602,58.044574503294285,-1.4894081901682625,239.84934000057135,0.0,56.55516631312602
42,VoltGuard risk-cost candidate screening,1.0,3,120,9,360,720,0.6666666666666666,0.9833333333333333,0.9833333333333333,47,46,1,344,342,2,58.23002466673354,58.044574503294285,0.18545016343925624,239.84934000057135,0.0,58.23002466673354
42,VoltGuard risk-cost candidate screening,1.0,5,120,9,600,480,0.4444444444444444,1.0,1.0,46,46,0,342,342,0,58.044574503294285,58.044574503294285,0.0,239.84934000057135,0.0,58.044574503294285
42,VoltGuard risk-cost candidate screening,1.5,1,120,9,120,960,0.8888888888888888,0.475,0.475,73,46,27,635,342,293,14.729889506943476,58.044574503294285,-43.314684996350806,239.84934000057135,0.0,14.729889506943476
42,VoltGuard risk-cost candidate screening,1.5,2,120,9,240,840,0.7777777777777778,0.6583333333333333,0.6583333333333333,65,46,19,486,342,144,37.28255137897078,58.044574503294285,-20.762023124323505,239.84934000057135,0.0,37.28255137897078
42,VoltGuard risk-cost candidate screening,1.5,3,120,9,360,720,0.6666666666666666,0.8083333333333333,0.8083333333333333,54,46,8,415,342,73,48.07791684565293,58.044574503294285,-9.966657657641356,239.84934000057135,0.0,48.07791684565293
42,VoltGuard risk-cost candidate screening,1.5,5,120,9,600,480,0.4444444444444444,0.9666666666666667,0.9666666666666667,50,46,4,353,342,11,56.900113461316366,58.044574503294285,-1.1444610419779195,239.84934000057135,0.0,56.900113461316366
42,VoltGuard risk-cost candidate screening,2.0,1,120,9,120,960,0.8888888888888888,0.39166666666666666,0.39166666666666666,81,46,35,720,342,378,5.440628743944897,58.044574503294285,-52.603945759349386,239.84934000057135,0.0,5.440628743944897
42,VoltGuard risk-cost candidate screening,2.0,2,120,9,240,840,0.7777777777777778,0.525,0.525,70,46,24,571,342,229,25.638480220465656,58.044574503294285,-32.40609428282863,239.84934000057135,0.0,25.638480220465656
42,VoltGuard risk-cost candidate screening,2.0,3,120,9,360,720,0.6666666666666666,0.6583333333333333,0.6583333333333333,61,46,15,498,342,156,36.8366409839378,58.044574503294285,-21.207933519356487,239.84934000057135,0.0,36.8366409839378
42,VoltGuard risk-cost candidate screening,2.0,5,120,9,600,480,0.4444444444444444,0.8833333333333333,0.8833333333333333,53,46,7,399,342,57,53.2452346106232,58.044574503294285,-4.799339892671085,239.84934000057135,0.0,53.2452346106232
42,VoltGuard risk-cost candidate screening,3.0,1,120,9,120,960,0.8888888888888888,0.2833333333333333,0.2833333333333333,93,46,47,794,342,452,0.0,58.044574503294285,-58.044574503294285,239.84934000057135,0.0,0.0
42,VoltGuard risk-cost candidate screening,3.0,2,120,9,240,840,0.7777777777777778,0.4583333333333333,0.4583333333333333,73,46,27,631,342,289,15.152738870984294,58.044574503294285,-42.89183563230999,239.84934000057135,0.0,15.152738870984294
42,VoltGuard risk-cost candidate screening,3.0,3,120,9,360,720,0.6666666666666666,0.475,0.475,72,46,26,580,342,238,21.90201912335709,58.044574503294285,-36.14255537993719,239.84934000057135,0.0,21.90201912335709
42,VoltGuard risk-cost candidate screening,3.0,5,120,9,600,480,0.4444444444444444,0.775,0.775,54,46,8,432,342,90,45.698872569756034,58.044574503294285,-12.345701933538251,239.84934000057135,0.0,45.698872569756034
42,VoltGuard risk-cost candidate screening,5.0,1,120,9,120,960,0.8888888888888888,0.2833333333333333,0.2833333333333333,93,46,47,794,342,452,0.0,58.044574503294285,-58.044574503294285,239.84934000057135,0.0,0.0
42,VoltGuard risk-cost candidate screening,5.0,2,120,9,240,840,0.7777777777777778,0.4166666666666667,0.4166666666666667,78,46,32,684,342,342,10.376880773444594,58.044574503294285,-47.66769372984969,239.84934000057135,0.0,10.376880773444594
42,VoltGuard risk-cost candidate screening,5.0,3,120,9,360,720,0.6666666666666666,0.4666666666666667,0.4666666666666667,73,46,27,596,342,254,20.814290179267545,58.044574503294285,-37.23028432402674,239.84934000057135,0.0,20.814290179267545
42,VoltGuard risk-cost candidate screening,5.0,5,120,9,600,480,0.4444444444444444,0.6,0.6,65,46,19,501,342,159,36.02451445611946,58.044574503294285,-22.020060047174823,239.84934000057135,0.0,36.02451445611946
