feeder,scenario_id,load_relief,pv_curtail,predicted_risk_buses,predicted_interval_severity,predicted_mean_width,ldf_point_severity
33,3,0.0,0.0,21,0.03898963482234652,0.0006887679490457066,0.03542028411155673
33,3,0.0,0.1,21,0.039767803246397504,0.0005274910307726566,0.03625688714040243
33,3,0.0,0.2,21,0.040636855845522346,0.0005274910307726566,0.03709425684679302
33,3,0.1,0.0,17,0.028607690468271052,0.0006887679490457066,0.025694838562845157
33,3,0.1,0.1,17,0.029376312875611932,0.0005274910307726566,0.026522631006516306
33,3,0.1,0.2,18,0.03020876408733164,0.0005274910307726566,0.027351166138010696
33,3,0.2,0.0,16,0.018140974707884006,0.0002837756508875522,0.016070663163350152
33,3,0.2,0.1,16,0.01909584533526254,0.0005274910307726566,0.016889917647490815
33,3,0.2,0.2,16,0.019927943119163793,0.0005274910307726566,0.017709892055231435
33,11,0.0,0.0,0,0.0,0.00036177907957557823,0.0
33,11,0.0,0.1,0,0.0,0.0005274910307726566,0.0
33,11,0.0,0.2,0,0.0,0.0005274910307726566,0.0
33,11,0.1,0.0,0,0.0,0.00036177907957557487,0.0
33,11,0.1,0.1,0,0.0,0.0005274910307726532,0.0
33,11,0.1,0.2,0,0.0,0.0005274910307726532,0.0
33,11,0.2,0.0,0,0.0,0.00036177907957557487,0.0
33,11,0.2,0.1,0,0.0,0.0005274910307726532,0.0
33,11,0.2,0.2,0,0.0,0.0005274910307726532,0.0
33,13,0.0,0.0,14,0.017338834798613867,0.0007579145766942741,0.014963082406346917
33,13,0.0,0.1,14,0.019431412740696263,0.0005274910307726532,0.017085778112938543
33,13,0.0,0.2,16,0.021624446215435356,0.0005274910307726566,0.019213314698129813
33,13,0.1,0.0,6,0.007805751538963568,0.0004002759957200086,0.0061622356566599645
33,13,0.1,0.1,9,0.010071834972588012,0.0005274910307726532,0.008265093809974755
33,13,0.1,0.2,10,0.012351350859226673,0.0005274910307726566,0.010372658085750719
33,13,0.2,0.0,0,0.0,0.00040027599572001193,0.0
33,13,0.2,0.1,2,0.000850327244082516,0.0005274910307726566,0.0
33,13,0.2,0.2,3,0.0030224517566462827,0.0005274910307726566,0.0016144086868294938
33,17,0.0,0.0,0,0.0,0.00036177907957557487,0.0
33,17,0.0,0.1,0,0.0,0.0005274910307726566,0.0
33,17,0.0,0.2,0,0.0,0.0005274910307726566,0.0
33,17,0.1,0.0,0,0.0,0.00036177907957557487,0.0
33,17,0.1,0.1,0,0.0,0.0005274910307726532,0.0
33,17,0.1,0.2,0,0.0,0.0005274910307726532,0.0
33,17,0.2,0.0,0,0.0,0.00036177907957557487,0.0
33,17,0.2,0.1,0,0.0,0.0005274910307726566,0.0
33,17,0.2,0.2,0,0.0,0.0005274910307726532,0.0
33,18,0.0,0.0,0,0.0,0.00036177907957557823,0.0
33,18,0.0,0.1,0,0.0,0.0005274910307726566,0.0
33,18,0.0,0.2,1,0.00013217554825573075,0.0005274910307726566,0.0
33,18,0.1,0.0,0,0.0,0.00036177907957557823,0.0
33,18,0.1,0.1,0,0.0,0.0005274910307726566,0.0
33,18,0.1,0.2,0,0.0,0.0005274910307726566,0.0
33,18,0.2,0.0,0,0.0,0.00036177907957557823,0.0
33,18,0.2,0.1,0,0.0,0.0005274910307726566,0.0
33,18,0.2,0.2,0,0.0,0.0005274910307726566,0.0
33,22,0.0,0.0,10,0.01152480163887959,0.0002837756508875522,0.00989982674109302
33,22,0.0,0.1,11,0.012414744023694801,0.0005274910307726566,0.010600577833890235
33,22,0.0,0.2,11,0.013162680861290577,0.0005274910307726566,0.011301852046881278
33,22,0.1,0.0,4,0.004355472991428022,0.0002837756508875522,0.0030435260368669725
33,22,0.1,0.1,4,0.005185027203992276,0.0005274910307726566,0.0037391996995310706
33,22,0.1,0.2,6,0.005901259522235414,0.0005274910307726566,0.004435385185190932
33,22,0.2,0.0,0,0.0,0.0002837756508875522,0.0
33,22,0.2,0.1,0,0.0,0.0005274910307726566,0.0
33,22,0.2,0.2,0,0.0,0.0005274910307726566,0.0
33,27,0.0,0.0,15,0.017023137250125164,0.0002837756508875522,0.015050209802442427
33,27,0.0,0.1,16,0.01828128463262979,0.0005274910307726566,0.016163611459068306
33,27,0.0,0.2,16,0.01941004002029334,0.0005274910307726566,0.01727834219640667
33,27,0.1,0.0,11,0.008722160270281831,0.0002837756508875522,0.0072387848459728454
33,27,0.1,0.1,11,0.00996542700810843,0.0005274910307726566,0.008342950341574173
33,27,0.1,0.2,12,0.011139408674108564,0.0005274910307726566,0.009448412077187274
33,27,0.2,0.0,2,0.0006935582126126327,0.0002837756508875522,0.0
33,27,0.2,0.1,3,0.0019210024946000326,0.0005274910307726566,0.0005867086565238822
33,27,0.2,0.2,5,0.0030620766797276877,0.0005274910307726566,0.001683128826463709
33,31,0.0,0.0,0,0.0,0.0004002759957200086,0.0
33,31,0.0,0.1,0,0.0,0.0005274910307726532,0.0
33,31,0.0,0.2,0,0.0,0.0005274910307726566,0.0
33,31,0.1,0.0,0,0.0,0.00040027599572001193,0.0
33,31,0.1,0.1,0,0.0,0.0005274910307726566,0.0
33,31,0.1,0.2,0,0.0,0.0005274910307726532,0.0
33,31,0.2,0.0,0,0.0,0.00040027599572001193,0.0
33,31,0.2,0.1,0,0.0,0.0005274910307726566,0.0
33,31,0.2,0.2,0,0.0,0.0005274910307726566,0.0
33,38,0.0,0.0,0,0.0,0.0005968840775811834,0.0
33,38,0.0,0.1,0,0.0,0.0005274910307726566,0.0
33,38,0.0,0.2,0,0.0,0.0005274910307726566,0.0
33,38,0.1,0.0,0,0.0,0.0005968840775811868,0.0
33,38,0.1,0.1,0,0.0,0.0005274910307726532,0.0
33,38,0.1,0.2,0,0.0,0.0005274910307726532,0.0
33,38,0.2,0.0,0,0.0,0.0005968840775811834,0.0
33,38,0.2,0.1,0,0.0,0.0005274910307726566,0.0
33,38,0.2,0.2,0,0.0,0.0005274910307726532,0.0
33,47,0.0,0.0,12,0.015227226862094878,0.0007579145766942775,0.012944663453272387
33,47,0.0,0.1,15,0.017636162497947194,0.0005274910307726566,0.015354297366304337
33,47,0.0,0.2,16,0.020134381826689807,0.0005274910307726566,0.017770159696350096
33,47,0.1,0.0,4,0.005743415542615482,0.00040027599572001193,0.004074237757160537
33,47,0.1,0.1,5,0.00830028973048591,0.0005274910307726566,0.006461217874097813
33,47,0.1,0.2,10,0.010865880872937606,0.0005274910307726566,0.008854251947890579
33,47,0.2,0.0,0,0.0,0.00040027599572001193,0.0
33,47,0.2,0.1,0,0.0,0.0005274910307726566,0.0
33,47,0.2,0.2,3,0.0014483189511683703,0.0005274910307726566,2.2019728582955977e-05
33,52,0.0,0.0,5,0.012383713896656046,0.00040027599572001193,0.01035625188534317
33,52,0.0,0.1,9,0.014457796388060107,0.0005274910307726566,0.012311124126324402
33,52,0.0,0.2,12,0.01645855658430062,0.0005274910307726566,0.01427008036318822
33,52,0.1,0.0,4,0.0036450544475047364,0.00040027599572001193,0.0022092628287677663
33,52,0.1,0.1,4,0.00573384990324044,0.0005274910307726566,0.004147296861787053
33,52,0.1,0.2,5,0.007717473007101794,0.0005274910307726566,0.006089310050923613
33,52,0.2,0.0,0,0.0,0.00040027599572001193,0.0
33,52,0.2,0.1,0,0.0,0.0005274910307726566,0.0
33,52,0.2,0.2,0,0.0,0.0005274910307726566,0.0
33,59,0.0,0.0,20,0.03410546579761997,0.0006887679490457066,0.030902025550743506
33,59,0.0,0.1,20,0.03456095759076694,0.0005274910307726566,0.03143368810661029
33,59,0.0,0.2,20,0.035118221342484324,0.0005274910307726566,0.03196565856493039
33,59,0.1,0.0,16,0.02439586515298997,0.0002837756508875522,0.02196767552829537
33,59,0.1,0.1,16,0.025070934995474303,0.0005274910307726566,0.02249421674414709
33,59,0.1,0.2,17,0.025607324562120337,0.0005274910307726566,0.023021057045117477
33,59,0.2,0.0,12,0.014912934288659918,0.0002837756508875522,0.013118521961296925
33,59,0.2,0.1,13,0.015577281447999414,0.0005274910307726566,0.013640087038812365
33,59,0.2,0.2,15,0.01611816767700136,0.0005274910307726566,0.01416194279705596
33,72,0.0,0.0,9,0.00912245033614012,0.0007026593885042198,0.006638597764671239
33,72,0.0,0.1,11,0.012846530025344638,0.0005274910307726566,0.010390146755656637
33,72,0.0,0.2,15,0.016646556667173185,0.0005274910307726566,0.014156734596915799
33,72,0.1,0.0,0,0.0,0.0007026593885042232,0.0
33,72,0.1,0.1,3,0.002779534528878025,0.0005274910307726566,0.0008226394900344713
33,72,0.1,0.2,6,0.006542373926053946,0.0005274910307726566,0.004551110428958172
33,72,0.2,0.0,0,0.0,0.0003617790795755984,0.0
33,72,0.2,0.1,0,0.0,0.0005274910307726768,0.0
33,72,0.2,0.2,0,0.0,0.0005274910307726633,0.0
33,84,0.0,0.0,10,0.013380287363815357,0.0007579145766942775,0.011084670101018101
33,84,0.0,0.1,13,0.015456810528882037,0.0005274910307726566,0.013239464227435382
33,84,0.0,0.2,14,0.017647959622586584,0.0005274910307726566,0.015399226384607112
33,84,0.1,0.0,4,0.004099984988685912,0.00040027599572001193,0.0026629467893728442
33,84,0.1,0.1,5,0.006406299084425471,0.0005274910307726566,0.0047985415545621635
33,84,0.1,0.2,9,0.008611509189831668,0.0005274910307726566,0.006938972436581259
33,84,0.2,0.0,0,0.0,0.00040027599572001193,0.0
33,84,0.2,0.1,0,0.0,0.0005274910307726566,0.0
33,84,0.2,0.2,0,0.0,0.0005274910307726566,0.0
33,86,0.0,0.0,0,0.0,0.00036177907957557487,0.0
33,86,0.0,0.1,0,0.0,0.0005274910307726566,0.0
33,86,0.0,0.2,0,0.0,0.0005274910307726566,0.0
33,86,0.1,0.0,0,0.0,0.00036177907957557487,0.0
33,86,0.1,0.1,0,0.0,0.0005274910307726532,0.0
33,86,0.1,0.2,0,0.0,0.0005274910307726532,0.0
33,86,0.2,0.0,0,0.0,0.00036177907957557487,0.0
33,86,0.2,0.1,0,0.0,0.0005274910307726566,0.0
33,86,0.2,0.2,0,0.0,0.0005274910307726532,0.0
33,94,0.0,0.0,17,0.025006949478917795,0.0006887679490457066,0.022381851183185253
33,94,0.0,0.1,17,0.026545763414858148,0.0005274910307726566,0.02392499523367575
33,94,0.0,0.2,17,0.028203263997187644,0.0005274910307726566,0.025470714962711027
33,94,0.1,0.0,14,0.015291088240902084,0.0002837756508875522,0.013363249400127453
33,94,0.1,0.1,16,0.016963660124001523,0.0005274910307726566,0.014891510565270938
33,94,0.1,0.2,16,0.018586054517241157,0.0005274910307726566,0.0164222734814663
33,94,0.2,0.0,9,0.0058124698482846515,0.0002837756508875522,0.004430660853345314
33,94,0.2,0.1,10,0.0075080282389854425,0.0005274910307726566,0.005944461605751572
33,94,0.2,0.2,10,0.009054101534136438,0.0005274910307726566,0.007460693651735517
33,95,0.0,0.0,21,0.03903325890425591,0.0006887679490457066,0.035389456770978045
33,95,0.0,0.1,21,0.040250575857107784,0.0005274910307726566,0.03666165295426249
33,95,0.0,0.2,21,0.04161931136781383,0.0005274910307726566,0.03793562366311354
33,95,0.1,0.0,17,0.028114304489682995,0.0006887679490457066,0.025236943423579183
33,95,0.1,0.1,17,0.029328992865538694,0.0005274910307726566,0.026495153663437465
33,95,0.1,0.2,18,0.030604062622672124,0.0005274910307726566,0.027755080466326687
33,95,0.2,0.0,15,0.017371606240120574,0.0002837756508875522,0.01519468559948689
33,95,0.2,0.1,16,0.018772889037879548,0.0005274910307726566,0.016439361246418094
33,95,0.2,0.2,16,0.020027183894369194,0.0005274910307726566,0.017685698581991538
33,104,0.0,0.0,0,0.0,0.00040027599572001193,0.0
33,104,0.0,0.1,0,0.0,0.0005274910307726566,0.0
33,104,0.0,0.2,0,0.0,0.0005274910307726566,0.0
33,104,0.1,0.0,0,0.0,0.00040027599572001193,0.0
33,104,0.1,0.1,0,0.0,0.0005274910307726566,0.0
33,104,0.1,0.2,0,0.0,0.0005274910307726566,0.0
33,104,0.2,0.0,0,0.0,0.0004002759957200086,0.0
33,104,0.2,0.1,0,0.0,0.0005274910307726532,0.0
33,104,0.2,0.2,0,0.0,0.0005274910307726532,0.0
33,105,0.0,0.0,0,0.0,0.0007851903743807398,0.0
33,105,0.0,0.1,0,0.0,0.0005274910307726566,0.0
33,105,0.0,0.2,0,0.0,0.0005274910307726532,0.0
33,105,0.1,0.0,0,0.0,0.0007851903743807398,0.0
33,105,0.1,0.1,0,0.0,0.0005274910307726768,0.0
33,105,0.1,0.2,0,0.0,0.0005274910307726566,0.0
33,105,0.2,0.0,0,0.0,0.0007851903743807398,0.0
33,105,0.2,0.1,0,0.0,0.0005274910307727206,0.0
33,105,0.2,0.2,0,0.0,0.0005274910307726768,0.0
33,112,0.0,0.0,14,0.01975363976124833,0.0007579145766942775,0.017325439786268215
33,112,0.0,0.1,14,0.021369113372078363,0.0005274910307726566,0.01899985915777913
33,112,0.0,0.2,15,0.023112777518035532,0.0005274910307726566,0.020677295431456688
33,112,0.1,0.0,9,0.01039621381164213,0.00040027599572001193,0.008716713861053882
33,112,0.1,0.1,9,0.012276103333536459,0.0005274910307726566,0.010375792274970097
33,112,0.1,0.2,12,0.014101328871084395,0.0005274910307726566,0.012037805281445713
33,112,0.2,0.0,2,0.001465232541118855,0.00040027599572001193,0.00018601070568113887
33,112,0.2,0.1,4,0.003233731221629399,0.0005274910307726566,0.001830162240147315
33,112,0.2,0.2,5,0.004905464026023987,0.0005274910307726566,0.0034771697333960683
33,116,0.0,0.0,14,0.01872543959380868,0.00040027599572001193,0.016631407881824933
33,116,0.0,0.1,15,0.01979083493205469,0.0005274910307726566,0.01762793769620763
33,116,0.0,0.2,15,0.020813814671079456,0.0005274910307726566,0.01862553375315812
33,116,0.1,0.0,5,0.010359988915657925,0.00040027599572001193,0.008767562147672492
33,116,0.1,0.1,7,0.011484282937003987,0.0005274910307726566,0.009755757328236525
33,116,0.1,0.2,10,0.012558899043254468,0.0005274910307726566,0.010744992193621239
33,116,0.2,0.0,3,0.0022375961765848107,0.00040027599572001193,0.0009688754428515134
33,116,0.2,0.1,3,0.003324913669676799,0.0005274910307726566,0.001948941675518956
33,116,0.2,0.2,4,0.004338823209266485,0.0005274910307726566,0.002930022119732034
33,122,0.0,0.0,21,0.04736745254622288,0.0006887679490457099,0.0432789401557957
33,122,0.0,0.1,21,0.04898746912625129,0.0005274910307726532,0.044860346820450814
33,122,0.0,0.2,21,0.050619630359805434,0.0005274910307726532,0.0464445212655773
33,122,0.1,0.0,19,0.035253130734416604,0.0006887679490457066,0.031961841242151956
33,122,0.1,0.1,20,0.036850749198649835,0.0005274910307726566,0.03352371971310841
33,122,0.1,0.2,20,0.03848289849981934,0.0005274910307726566,0.03508826451865066
33,122,0.2,0.0,16,0.023329398159893322,0.0006887679490457066,0.02078256500106368
33,122,0.2,0.1,16,0.02483802048885486,0.0005274910307726566,0.022325621298615372
33,122,0.2,0.2,16,0.026460466228340085,0.0005274910307726566,0.023871248533986367
33,124,0.0,0.0,20,0.04000822231087864,0.0007579145766942775,0.03617511441454824
33,124,0.0,0.1,20,0.04169220510720539,0.0005274910307726532,0.037900343053921204
33,124,0.0,0.2,21,0.0435010780286571,0.0005274910307726566,0.039628841138382276
33,124,0.1,0.0,15,0.02837419768740823,0.0007579145766942775,0.02549014787410353
33,124,0.1,0.1,16,0.030123618342661307,0.0005274910307726532,0.02719540022617062
33,124,0.1,0.2,17,0.03200429001173155,0.0005274910307726566,0.028903809556446003
33,124,0.2,0.0,5,0.017274482005584013,0.0007579145766942775,0.014927269224243589
33,124,0.2,0.1,9,0.018948998938768447,0.0005274910307726566,0.0166132235100388
33,124,0.2,0.2,12,0.020668372704589655,0.0005274910307726532,0.018302228610473037
33,128,0.0,0.0,0,0.0,0.00040027599572001193,0.0
33,128,0.0,0.1,3,0.001683849602418297,0.0005274910307726566,0.00027871385901889756
33,128,0.0,0.2,3,0.0034640620597556904,0.0005274910307726566,0.001987599395426032
33,128,0.1,0.0,0,0.0,0.00040027599572001193,0.0
33,128,0.1,0.1,0,0.0,0.0005274910307726566,0.0
33,128,0.1,0.2,0,0.0,0.0005274910307726566,0.0
33,128,0.2,0.0,0,0.0,0.0004002759957200086,0.0
33,128,0.2,0.1,0,0.0,0.0005274910307726532,0.0
33,128,0.2,0.2,0,0.0,0.0005274910307726532,0.0
33,131,0.0,0.0,10,0.0069700775793928305,0.0002837756508875522,0.005571103771977004
33,131,0.0,0.1,10,0.008243579152038882,0.0005274910307726566,0.006688518225265394
33,131,0.0,0.2,12,0.009390150009586429,0.0005274910307726566,0.007807257900163567
33,131,0.1,0.0,0,0.0,0.0002837756508875522,0.0
33,131,0.1,0.1,2,0.0011331376393962644,0.0005274910307726566,0.0
33,131,0.1,0.2,4,0.002250894808001336,0.0005274910307726566,0.0009784208749533674
33,131,0.2,0.0,0,0.0,0.00028377565088755555,0.0
33,131,0.2,0.1,0,0.0,0.0005274910307726532,0.0
33,131,0.2,0.2,0,0.0,0.0005274910307726532,0.0
33,133,0.0,0.0,21,0.04968447547526933,0.0006887679490457066,0.04530536210275449
33,133,0.0,0.1,21,0.05187279445802995,0.0005274910307726566,0.04757321144405302
33,133,0.0,0.2,21,0.054146357409151524,0.0005274910307726566,0.0498467743951746
33,133,0.1,0.0,21,0.0365310164644973,0.0006887679490457066,0.03309028351061005
33,133,0.1,0.1,21,0.038781377033803466,0.0005274910307726566,0.035327846135006946
33,133,0.1,0.2,21,0.04110926993348274,0.0005274910307726566,0.037570895948952465
33,133,0.2,0.0,16,0.0235783520980537,0.0006887679490457066,0.021035808792782884
33,133,0.2,0.1,17,0.025783719714559283,0.0005274910307726566,0.0232442665898146
33,133,0.2,0.2,18,0.028149004267680522,0.0005274910307726566,0.025457999725257086
33,134,0.0,0.0,11,0.011178898350556854,0.0002837756508875522,0.009586414871205817
33,134,0.0,0.1,11,0.01220753520703477,0.0005274910307726566,0.010408886938026884
33,134,0.0,0.2,12,0.013111976549849746,0.0005274910307726566,0.011232079587674137
33,134,0.1,0.0,4,0.003966742156576775,0.0002837756508875522,0.0026425218878214363
33,134,0.1,0.1,4,0.004915660046055037,0.0005274910307726566,0.0034589602213156434
33,134,0.1,0.2,7,0.005747023988316502,0.0005274910307726566,0.004276103381352536
33,134,0.2,0.0,0,0.0,0.0002837756508875522,0.0
33,134,0.2,0.1,0,0.0,0.0005274910307726566,0.0
33,134,0.2,0.2,0,0.0,0.0005274910307726566,0.0
33,135,0.0,0.0,14,0.011510020538093912,0.0002837756508875522,0.00990150934371814
33,135,0.0,0.1,14,0.012819375740929062,0.0005274910307726566,0.010988661542989164
33,135,0.0,0.2,14,0.013974996730953482,0.0005274910307726566,0.012077073866175736
33,135,0.1,0.0,8,0.003897898696306523,0.0002837756508875522,0.0026618696029439004
33,135,0.1,0.1,10,0.005137428765207508,0.0005274910307726566,0.0037407041826234
33,135,0.1,0.2,10,0.006261910565613316,0.0005274910307726566,0.004820770151287679
33,135,0.2,0.0,0,0.0,0.0002837756508875522,0.0
33,135,0.2,0.1,0,0.0,0.0005274910307726566,0.0
33,135,0.2,0.2,0,0.0,0.0005274910307726566,0.0
33,136,0.0,0.0,19,0.031522650949600495,0.0006887679490457066,0.02849940268510598
33,136,0.0,0.1,19,0.032431005071129504,0.0005274910307726566,0.029396992968838687
33,136,0.0,0.2,20,0.033368665551364196,0.0005274910307726566,0.03029545925991739
33,136,0.1,0.0,16,0.021784322274892576,0.0002837756508875522,0.01946226832899145
33,136,0.1,0.1,16,0.02283376836363704,0.0005274910307726566,0.02035113307951808
33,136,0.1,0.2,16,0.023758111137263782,0.0005274910307726566,0.02124084851364949
33,136,0.2,0.0,11,0.01222920679859374,0.0002837756508875522,0.010512060069345242
33,136,0.2,0.1,11,0.01330784035433441,0.0005274910307726566,0.011392448901962227
33,136,0.2,0.2,13,0.014227881835639833,0.0005274910307726566,0.01227366429146004
33,137,0.0,0.0,5,0.012240911513336616,0.0007851903743807398,0.00986566521869825
33,137,0.0,0.1,5,0.015161108760734288,0.0005274910307726532,0.012857212405392393
33,137,0.0,0.2,5,0.01825278283442089,0.0005274910307726532,0.0158583398399883
33,137,0.1,0.0,3,0.002884700597377221,0.0005968840775811868,0.0007459382308118157
33,137,0.1,0.1,4,0.005655682757296998,0.0005274910307726532,0.0037086544350029005
33,137,0.1,0.2,4,0.008587069265410419,0.0005274910307726532,0.006680675700363015
33,137,0.2,0.0,0,0.0,0.0005968840775811834,0.0
33,137,0.2,0.1,0,0.0,0.0005274910307726566,0.0
33,137,0.2,0.2,0,0.0,0.0005274910307726566,0.0
33,139,0.0,0.0,1,0.0005455305927208887,0.0003617790795755883,0.0
33,139,0.0,0.1,3,0.002817601759003696,0.0005274910307726532,0.001405613182717258
33,139,0.0,0.2,4,0.0050157980706844185,0.0005274910307726566,0.003559490157381995
33,139,0.1,0.0,0,0.0,0.0003617790795755984,0.0
33,139,0.1,0.1,0,0.0,0.0005274910307726667,0.0
33,139,0.1,0.2,0,0.0,0.0005274910307726566,0.0
33,139,0.2,0.0,0,0.0,0.0003617790795755984,0.0
33,139,0.2,0.1,0,0.0,0.0005274910307726768,0.0
33,139,0.2,0.2,0,0.0,0.0005274910307726667,0.0
33,141,0.0,0.0,5,0.00334381776319137,0.00040027599572001193,0.0019834810648345913
33,141,0.0,0.1,7,0.004376764779686293,0.0005274910307726566,0.0029435669400308395
33,141,0.0,0.2,8,0.005361886908452074,0.0005274910307726566,0.0039046270979894437
33,141,0.1,0.0,0,0.0,0.00040027599572001193,0.0
33,141,0.1,0.1,0,0.0,0.0005274910307726566,0.0
33,141,0.1,0.2,0,0.0,0.0005274910307726566,0.0
33,141,0.2,0.0,0,0.0,0.0004002759957200086,0.0
33,141,0.2,0.1,0,0.0,0.0005274910307726532,0.0
33,141,0.2,0.2,0,0.0,0.0005274910307726532,0.0
33,143,0.0,0.0,19,0.03748372785183296,0.0007579145766942775,0.03359904603846553
33,143,0.0,0.1,20,0.0401079234449242,0.0005274910307726566,0.03619934674450487
33,143,0.0,0.2,21,0.04292228628410666,0.0005274910307726566,0.038807067982456034
33,143,0.1,0.0,13,0.02521649437756146,0.0007579145766942775,0.02233049413549737
33,143,0.1,0.1,16,0.027849666771536996,0.0005274910307726566,0.024899120322843138
33,143,0.1,0.2,17,0.030576423318018797,0.0005274910307726566,0.02747489841847195
33,143,0.2,0.0,5,0.0134759761219303,0.0007579145766942775,0.01119719014045839
33,143,0.2,0.1,5,0.016000661379333425,0.0005274910307726566,0.013735271801436744
33,143,0.2,0.2,12,0.018649520517634355,0.0005274910307726566,0.01628025257184984
33,149,0.0,0.0,4,0.006951425817665724,0.00040027599572001193,0.005359189214731774
33,149,0.0,0.1,5,0.008802840631516151,0.0005274910307726566,0.007110349697284746
33,149,0.0,0.2,6,0.010682256101032017,0.0005274910307726566,0.008864768540193024
33,149,0.1,0.0,0,0.0,0.00040027599572001193,0.0
33,149,0.1,0.1,3,0.0010487763901084746,0.0005274910307726566,0.0
33,149,0.1,0.2,3,0.0028557025676423375,0.0005274910307726566,0.0014188139606227113
33,149,0.2,0.0,0,0.0,0.00040027599572001193,0.0
33,149,0.2,0.1,0,0.0,0.0005274910307726566,0.0
33,149,0.2,0.2,0,0.0,0.0005274910307726566,0.0
33,153,0.0,0.0,16,0.03395103473020078,0.0007026593885042198,0.030682227311669696
33,153,0.0,0.1,17,0.036533748491757057,0.0005274910307726532,0.0331968639404685
33,153,0.0,0.2,18,0.0392110991625344,0.0005274910307726566,0.03571841679023657
33,153,0.1,0.0,14,0.022332004488647028,0.0007026593885042232,0.019813014843462096
33,153,0.1,0.1,15,0.02478853986806384,0.0005274910307726532,0.022298188822200804
33,153,0.1,0.2,16,0.027390148588142482,0.0005274910307726566,0.02479003811538616
33,153,0.2,0.0,9,0.010952650018066112,0.00036177907957557487,0.009069350308649748
33,153,0.2,0.1,10,0.013616742131349224,0.0005274910307726566,0.011526073544637083
33,153,0.2,0.2,13,0.01611401309309335,0.0005274910307726532,0.013989244856392857
33,159,0.0,0.0,5,0.012085268727655807,0.0007026593885042232,0.00954888474291804
33,159,0.0,0.1,5,0.015271386732105152,0.0005274910307726566,0.012815702169232446
33,159,0.0,0.2,12,0.018542516688473065,0.0005274910307726566,0.016093946902147716
33,159,0.1,0.0,3,0.002044261865859043,0.0007026593885042232,0.0001908811465322069
33,159,0.1,0.1,3,0.005373379865014849,0.0005274910307726566,0.0034254016880335136
33,159,0.1,0.2,4,0.008639993276435387,0.0005274910307726566,0.006671012805330889
33,159,0.2,0.0,0,0.0,0.00036177907957557823,0.0
33,159,0.2,0.1,0,0.0,0.0005274910307726566,0.0
33,159,0.2,0.2,0,0.0,0.0005274910307726566,0.0
33,161,0.0,0.0,21,0.03687594616846668,0.0007579145766942775,0.032978574900772384
33,161,0.0,0.1,21,0.03963947012076385,0.0005274910307726532,0.03575116288896507
33,161,0.0,0.2,21,0.042586585346437666,0.0005274910307726566,0.03853218475541276
33,161,0.1,0.0,17,0.024518949130635015,0.0007579145766942741,0.0216073984493117
33,161,0.1,0.1,18,0.027316865788181266,0.0005274910307726566,0.02434592601668062
33,161,0.1,0.2,19,0.030231809494221662,0.0005274910307726532,0.027092579534773842
33,161,0.2,0.0,11,0.012652057154183605,0.0007579145766942741,0.01037382372717377
33,161,0.2,0.1,15,0.015344062632875688,0.0005274910307726532,0.01307951607142599
33,161,0.2,0.2,16,0.01816718133061379,0.0005274910307726532,0.015793044731086003
33,162,0.0,0.0,4,0.005922460119464956,0.0007851903743807432,0.0035680483019835396
33,162,0.0,0.1,11,0.010402202809047911,0.0005274910307726532,0.007921983178692749
33,162,0.0,0.2,14,0.014843249833705219,0.0005274910307726566,0.012296133973513923
33,162,0.1,0.0,0,0.0,0.0007851903743807398,0.0
33,162,0.1,0.1,0,0.0,0.0005274910307726566,0.0
33,162,0.1,0.2,4,0.00440857734890987,0.0005274910307726532,0.002404281426685695
33,162,0.2,0.0,0,0.0,0.0005968840775811834,0.0
33,162,0.2,0.1,0,0.0,0.0005274910307726566,0.0
33,162,0.2,0.2,0,0.0,0.0005274910307726566,0.0
33,170,0.0,0.0,21,0.04588496355899019,0.0006887679490457066,0.042001632364476515
33,170,0.0,0.1,21,0.047308393898748635,0.0005274910307726566,0.04336405008234678
33,170,0.0,0.2,21,0.04877337688076122,0.0005274910307726566,0.04472851821268797
33,170,0.1,0.0,19,0.034206253046770385,0.0006887679490457066,0.03104014124033283
33,170,0.1,0.1,20,0.03554052681999542,0.0005274910307726566,0.03238628385038966
33,170,0.1,0.2,20,0.03700969864664838,0.0005274910307726566,0.03373440415990303
33,170,0.2,0.0,16,0.022692529402544404,0.0006887679490457066,0.020207868179989652
33,170,0.2,0.1,16,0.02400581161072013,0.0005274910307726566,0.021538305341189612
33,170,0.2,0.2,16,0.025413967143985472,0.0005274910307726566,0.022870651687144528
33,178,0.0,0.0,0,0.0,0.0005968840775811834,0.0
33,178,0.0,0.1,0,0.0,0.0005274910307726734,0.0
33,178,0.0,0.2,0,0.0,0.0005274910307726734,0.0
33,178,0.1,0.0,0,0.0,0.0005968840775811868,0.0
33,178,0.1,0.1,0,0.0,0.0005274910307726768,0.0
33,178,0.1,0.2,0,0.0,0.0005274910307726768,0.0
33,178,0.2,0.0,0,0.0,0.0005968840775811868,0.0
33,178,0.2,0.1,0,0.0,0.0005274910307726768,0.0
33,178,0.2,0.2,0,0.0,0.0005274910307726768,0.0
33,180,0.0,0.0,5,0.004840260596794654,0.00040027599572001193,0.0034764888261963334
33,180,0.0,0.1,8,0.006088087254295327,0.0005274910307726566,0.004624432400934575
33,180,0.0,0.2,9,0.007285537091657801,0.0005274910307726566,0.005773771587695875
33,180,0.1,0.0,0,0.0,0.00040027599572001193,0.0
33,180,0.1,0.1,0,0.0,0.0005274910307726566,0.0
33,180,0.1,0.2,1,0.0003170738428327491,0.0005274910307726566,0.0
33,180,0.2,0.0,0,0.0,0.0004002759957200086,0.0
33,180,0.2,0.1,0,0.0,0.0005274910307726532,0.0
33,180,0.2,0.2,0,0.0,0.0005274910307726532,0.0
33,199,0.0,0.0,15,0.019637799932825106,0.0007026593885042232,0.017024934743502973
33,199,0.0,0.1,16,0.022216565820334933,0.0005274910307726566,0.01965239802545271
33,199,0.0,0.2,16,0.024889532099904743,0.0005274910307726566,0.02228730276598223
33,199,0.1,0.0,9,0.009655814452039113,0.0007026593885042232,0.007506479045132797
33,199,0.1,0.1,11,0.012295419684612563,0.0005274910307726566,0.010107333175043753
33,199,0.1,0.2,14,0.01494959348308067,0.0005274910307726566,0.012715404340413738
33,199,0.2,0.0,0,0.0,0.00036177907957557823,0.0
33,199,0.2,0.1,3,0.002242195699536542,0.0005274910307726566,0.0006582334043938598
33,199,0.2,0.2,4,0.004884076241173485,0.0005274910307726566,0.0032402744559253405
33,200,0.0,0.0,21,0.05149991527272413,0.0006887679490457066,0.047100480160550795
33,200,0.0,0.1,21,0.0533192694309409,0.0005274910307726566,0.04899935323855231
33,200,0.0,0.2,21,0.05522215287474708,0.0005274910307726566,0.05090223668235849
33,200,0.1,0.0,21,0.03861523321142901,0.0006887679490457066,0.035051823273340554
33,200,0.1,0.1,21,0.0404523337836854,0.0005274910307726566,0.03692563904483803
33,200,0.1,0.2,21,0.042425511311046216,0.0005274910307726566,0.038803308186472596
33,200,0.2,0.0,17,0.0258243941539974,0.0006887679490457066,0.023159782236135018
33,200,0.2,0.1,17,0.027715743108889024,0.0005274910307726566,0.025009507182475077
33,200,0.2,0.2,19,0.0296210338754761,0.0005274910307726566,0.026862938485813892
33,201,0.0,0.0,0,0.0,0.00040027599572001193,0.0
33,201,0.0,0.1,0,0.0,0.0005274910307726566,0.0
33,201,0.0,0.2,0,0.0,0.0005274910307726566,0.0
33,201,0.1,0.0,0,0.0,0.0004002759957200086,0.0
33,201,0.1,0.1,0,0.0,0.0005274910307726532,0.0
33,201,0.1,0.2,0,0.0,0.0005274910307726532,0.0
33,201,0.2,0.0,0,0.0,0.0004002759957200086,0.0
33,201,0.2,0.1,0,0.0,0.0005274910307726532,0.0
33,201,0.2,0.2,0,0.0,0.0005274910307726532,0.0
33,206,0.0,0.0,16,0.01754714852416739,0.0007579145766942775,0.015224763650773188
33,206,0.0,0.1,16,0.019663806223123914,0.0005274910307726566,0.01738422388041927
33,206,0.0,0.2,17,0.021926489525519233,0.0005274910307726566,0.019548695931644655
33,206,0.1,0.0,13,0.008014496980592756,0.00040027599572001193,0.00635980115978374
33,206,0.1,0.1,14,0.010307807426400584,0.0005274910307726566,0.008498928177679832
33,206,0.1,0.2,14,0.012573118810044193,0.0005274910307726566,0.010642926455571522
33,206,0.2,0.0,0,0.0,0.00040027599572001193,0.0
33,206,0.2,0.1,7,0.0010810084154971866,0.0005274910307726566,0.0
33,206,0.2,0.2,10,0.003236181653866188,0.0005274910307726566,0.0018208006956689227
33,213,0.0,0.0,0,0.0,0.00036177907957557823,0.0
33,213,0.0,0.1,0,0.0,0.0005274910307726566,0.0
33,213,0.0,0.2,0,0.0,0.0005274910307726566,0.0
33,213,0.1,0.0,0,0.0,0.00036177907957557487,0.0
33,213,0.1,0.1,0,0.0,0.0005274910307726532,0.0
33,213,0.1,0.2,0,0.0,0.0005274910307726532,0.0
33,213,0.2,0.0,0,0.0,0.00036177907957557487,0.0
33,213,0.2,0.1,0,0.0,0.0005274910307726532,0.0
33,213,0.2,0.2,0,0.0,0.0005274910307726532,0.0
33,215,0.0,0.0,4,0.0062856446304937474,0.00040027599572001193,0.004768094585661076
33,215,0.0,0.1,5,0.007980732089026055,0.0005274910307726566,0.0063547043519772695
33,215,0.0,0.2,5,0.009603127979127324,0.0005274910307726566,0.007943986281034987
33,215,0.1,0.0,0,0.0,0.00040027599572001193,0.0
33,215,0.1,0.1,2,0.000558150934321433,0.0005274910307726566,0.0
33,215,0.1,0.2,3,0.0021733601684533754,0.0005274910307726566,0.0007265365041945193
33,215,0.2,0.0,0,0.0,0.00040027599572001193,0.0
33,215,0.2,0.1,0,0.0,0.0005274910307726566,0.0
33,215,0.2,0.2,0,0.0,0.0005274910307726566,0.0
33,221,0.0,0.0,0,0.0,0.0007851903743807398,0.0
33,221,0.0,0.1,0,0.0,0.0005274910307726566,0.0
33,221,0.0,0.2,3,0.0029265037697179253,0.0005274910307726566,0.0011826539627021182
33,221,0.1,0.0,0,0.0,0.0005968840775811868,0.0
33,221,0.1,0.1,0,0.0,0.0005274910307726566,0.0
33,221,0.1,0.2,0,0.0,0.0005274910307726566,0.0
33,221,0.2,0.0,0,0.0,0.0005968840775811868,0.0
33,221,0.2,0.1,0,0.0,0.0005274910307726566,0.0
33,221,0.2,0.2,0,0.0,0.0005274910307726566,0.0
33,233,0.0,0.0,3,0.001986296893040529,0.0002837756508875522,0.0008771851214716131
33,233,0.0,0.1,7,0.0029756828470456353,0.0005274910307726566,0.0017066648694840092
33,233,0.0,0.2,7,0.00382373971702199,0.0005274910307726566,0.00253687080553211
33,233,0.1,0.0,0,0.0,0.00028377565088755555,0.0
33,233,0.1,0.1,0,0.0,0.0005274910307726532,0.0
33,233,0.1,0.2,0,0.0,0.0005274910307726532,0.0
33,233,0.2,0.0,0,0.0,0.00028377565088755555,0.0
33,233,0.2,0.1,0,0.0,0.0005274910307726532,0.0
33,233,0.2,0.2,0,0.0,0.0005274910307726532,0.0
33,235,0.0,0.0,0,0.0,0.00036177907957557823,0.0
33,235,0.0,0.1,2,0.0019809935915194865,0.0005274910307726566,0.00045236170519968866
33,235,0.0,0.2,7,0.005202978854104812,0.0005274910307726566,0.0035762648703875355
33,235,0.1,0.0,0,0.0,0.00036177907957557487,0.0
33,235,0.1,0.1,0,0.0,0.0005274910307726532,0.0
33,235,0.1,0.2,0,0.0,0.0005274910307726566,0.0
33,235,0.2,0.0,0,0.0,0.00036177907957557823,0.0
33,235,0.2,0.1,0,0.0,0.0005274910307726566,0.0
33,235,0.2,0.2,0,0.0,0.0005274910307726566,0.0
33,236,0.0,0.0,15,0.023153969275587438,0.0007579145766942775,0.020479996287333546
33,236,0.0,0.1,16,0.025471585190815826,0.0005274910307726566,0.02276088981961799
33,236,0.0,0.2,17,0.027955469937793964,0.0005274910307726566,0.025047407920698816
33,236,0.1,0.0,5,0.013073803968031927,0.0007579145766942775,0.01093569792815352
33,236,0.1,0.1,6,0.015284111036651615,0.0005274910307726566,0.013193353155628085
33,236,0.1,0.2,12,0.017710837131590385,0.0005274910307726566,0.015456462374327185
33,236,0.2,0.0,3,0.0030454899612779585,0.0004002759957200086,0.0014874331094114623
33,236,0.2,0.1,4,0.005385940598188088,0.0005274910307726566,0.0037225461338070698
33,236,0.2,0.2,5,0.00771970935748556,0.0005274910307726566,0.005962951022791652
33,238,0.0,0.0,0,0.0,0.0002837756508875522,0.0
33,238,0.0,0.1,0,0.0,0.0005274910307726566,0.0
33,238,0.0,0.2,0,0.0,0.0005274910307726566,0.0
33,238,0.1,0.0,0,0.0,0.00028377565088755555,0.0
33,238,0.1,0.1,0,0.0,0.0005274910307726532,0.0
33,238,0.1,0.2,0,0.0,0.0005274910307726532,0.0
33,238,0.2,0.0,0,0.0,0.00028377565088755555,0.0
33,238,0.2,0.1,0,0.0,0.0005274910307726532,0.0
33,238,0.2,0.2,0,0.0,0.0005274910307726532,0.0
33,240,0.0,0.0,13,0.01265031961576879,0.0002837756508875522,0.01085099173582782
33,240,0.0,0.1,14,0.01379138642563027,0.0005274910307726566,0.011816770718309666
33,240,0.0,0.2,15,0.01478305697213389,0.0005274910307726566,0.012783544912242317
33,240,0.1,0.0,8,0.004983480757306369,0.0002837756508875522,0.003631223164363706
33,240,0.1,0.1,9,0.006090060873612413,0.0005274910307726566,0.004589626801556279
33,240,0.1,0.2,11,0.007083994613753752,0.0005274910307726566,0.005549003000651864
33,240,0.2,0.0,0,0.0,0.0002837756508875522,0.0
33,240,0.2,0.1,0,0.0,0.0005274910307726566,0.0
33,240,0.2,0.2,0,0.0,0.0005274910307726566,0.0
33,243,0.0,0.0,16,0.023251040667775724,0.0007579145766942775,0.020696006797229938
33,243,0.0,0.1,17,0.025020532658760253,0.0005274910307726566,0.022531708114191806
33,243,0.0,0.2,17,0.026914592792699032,0.0005274910307726566,0.024371049974913794
33,243,0.1,0.0,14,0.013529768629929162,0.00040027599572001193,0.011568436201452315
33,243,0.1,0.1,15,0.015464544018119808,0.0005274910307726566,0.01338624790986942
33,243,0.1,0.2,16,0.017308041085772108,0.0005274910307726566,0.015207594556247206
33,243,0.2,0.0,7,0.003888799107920504,0.0004002759957200086,0.0025287930052112495
33,243,0.2,0.1,10,0.005815748100732265,0.0005274910307726532,0.004329228137441965
33,243,0.2,0.2,11,0.007695343867997972,0.0005274910307726532,0.006133097610637073
33,244,0.0,0.0,18,0.027699884626617433,0.0006887679490457066,0.02483485593928525
33,244,0.0,0.1,19,0.029293219663406367,0.0005274910307726566,0.02642978609364599
33,244,0.0,0.2,20,0.03094377470635512,0.0005274910307726566,0.028027475330650642
33,244,0.1,0.0,16,0.017798459060283434,0.0006887679490457066,0.015502224092400985
33,244,0.1,0.1,16,0.0193034454347355,0.0005274910307726566,0.01708119892115223
33,244,0.1,0.2,16,0.020939291136165328,0.0005274910307726566,0.01866285071595042
33,244,0.2,0.0,11,0.007792330019300242,0.0002837756508875522,0.006261878184622871
33,244,0.2,0.1,11,0.009508474288791202,0.0005274910307726566,0.007825367143775686
33,244,0.2,0.2,12,0.011141741470846234,0.0005274910307726566,0.00939145494637017
33,260,0.0,0.0,0,0.0,0.00036177907957557823,0.0
33,260,0.0,0.1,0,0.0,0.0005274910307726566,0.0
33,260,0.0,0.2,0,0.0,0.0005274910307726566,0.0
33,260,0.1,0.0,0,0.0,0.00036177907957557823,0.0
33,260,0.1,0.1,0,0.0,0.0005274910307726566,0.0
33,260,0.1,0.2,0,0.0,0.0005274910307726566,0.0
33,260,0.2,0.0,0,0.0,0.00036177907957557487,0.0
33,260,0.2,0.1,0,0.0,0.0005274910307726566,0.0
33,260,0.2,0.2,0,0.0,0.0005274910307726566,0.0
33,264,0.0,0.0,3,0.002238800341859637,0.00036177907957557823,0.0008737419483381137
33,264,0.0,0.1,3,0.004141237089691052,0.0005274910307726566,0.002655478712768611
33,264,0.0,0.2,4,0.006007908065169043,0.0005274910307726566,0.004440572833881773
33,264,0.1,0.0,0,0.0,0.00036177907957557823,0.0
33,264,0.1,0.1,0,0.0,0.0005274910307726566,0.0
33,264,0.1,0.2,0,0.0,0.0005274910307726566,0.0
33,264,0.2,0.0,0,0.0,0.00036177907957557487,0.0
33,264,0.2,0.1,0,0.0,0.0005274910307726566,0.0
33,264,0.2,0.2,0,0.0,0.0005274910307726566,0.0
33,285,0.0,0.0,15,0.022003284509214516,0.0007026593885042232,0.018845708358276148
33,285,0.0,0.1,16,0.026043372895230954,0.0005274910307726566,0.022832847100689446
33,285,0.0,0.2,18,0.030406560277808636,0.0005274910307726566,0.026837206128828672
33,285,0.1,0.0,7,0.010256231027201634,0.0007026593885042232,0.007793616671003756
33,285,0.1,0.1,12,0.014201242528038782,0.0005274910307726566,0.01173378865136554
33,285,0.1,0.2,14,0.01832512467626002,0.0005274910307726566,0.015690576986867044
33,285,0.2,0.0,0,0.0,0.0007026593885042232,0.0
33,285,0.2,0.1,4,0.0027714048170093264,0.0005274910307726566,0.0007644985033337104
33,285,0.2,0.2,7,0.006710717962488899,0.0005274910307726566,0.004675372226957908
33,289,0.0,0.0,0,0.0,0.00040027599572001193,0.0
33,289,0.0,0.1,0,0.0,0.0005274910307726566,0.0
33,289,0.0,0.2,1,0.00016101432839910057,0.0005274910307726566,0.0
33,289,0.1,0.0,0,0.0,0.00040027599572001193,0.0
33,289,0.1,0.1,0,0.0,0.0005274910307726566,0.0
33,289,0.1,0.2,0,0.0,0.0005274910307726566,0.0
33,289,0.2,0.0,0,0.0,0.0004002759957200086,0.0
33,289,0.2,0.1,0,0.0,0.0005274910307726532,0.0
33,289,0.2,0.2,0,0.0,0.0005274910307726532,0.0
33,292,0.0,0.0,0,0.0,0.00036177907957557487,0.0
33,292,0.0,0.1,0,0.0,0.0005274910307726566,0.0
33,292,0.0,0.2,0,0.0,0.0005274910307726566,0.0
33,292,0.1,0.0,0,0.0,0.00036177907957557487,0.0
33,292,0.1,0.1,0,0.0,0.0005274910307726532,0.0
33,292,0.1,0.2,0,0.0,0.0005274910307726532,0.0
33,292,0.2,0.0,0,0.0,0.00036177907957557487,0.0
33,292,0.2,0.1,0,0.0,0.0005274910307726566,0.0
33,292,0.2,0.2,0,0.0,0.0005274910307726532,0.0
69,4,0.0,0.0,0,0.0,0.00039963789041676305,0.0
69,4,0.0,0.1,0,0.0,0.0005274910307726709,0.0
69,4,0.0,0.2,2,0.000698819610927548,0.0005274910307726806,0.0
69,4,0.1,0.0,0,0.0,0.0003996378904167566,0.0
69,4,0.1,0.1,0,0.0,0.0005274910307726774,0.0
69,4,0.1,0.2,0,0.0,0.0005274910307726774,0.0
69,4,0.2,0.0,0,0.0,0.00039963789041676625,0.0
69,4,0.2,0.1,0,0.0,0.0005274910307726789,0.0
69,4,0.2,0.2,0,0.0,0.0005274910307726709,0.0
69,5,0.0,0.0,8,0.026901970389187402,0.0006834605149421627,0.023455708776839335
69,5,0.0,0.1,9,0.02816739465728113,0.0005274910307726742,0.024726675657765096
69,5,0.0,0.2,9,0.029485187373419763,0.0005274910307726725,0.02599939075754254
69,5,0.1,0.0,8,0.01702546191036136,0.00022175427998893937,0.01459127110267755
69,5,0.1,0.1,8,0.018465751231244498,0.0005274910307726758,0.01585017730644167
69,5,0.1,0.2,8,0.019798246782076978,0.0005274910307726758,0.01711078236507202
69,5,0.2,0.0,6,0.007705132466709785,0.0002217542799889442,0.005810052692584722
69,5,0.2,0.1,6,0.009183798624842643,0.0005274910307726742,0.007057235174116605
69,5,0.2,0.2,6,0.010460875036356065,0.0005274910307726806,0.00830606942670431
69,16,0.0,0.0,0,0.0,0.0004895305498227096,0.0
69,16,0.0,0.1,0,0.0,0.0005274910307726999,0.0
69,16,0.0,0.2,0,0.0,0.0005274910307726918,0.0
69,16,0.1,0.0,0,0.0,0.0004895305498227064,0.0
69,16,0.1,0.1,0,0.0,0.0005274910307726983,0.0
69,16,0.1,0.2,0,0.0,0.0005274910307726935,0.0
69,16,0.2,0.0,0,0.0,0.0004895305498227112,0.0
69,16,0.2,0.1,0,0.0,0.0005274910307727031,0.0
69,16,0.2,0.2,0,0.0,0.0005274910307726918,0.0
69,17,0.0,0.0,6,0.008609694251795141,0.0001712803888751566,0.006923124185292062
69,17,0.0,0.1,6,0.008962292574091868,0.0005274910307726709,0.007090833806129182
69,17,0.0,0.2,6,0.009141647903386674,0.0005274910307726709,0.007258573261782031
69,17,0.1,0.0,5,0.002399868737503752,0.000171280388875155,0.0009104929824601538
69,17,0.1,0.1,5,0.002748524253118445,0.0005274910307726693,0.0010771399493070266
69,17,0.1,0.2,5,0.0029175801418201974,0.0005274910307726693,0.0012438161873318254
69,17,0.2,0.0,0,0.0,0.000171280388875155,0.0
69,17,0.2,0.1,0,0.0,0.0005274910307726806,0.0
69,17,0.2,0.2,0,0.0,0.0005274910307726709,0.0
69,20,0.0,0.0,9,0.03648128212739521,0.0006834605149421611,0.03223646554514503
69,20,0.0,0.1,9,0.037882229762474906,0.0005274910307726742,0.03358443703264491
69,20,0.0,0.2,9,0.039293596195259184,0.0005274910307726758,0.03493439419761746
69,20,0.1,0.0,8,0.025792759433331147,0.0006834605149421611,0.022350639635937752
69,20,0.1,0.1,8,0.027095778340398224,0.0005274910307726774,0.02368422519231561
69,20,0.1,0.2,9,0.028498653007446806,0.0005274910307726774,0.025019733436832836
69,20,0.2,0.0,8,0.014875442782577797,0.00022175427998893937,0.012569060467577442
69,20,0.2,0.1,8,0.01640305207226722,0.0005274910307726758,0.013888711067777337
69,20,0.2,0.2,8,0.017780237022471668,0.0005274910307726758,0.015210224627989488
69,22,0.0,0.0,8,0.01632672847912553,0.00017128038887515178,0.01408598524255833
69,22,0.0,0.1,8,0.016911890908727134,0.0005274910307726613,0.01448138241332686
69,22,0.0,0.2,8,0.01732128321479154,0.0005274910307726661,0.014876946769481703
69,22,0.1,0.0,6,0.008835773488631293,0.0001712803888751534,0.007088817604984365
69,22,0.1,0.1,6,0.009422518422227522,0.0005274910307726613,0.007481279380906147
69,22,0.1,0.2,6,0.009824645839611734,0.0005274910307726613,0.007873904644744356
69,22,0.2,0.0,5,0.0016225967337795133,0.00017128038887515178,0.00014319355402836464
69,22,0.2,0.1,5,0.0021986938141591583,0.0005274910307726661,0.000532784355548821
69,22,0.2,0.2,5,0.0025897190145552917,0.0005274910307726645,0.0009225350818226064
69,27,0.0,0.0,8,0.016538509268577917,0.0001712803888751566,0.014287639389856333
69,27,0.0,0.1,8,0.0171587634333773,0.0005274910307726709,0.014717502800699167
69,27,0.0,0.2,8,0.017607763520669617,0.0005274910307726725,0.015147563871114156
69,27,0.1,0.0,6,0.009003622470938999,0.0001712803888751534,0.007234847987053539
69,27,0.1,0.1,6,0.009622049089991425,0.0005274910307726725,0.00766149414409123
69,27,0.1,0.2,6,0.010052062420938257,0.0005274910307726725,0.008088333553777916
69,27,0.2,0.0,3,0.0017152553497997713,0.000171280388875155,0.0002344279237215252
69,27,0.2,0.1,5,0.002324507899347017,0.0005274910307726742,0.0006579279995364562
69,27,0.2,0.2,5,0.0027530013862466785,0.0005274910307726725,0.00108161708243526
69,28,0.0,0.0,8,0.02998721266929083,0.0008051773512813767,0.02601378807690924
69,28,0.0,0.1,9,0.031052784406477185,0.000527491030772708,0.02719061976008952
69,28,0.0,0.2,9,0.03221191222478226,0.0005274910307727111,0.028368954139698754
69,28,0.1,0.0,8,0.01970593501665363,0.0003996378904167534,0.01696793441661415
69,28,0.1,0.1,8,0.021068695302804308,0.0005274910307727224,0.018133342241721473
69,28,0.1,0.2,8,0.02232483538568819,0.000527491030772708,0.019300209371265864
69,28,0.2,0.0,6,0.010254832072225772,0.000399637890416755,0.008008943253909662
69,28,0.2,0.1,6,0.011469960315199645,0.0005274910307727626,0.00916325357456349
69,28,0.2,0.2,7,0.012667935822805343,0.000527491030772716,0.010318981856509923
69,34,0.0,0.0,0,0.0,0.0003996378904167566,0.0
69,34,0.0,0.1,0,0.0,0.0005274910307726789,0.0
69,34,0.0,0.2,0,0.0,0.0005274910307726838,0.0
69,34,0.1,0.0,0,0.0,0.0003996378904167534,0.0
69,34,0.1,0.1,0,0.0,0.0005274910307727208,0.0
69,34,0.1,0.2,0,0.0,0.0005274910307726774,0.0
69,34,0.2,0.0,0,0.0,0.000399637890416755,0.0
69,34,0.2,0.1,0,0.0,0.0005274910307727304,0.0
69,34,0.2,0.2,0,0.0,0.0005274910307727192,0.0
69,38,0.0,0.0,6,0.007903850313131788,0.0004895305498227128,0.005845961621155471
69,38,0.0,0.1,6,0.00889134547605841,0.0005274910307726822,0.006800279161546241
69,38,0.0,0.2,6,0.00983340920679876,0.0005274910307726789,0.007755563246779396
69,38,0.1,0.0,2,0.0008209887926292625,0.0004895305498227192,0.0
69,38,0.1,0.1,3,0.0018511930400663124,0.0005274910307726774,0.00011360501985691052
69,38,0.1,0.2,5,0.002818631158128526,0.0005274910307726822,0.001062157688382137
69,38,0.2,0.0,0,0.0,0.0004895305498227177,0.0
69,38,0.2,0.1,0,0.0,0.0005274910307726789,0.0
69,38,0.2,0.2,0,0.0,0.0005274910307726789,0.0
69,40,0.0,0.0,6,0.008573635830646742,0.0004895305498227112,0.0064227324666252805
69,40,0.0,0.1,6,0.009991252732932998,0.0005274910307726902,0.0077720344693271715
69,40,0.0,0.2,6,0.0113775954759473,0.0005274910307726806,0.009123271490684814
69,40,0.1,0.0,2,0.0009915858345024287,0.0004895305498227128,0.0
69,40,0.1,0.1,5,0.0024259207554906403,0.0005274910307726902,0.0006295486875659284
69,40,0.1,0.2,5,0.0037940980551649517,0.0005274910307726886,0.001970605388474267
69,40,0.2,0.0,0,0.0,0.0004895305498227112,0.0
69,40,0.2,0.1,0,0.0,0.0005274910307726999,0.0
69,40,0.2,0.2,0,0.0,0.0005274910307726902,0.0
69,42,0.0,0.0,8,0.02044840970856221,0.0001712803888751566,0.01797820898052127
69,42,0.0,0.1,8,0.020905053788571437,0.0005274910307726661,0.018235470551153043
69,42,0.0,0.2,8,0.021169688354373828,0.0005274910307726661,0.01849280317170643
69,42,0.1,0.0,7,0.012629850254597952,0.000171280388875155,0.010703647596901011
69,42,0.1,0.1,7,0.013080675312328816,0.0005274910307726742,0.010958916212053582
69,42,0.1,0.2,7,0.013358861601568073,0.0005274910307726645,0.011214254238212651
69,42,0.2,0.0,5,0.005002790744391361,0.000171280388875155,0.0034849941282616426
69,42,0.2,0.1,5,0.005446674851588118,0.0005274910307726758,0.0037383153988261864
69,42,0.2,0.2,5,0.0057142024517036205,0.0005274910307726742,0.00399170450353592
69,50,0.0,0.0,5,0.0011374354555148125,0.0004895305498227128,0.0
69,50,0.0,0.1,5,0.003391394645510082,0.0005274910307726709,0.0014582087529979582
69,50,0.0,0.2,6,0.0056916173863216235,0.0005274910307726678,0.0036232345605974325
69,50,0.1,0.0,0,0.0,0.0004895305498227128,0.0
69,50,0.1,0.1,0,0.0,0.0005274910307726742,0.0
69,50,0.1,0.2,0,0.0,0.0005274910307726742,0.0
69,50,0.2,0.0,0,0.0,0.0004895305498227161,0.0
69,50,0.2,0.1,0,0.0,0.0005274910307726678,0.0
69,50,0.2,0.2,0,0.0,0.0005274910307726725,0.0
69,73,0.0,0.0,8,0.021442887972610736,0.0004895305498227064,0.018269274057878482
69,73,0.0,0.1,8,0.02285812011255861,0.0005274910307726967,0.019609153237652666
69,73,0.0,0.2,8,0.024195720712329005,0.0005274910307726935,0.020950964795892535
69,73,0.1,0.0,7,0.012276029316586556,0.0004895305498227112,0.009890990882629236
69,73,0.1,0.1,7,0.013642280058648648,0.0005274910307726967,0.011218912047025964
69,73,0.1,0.2,7,0.015055818035315194,0.0005274910307726871,0.012548714240204095
69,73,0.2,0.0,5,0.0034959765595818926,0.0004895305498227096,0.0015867185753584145
69,73,0.2,0.1,5,0.004882742619888414,0.0005274910307726951,0.0029029962790605435
69,73,0.2,0.2,5,0.006253387992044335,0.0005274910307726902,0.0042211058964647385
69,84,0.0,0.0,8,0.023607466939195798,0.0001712803888751534,0.02089780371765415
69,84,0.0,0.1,8,0.02420944905712996,0.0005274910307726613,0.021307175985310955
69,84,0.0,0.2,8,0.02464328685312034,0.0005274910307726596,0.021716728785831307
69,84,0.1,0.0,8,0.01532926027652215,0.00017128038887515178,0.01316045568981683
69,84,0.1,0.1,8,0.015924823301906255,0.0005274910307726613,0.013566445484245349
69,84,0.1,0.2,8,0.016355157006882837,0.0005274910307726645,0.013972611371488641
69,84,0.2,0.0,6,0.0071562647449539,0.0001712803888751534,0.0054864890167298785
69,84,0.2,0.1,6,0.007742443559525802,0.0005274910307726613,0.005889178819751262
69,84,0.2,0.2,6,0.00815650065925888,0.0005274910307726645,0.0062920404545995234
69,88,0.0,0.0,5,0.006563139311785426,0.000171280388875155,0.004979166484608721
69,88,0.0,0.1,6,0.006894235523923764,0.0005274910307726774,0.005129864996179734
69,88,0.0,0.2,6,0.007047831619621636,0.0005274910307726742,0.005280587546677373
69,88,0.1,0.0,2,0.0006357686257452144,0.00017128038887515178,0.0
69,88,0.1,0.1,2,0.0009693535172859979,0.0005274910307726758,0.0
69,88,0.1,0.2,2,0.0011226125816884425,0.0005274910307726822,0.0
69,88,0.2,0.0,0,0.0,0.000171280388875155,0.0
69,88,0.2,0.1,0,0.0,0.0005274910307726758,0.0
69,88,0.2,0.2,0,0.0,0.0005274910307726774,0.0
69,99,0.0,0.0,0,0.0,0.0003996378904167614,0.0
69,99,0.0,0.1,0,0.0,0.0005274910307726886,0.0
69,99,0.0,0.2,0,0.0,0.0005274910307726886,0.0
69,99,0.1,0.0,0,0.0,0.0003996378904167534,0.0
69,99,0.1,0.1,0,0.0,0.0005274910307727015,0.0
69,99,0.1,0.2,0,0.0,0.0005274910307726886,0.0
69,99,0.2,0.0,0,0.0,0.0003996378904167566,0.0
69,99,0.2,0.1,0,0.0,0.0005274910307727031,0.0
69,99,0.2,0.2,0,0.0,0.0005274910307726999,0.0
69,101,0.0,0.0,5,0.002604821167402571,0.000399637890416755,0.00025165381640124274
69,101,0.0,0.1,5,0.0060344639786186205,0.0005274910307727047,0.0035155622691575017
69,101,0.0,0.2,6,0.00941976570631109,0.0005274910307726822,0.006790765177282054
69,101,0.1,0.0,0,0.0,0.0003996378904167518,0.0
69,101,0.1,0.1,0,0.0,0.000527491030772724,0.0
69,101,0.1,0.2,1,0.00031156791264419503,0.0005274910307727015,0.0
69,101,0.2,0.0,0,0.0,0.0003996378904167534,0.0
69,101,0.2,0.1,0,0.0,0.000527491030772737,0.0
69,101,0.2,0.2,0,0.0,0.0005274910307727257,0.0
69,102,0.0,0.0,9,0.046674216710971606,0.0002888960224838568,0.041980747336020086
69,102,0.0,0.1,9,0.04719927492801457,0.0005274910307726742,0.042372819262196604
69,102,0.0,0.2,9,0.04760026945412843,0.0005274910307726725,0.042765060626711926
69,102,0.1,0.0,9,0.035829211093631796,0.0002888960224838568,0.031979885360888805
69,102,0.1,0.1,9,0.03635669508175965,0.0005274910307726774,0.032367684261497165
69,102,0.1,0.2,9,0.0367778002590039,0.0005274910307726709,0.03275564711838763
69,102,0.2,0.0,8,0.02488773207036632,0.0001712803888751534,0.022086804407028038
69,102,0.2,0.1,8,0.025470168854645703,0.0005274910307726758,0.022470467014035322
69,102,0.2,0.2,8,0.025869995445645166,0.0005274910307726758,0.02285428838463477
69,108,0.0,0.0,8,0.024397239146663585,0.000171280388875155,0.02159915733565765
69,108,0.0,0.1,8,0.02534470595312055,0.0005274910307726645,0.022323355640283316
69,108,0.0,0.2,9,0.02611271756810063,0.0005274910307726645,0.023048119738059425
69,108,0.1,0.0,8,0.015718419781995174,0.000171280388875155,0.013474783914905974
69,108,0.1,0.1,8,0.016636743255730058,0.0005274910307726613,0.014192694945228013
69,108,0.1,0.2,8,0.017363633904501685,0.0005274910307726661,0.014911157148948861
69,108,0.2,0.0,6,0.007139933853583913,0.00017128038887515823,0.005420286017848608
69,108,0.2,0.1,6,0.008054199091140357,0.0005274910307726661,0.006132070733809836
69,108,0.2,0.2,6,0.008800471679398791,0.0005274910307726661,0.006844392622357809
69,116,0.0,0.0,9,0.06425678686052361,0.0002888960224838359,0.057188029659444584
69,116,0.0,0.1,9,0.06547740667991409,0.0005274910307726613,0.05827077161996397
69,116,0.0,0.2,9,0.06657279758340284,0.0005274910307726596,0.05935482985022367
69,116,0.1,0.0,9,0.05003594154098712,0.0002888960224838327,0.044829247831561725
69,116,0.1,0.1,9,0.05129594065670984,0.0005274910307726581,0.04589718895191697
69,116,0.1,0.2,9,0.05244838929063467,0.0005274910307726613,0.046966393034613585
69,116,0.2,0.0,9,0.036641381984107935,0.0002888960224838359,0.032636949305800966
69,116,0.2,0.1,9,0.037847287487805414,0.0005274910307726596,0.033690680423451136
69,116,0.2,0.2,9,0.038933581095644376,0.0005274910307726629,0.03474562469950049
69,118,0.0,0.0,8,0.018980413431240017,0.0002217542799889426,0.016222659054138
69,118,0.0,0.1,8,0.021059938431736702,0.0005274910307726983,0.01802335921553122
69,118,0.0,0.2,8,0.02306278948068685,0.0005274910307726854,0.019827545305774574
69,118,0.1,0.0,6,0.009778252251133268,0.00022175427998894742,0.007606359468850243
69,118,0.1,0.1,7,0.01179058292430435,0.0005274910307726935,0.009390564464967888
69,118,0.1,0.2,7,0.013627038840374972,0.0005274910307726918,0.011178160287315109
69,118,0.2,0.0,2,0.000691834819240511,0.00022175427998894742,0.0
69,118,0.2,0.1,5,0.0026987730647825003,0.0005274910307726999,0.0008362831064595566
69,118,0.2,0.2,5,0.004519621270938301,0.0005274910307726935,0.002607738066676357
69,120,0.0,0.0,0,0.0,0.00039963789041675985,0.0
69,120,0.0,0.1,0,0.0,0.0005274910307726951,0.0
69,120,0.0,0.2,0,0.0,0.0005274910307726902,0.0
69,120,0.1,0.0,0,0.0,0.00039963789041675985,0.0
69,120,0.1,0.1,0,0.0,0.0005274910307727337,0.0
69,120,0.1,0.2,0,0.0,0.0005274910307726902,0.0
69,120,0.2,0.0,0,0.0,0.00039963789041675985,0.0
69,120,0.2,0.1,0,0.0,0.000527491030772753,0.0
69,120,0.2,0.2,0,0.0,0.0005274910307727289,0.0
69,122,0.0,0.0,0,0.0,0.0004895305498227096,0.0
69,122,0.0,0.1,0,0.0,0.0005274910307726854,0.0
69,122,0.0,0.2,0,0.0,0.0005274910307726854,0.0
69,122,0.1,0.0,0,0.0,0.0004895305498227177,0.0
69,122,0.1,0.1,0,0.0,0.0005274910307726854,0.0
69,122,0.1,0.2,0,0.0,0.0005274910307726838,0.0
69,122,0.2,0.0,0,0.0,0.0004895305498227144,0.0
69,122,0.2,0.1,0,0.0,0.0005274910307726918,0.0
69,122,0.2,0.2,0,0.0,0.0005274910307726871,0.0
69,126,0.0,0.0,9,0.025996122935644572,0.0001712803888751534,0.02299140724275406
69,126,0.0,0.1,9,0.026939755842097624,0.0005274910307726661,0.023733694557049767
69,126,0.0,0.2,9,0.027699229128913982,0.0005274910307726645,0.024476577199638805
69,126,0.1,0.0,8,0.017082370399759905,0.0001712803888751566,0.014699994446685904
69,126,0.1,0.1,8,0.018031190256519225,0.0005274910307726774,0.015435696197852566
69,126,0.1,0.2,8,0.018803218093677465,0.0005274910307726725,0.01617197755991706
69,126,0.2,0.0,6,0.00832113888345587,0.0001712803888751534,0.006481441766888585
69,126,0.2,0.1,6,0.009238704202983228,0.0005274910307726774,0.0072107301822680325
69,126,0.2,0.2,7,0.009976036828759138,0.0005274910307726789,0.007940583170776838
69,127,0.0,0.0,9,0.0420778680726136,0.00028889602248383426,0.03782838097422825
69,127,0.0,0.1,9,0.04279302303611343,0.0005274910307726581,0.03839674367260093
69,127,0.0,0.2,9,0.04338260208513245,0.0005274910307726629,0.03896546095258424
69,127,0.1,0.0,9,0.03138093651590346,0.0001712803888751534,0.028106339153008197
69,127,0.1,0.1,9,0.03215992667909673,0.0005274910307726629,0.028668704373672083
69,127,0.1,0.2,9,0.03276090967282885,0.0005274910307726645,0.029231413062376532
69,127,0.2,0.0,8,0.021068708992852958,0.00017128038887515178,0.018485758958222465
69,127,0.2,0.1,8,0.021847414488478156,0.0005274910307726661,0.019042312640226156
69,127,0.2,0.2,8,0.02243607391189717,0.0005274910307726645,0.01959919924535858
69,133,0.0,0.0,6,0.009820701578840518,0.0003996378904167502,0.007605840842717648
69,133,0.0,0.1,6,0.011162758534863926,0.0005274910307726999,0.008888598810534942
69,133,0.0,0.2,6,0.012521267413716064,0.0005274910307726999,0.01017310759702339
69,133,0.1,0.0,3,0.0021631763075570243,0.0003996378904167534,0.0004147442923579936
69,133,0.1,0.1,5,0.0035249058776500863,0.0005274910307727224,0.0016877749958166266
69,133,0.1,0.2,5,0.00484829997832803,0.0005274910307726983,0.002962516936408366
69,133,0.2,0.0,0,0.0,0.0003996378904167566,0.0
69,133,0.2,0.1,0,0.0,0.000527491030772745,0.0
69,133,0.2,0.2,0,0.0,0.0005274910307727224,0.0
69,136,0.0,0.0,9,0.051472289122813764,0.0002888960224838359,0.046266597797119724
69,136,0.0,0.1,9,0.05238728840057316,0.0005274910307726613,0.04698217627692214
69,136,0.0,0.2,9,0.05319712732832338,0.0005274910307726629,0.04769832225251058
69,136,0.1,0.0,9,0.03958249670890468,0.0002888960224838375,0.035476338016832365
69,136,0.1,0.1,9,0.04043566879429805,0.0005274910307726596,0.03618346697410102
69,136,0.1,0.2,9,0.04116301886417628,0.0005274910307726581,0.03689114354539058
69,136,0.2,0.0,9,0.02792327429651087,0.0001712803888751534,0.02481191404287253
69,136,0.2,0.1,9,0.028820375035409795,0.0005274910307726629,0.02551088589352024
69,136,0.2,0.2,9,0.029531478002556177,0.0005274910307726629,0.026210386610807213
69,144,0.0,0.0,9,0.05018266558938367,0.0006834605149421611,0.04457796015905935
69,144,0.0,0.1,9,0.05162565760468074,0.0005274910307726742,0.04595780536864191
69,144,0.0,0.2,9,0.05314269442394759,0.0005274910307726758,0.047339759866407594
69,144,0.1,0.0,9,0.037745814098722685,0.0006834605149421611,0.03331742475238186
69,144,0.1,0.1,9,0.039122414724181764,0.0005274910307726758,0.03468029453815602
69,144,0.1,0.2,9,0.04054882260224857,0.0005274910307726725,0.03604519660384231
69,144,0.2,0.0,8,0.025384192286760143,0.0002217542799889426,0.02219354534715612
69,144,0.2,0.1,9,0.026934779683453813,0.0005274910307726806,0.023540051195070855
69,144,0.2,0.2,9,0.02835762466305003,0.0005274910307726789,0.024888516889026935
69,147,0.0,0.0,8,0.025066989921732397,0.0002217542799889458,0.02203994809587584
69,147,0.0,0.1,9,0.026304913566827404,0.0005274910307726774,0.023069098290508294
69,147,0.0,0.2,9,0.02737923654141461,0.0005274910307726806,0.024099392397846087
69,147,0.1,0.0,8,0.01593635054836484,0.0002217542799889458,0.013566428665200081
69,147,0.1,0.1,8,0.017169841784520745,0.0005274910307726806,0.014586256174886958
69,147,0.1,0.2,8,0.01820813997171522,0.0005274910307726774,0.015607196757712272
69,147,0.2,0.0,6,0.0070759105475651785,0.0002217542799889426,0.005168899159330831
69,147,0.2,0.1,6,0.008263166843856307,0.0005274910307726789,0.00617965283118771
69,147,0.2,0.2,6,0.009297423406490868,0.0005274910307726822,0.007191490097843922
69,156,0.0,0.0,5,0.0042163381445191606,0.0004895305498227096,0.0024545120781447327
69,156,0.0,0.1,5,0.004834290976868827,0.0005274910307726871,0.003060135015370391
69,156,0.0,0.2,5,0.0054542470213950756,0.0005274910307726854,0.0036661455315305513
69,156,0.1,0.0,0,0.0,0.0004895305498227128,0.0
69,156,0.1,0.1,0,0.0,0.0005274910307726838,0.0
69,156,0.1,0.2,0,0.0,0.0005274910307726918,0.0
69,156,0.2,0.0,0,0.0,0.0004895305498227144,0.0
69,156,0.2,0.1,0,0.0,0.0005274910307726886,0.0
69,156,0.2,0.2,0,0.0,0.0005274910307726871,0.0
69,158,0.0,0.0,8,0.02066680260541942,0.0006113169158596846,0.017520181399388157
69,158,0.0,0.1,8,0.022707285980718472,0.0005274910307726629,0.019400733079603882
69,158,0.0,0.2,8,0.024646523005810717,0.0005274910307726661,0.021285092674760864
69,158,0.1,0.0,7,0.011173741246750524,0.0004895305498227144,0.008686891947031983
69,158,0.1,0.1,7,0.013102006417222367,0.0005274910307726629,0.010549761356309473
69,158,0.1,0.2,8,0.014975244679869881,0.0005274910307726645,0.012416332062553548
69,158,0.2,0.0,5,0.0017705797029533565,0.0004895305498227128,0.0
69,158,0.2,0.1,5,0.0036987697741466263,0.0005274910307726613,0.0017814037983669984
69,158,0.2,0.2,5,0.0056457681883462785,0.0005274910307726678,0.00363068008417311
69,164,0.0,0.0,8,0.027422128876301466,0.0006834605149421627,0.02384606142786716
69,164,0.0,0.1,9,0.02885477232047362,0.0005274910307726581,0.02524318892373667
69,164,0.0,0.2,9,0.03033644438435157,0.0005274910307726596,0.026642430403472916
69,164,0.1,0.0,8,0.017307359491299135,0.00022175427998894097,0.014815010578045462
69,164,0.1,0.1,8,0.018874534875940818,0.0005274910307726613,0.016198625970486935
69,164,0.1,0.2,8,0.020362247236137332,0.0005274910307726678,0.01758429451307908
69,164,0.2,0.0,6,0.007835601524996738,0.0002217542799889442,0.005870342088752811
69,164,0.2,0.1,6,0.009420823786369992,0.0005274910307726661,0.007240829985263986
69,164,0.2,0.2,7,0.010824886552041946,0.0005274910307726661,0.008613313060918948
69,168,0.0,0.0,9,0.059522872714003916,0.0002888960224838375,0.0527116010494878
69,168,0.0,0.1,9,0.0608481844024763,0.0005274910307726629,0.05388435831274063
69,168,0.0,0.2,9,0.06205315430548808,0.0005274910307726581,0.05505865239002217
69,168,0.1,0.0,9,0.04575592142371676,0.0002888960224838375,0.040760179371436944
69,168,0.1,0.1,9,0.04707739339583694,0.0005274910307726629,0.04191750165414154
69,168,0.1,0.2,9,0.04825811903572963,0.0005274910307726596,0.04307630079071645
69,168,0.2,0.0,9,0.03256810567755952,0.00028889602248383426,0.02896382701755451
69,168,0.2,0.1,9,0.03389922796315492,0.0005274910307726645,0.030106308137976323
69,168,0.2,0.2,9,0.035201949149971434,0.0005274910307726596,0.0312502099521661
69,194,0.0,0.0,5,0.006988529367845553,0.0004895305498227128,0.004903058513477387
69,194,0.0,0.1,6,0.008454707279683005,0.0005274910307726758,0.006307730982777593
69,194,0.0,0.2,6,0.009926278828865653,0.0005274910307726758,0.007714497406137721
69,194,0.1,0.0,0,0.0,0.0004895305498227112,0.0
69,194,0.1,0.1,2,0.0009804990561438354,0.0005274910307726886,0.0
69,194,0.1,0.2,5,0.0024535957277910247,0.0005274910307726758,0.0006664044066723163
69,194,0.2,0.0,0,0.0,0.0004895305498227096,0.0
69,194,0.2,0.1,0,0.0,0.000527491030772724,0.0
69,194,0.2,0.2,0,0.0,0.0005274910307726838,0.0
69,197,0.0,0.0,7,0.013099695038235493,0.0002217542799889426,0.010876484709987921
69,197,0.0,0.1,8,0.014486053706933233,0.0005274910307726838,0.01206843074283237
69,197,0.0,0.2,8,0.01577175890356297,0.0005274910307726806,0.01326189345807205
69,197,0.1,0.0,5,0.005265836402767121,0.00022175427998895065,0.0034298612173214726
69,197,0.1,0.1,6,0.006626205794441731,0.0005274910307726806,0.004612418489854275
69,197,0.1,0.2,6,0.007820282944995816,0.0005274910307726838,0.005796456841986819
69,197,0.2,0.0,0,0.0,0.0002217542799889442,0.0
69,197,0.2,0.1,0,0.0,0.0005274910307726854,0.0
69,197,0.2,0.2,1,4.638403831691562e-06,0.0005274910307726806,0.0
69,200,0.0,0.0,5,0.005663074979587179,0.00017128038887515178,0.004133011468479997
69,200,0.0,0.1,5,0.006236866352925863,0.0005274910307726678,0.004510006089736174
69,200,0.0,0.2,5,0.006626206164093484,0.0005274910307726645,0.004887151089789543
69,200,0.1,0.0,0,0.0,0.00017128038887515018,0.0
69,200,0.1,0.1,1,0.00018491000956222248,0.0005274910307726596,0.0
69,200,0.1,0.2,2,0.0005575124463471637,0.0005274910307726678,0.0
69,200,0.2,0.0,0,0.0,0.000171280388875155,0.0
69,200,0.2,0.1,0,0.0,0.0005274910307726661,0.0
69,200,0.2,0.2,0,0.0,0.0005274910307726709,0.0
69,201,0.0,0.0,5,0.002031234752825961,0.0003996378904167534,7.558582793620872e-05
69,201,0.0,0.1,5,0.004808775138313792,0.0005274910307727224,0.002696115370201757
69,201,0.0,0.2,6,0.007600964679986499,0.000527491030772708,0.005323914228123616
69,201,0.1,0.0,0,0.0,0.0003996378904167614,0.0
69,201,0.1,0.1,0,0.0,0.0005274910307727482,0.0
69,201,0.1,0.2,0,0.0,0.000527491030772716,0.0
69,201,0.2,0.0,0,0.0,0.0003996378904167534,0.0
69,201,0.2,0.1,0,0.0,0.0005274910307727562,0.0
69,201,0.2,0.2,0,0.0,0.0005274910307727514,0.0
69,205,0.0,0.0,9,0.04751695883881202,0.0002888960224838375,0.042494614500010686
69,205,0.0,0.1,9,0.04845361184093977,0.0005274910307726629,0.043301369108606935
69,205,0.0,0.2,9,0.04926178815483895,0.0005274910307726613,0.044108842184024555
69,205,0.1,0.0,9,0.03594364024568586,0.0002888960224838375,0.03202775657894008
69,205,0.1,0.1,9,0.036914230681273974,0.0005274910307726596,0.03282530440469755
69,205,0.1,0.2,9,0.03773511841906052,0.0005274910307726629,0.03362354635816944
69,205,0.2,0.0,8,0.024567742051589736,0.000171280388875155,0.021678905404222015
69,205,0.2,0.1,8,0.02557630563824187,0.0005274910307726613,0.022467554626607544
69,205,0.2,0.2,8,0.026378008668993647,0.0005274910307726629,0.023256874981428588
69,206,0.0,0.0,6,0.006950965352342076,0.000171280388875155,0.005369333492002637
69,206,0.0,0.1,6,0.007522319649887477,0.0005274910307726661,0.005752907623276959
69,206,0.0,0.2,6,0.007929593725893413,0.0005274910307726629,0.006136637634213016
69,206,0.1,0.0,2,0.0007292314507650888,0.00017128038887515178,0.0
69,206,0.1,0.1,2,0.0012946004414062795,0.0005274910307726693,0.0
69,206,0.1,0.2,5,0.0016894613690211502,0.0005274910307726613,6.849623187998866e-05
69,206,0.2,0.0,0,0.0,0.0001712803888751534,0.0
69,206,0.2,0.1,0,0.0,0.0005274910307726693,0.0
69,206,0.2,0.2,0,0.0,0.0005274910307726678,0.0
69,209,0.0,0.0,9,0.03813780404756539,0.0002888960224838552,0.034192900752994304
69,209,0.0,0.1,9,0.038576899617442595,0.0005274910307726742,0.034506815728099105
69,209,0.0,0.2,9,0.03889122424191516,0.0005274910307726774,0.03482083837895744
69,209,0.1,0.0,9,0.02806722659079086,0.0001712803888751566,0.025117709483523654
69,209,0.1,0.1,9,0.028568985728898766,0.0005274910307726789,0.025428543200638587
69,209,0.1,0.2,9,0.028892642875850805,0.0005274910307726789,0.02573948145277627
69,209,0.2,0.0,8,0.01842809861187389,0.000171280388875155,0.016130705296082404
69,209,0.2,0.1,8,0.01892825515857155,0.0005274910307726758,0.016438546742699844
69,209,0.2,0.2,8,0.019256396371681417,0.0005274910307726742,0.016746489733378
69,210,0.0,0.0,9,0.03304750052752958,0.000611316915859638,0.029179374118840862
69,210,0.0,0.1,9,0.033853247523521035,0.000527491030772708,0.02997597986719891
69,210,0.0,0.2,9,0.034693677205372864,0.0005274910307727031,0.030773275957192592
69,210,0.1,0.0,8,0.023174914731062812,0.000489530549822708,0.020168837922603267
69,210,0.1,0.1,8,0.023961712872584973,0.0005274910307727095,0.02095771756967224
69,210,0.1,0.2,8,0.024749439009610796,0.0005274910307727064,0.021747267649319668
69,210,0.2,0.0,7,0.01358795836610971,0.0004895305498227048,0.011244784359504045
69,210,0.2,0.1,7,0.014404720955788375,0.0005274910307727095,0.012026158432237977
69,210,0.2,0.2,7,0.015219848208617326,0.0005274910307727095,0.0128081839673716
69,214,0.0,0.0,0,0.0,0.0003996378904167534,0.0
69,214,0.0,0.1,0,0.0,0.0005274910307726999,0.0
69,214,0.0,0.2,0,0.0,0.0005274910307727031,0.0
69,214,0.1,0.0,0,0.0,0.000399637890416755,0.0
69,214,0.1,0.1,0,0.0,0.0005274910307726983,0.0
69,214,0.1,0.2,0,0.0,0.0005274910307727031,0.0
69,214,0.2,0.0,0,0.0,0.000399637890416755,0.0
69,214,0.2,0.1,0,0.0,0.0005274910307727031,0.0
69,214,0.2,0.2,0,0.0,0.0005274910307727047,0.0
69,218,0.0,0.0,6,0.00675350470199676,0.0002217542799889458,0.0046373891289296365
69,218,0.0,0.1,7,0.008888512428579465,0.0005274910307726789,0.006563812964471838
69,218,0.0,0.2,7,0.010842048712256136,0.0005274910307726838,0.008494178465525914
69,218,0.1,0.0,0,0.0,0.00022175427998895065,0.0
69,218,0.1,0.1,5,0.0008096285355387867,0.0005274910307726886,0.0
69,218,0.1,0.2,5,0.002841472982240467,0.0005274910307726822,0.0009474237931602625
69,218,0.2,0.0,0,0.0,0.00022175427998894902,0.0
69,218,0.2,0.1,0,0.0,0.0005274910307726902,0.0
69,218,0.2,0.2,0,0.0,0.0005274910307726806,0.0
69,230,0.0,0.0,0,0.0,0.0003996378904167534,0.0
69,230,0.0,0.1,0,0.0,0.0005274910307726886,0.0
69,230,0.0,0.2,0,0.0,0.0005274910307726838,0.0
69,230,0.1,0.0,0,0.0,0.000399637890416755,0.0
69,230,0.1,0.1,0,0.0,0.0005274910307726886,0.0
69,230,0.1,0.2,0,0.0,0.0005274910307726886,0.0
69,230,0.2,0.0,0,0.0,0.0003996378904167582,0.0
69,230,0.2,0.1,0,0.0,0.0005274910307726886,0.0
69,230,0.2,0.2,0,0.0,0.0005274910307726854,0.0
69,235,0.0,0.0,7,0.010386504791226159,0.0002217542799889426,0.008384563176629944
69,235,0.0,0.1,7,0.011481208732737391,0.0005274910307726774,0.009284901016469282
69,235,0.0,0.2,7,0.012440355156217442,0.0005274910307726789,0.010186101375850853
69,235,0.1,0.0,5,0.0031038375509020444,0.00022175427998894742,0.0014904316844605026
69,235,0.1,0.1,5,0.0041701784089082095,0.0005274910307726838,0.002384219328498416
69,235,0.1,0.2,5,0.0050803411834816625,0.0005274910307726774,0.0032788507859413674
69,235,0.2,0.0,0,0.0,0.00022175427998894902,0.0
69,235,0.2,0.1,0,0.0,0.0005274910307726822,0.0
69,235,0.2,0.2,0,0.0,0.0005274910307726758,0.0
69,244,0.0,0.0,8,0.021605811323388124,0.0006113169158596589,0.01839405650870496
69,244,0.0,0.1,8,0.02332798650801793,0.0005274910307726822,0.020040107904337412
69,244,0.0,0.2,8,0.025023908607363587,0.0005274910307726886,0.02168907802135278
69,244,0.1,0.0,7,0.012192670602993227,0.0004895305498227128,0.009699567374764184
69,244,0.1,0.1,7,0.01385385493239566,0.0005274910307726838,0.011330371987313237
69,244,0.1,0.2,8,0.015529751538353898,0.0005274910307726854,0.012964014825606829
69,244,0.2,0.0,5,0.002956413544823233,0.0004895305498227112,0.001084738639900662
69,244,0.2,0.1,5,0.004650954940463192,0.0005274910307726822,0.0027007124459688114
69,244,0.2,0.2,6,0.00633600303491888,0.0005274910307726854,0.004319447615292793
69,251,0.0,0.0,9,0.03802467753306582,0.0008051773512813702,0.03250462812360011
69,251,0.0,0.1,9,0.04160559285866383,0.0005274910307726838,0.036019520063680366
69,251,0.0,0.2,9,0.04535876582460496,0.0005274910307726822,0.03954798149785099
69,251,0.1,0.0,8,0.024514724538744592,0.0008051773512813767,0.020454185430787808
69,251,0.1,0.1,8,0.028102227526378365,0.0005274910307726871,0.023923339202875926
69,251,0.1,0.2,9,0.031740353298547186,0.0005274910307726854,0.02740553764768139
69,251,0.2,0.0,6,0.011688145280054685,0.0008051773512813751,0.008557975575943177
69,251,0.2,0.1,7,0.014995011323434171,0.0005274910307726902,0.011983131472744546
69,251,0.2,0.2,8,0.018611911605484477,0.0005274910307726838,0.015420840200419228
69,254,0.0,0.0,9,0.06424493783473562,0.0002888960224838359,0.05717066949444671
69,254,0.0,0.1,9,0.0653540580833275,0.0005274910307726596,0.05813588970701733
69,254,0.0,0.2,9,0.0663439686455366,0.0005274910307726629,0.059102155661832745
69,254,0.1,0.0,9,0.05007521291255146,0.0002888960224838375,0.04492960812310565
69,254,0.1,0.1,9,0.05124946703914124,0.0005274910307726596,0.04588175990642984
69,254,0.1,0.2,9,0.0522879214684383,0.0005274910307726613,0.0468349154846639
69,254,0.2,0.0,9,0.03689616940437679,0.0002888960224838359,0.032851912124657656
69,254,0.2,0.1,9,0.037981368719650965,0.0005274910307726581,0.03379151231223809
69,254,0.2,0.2,9,0.03894547621637945,0.0005274910307726565,0.03473207707863191
69,257,0.0,0.0,5,0.003997892902248723,0.0003996378904167566,0.0022437037934122106
69,257,0.0,0.1,5,0.0047320789537581565,0.000527491030772708,0.0029092702103008516
69,257,0.0,0.2,5,0.005412632066984391,0.0005274910307727031,0.0035753046819093637
69,257,0.1,0.0,0,0.0,0.0003996378904167566,0.0
69,257,0.1,0.1,0,0.0,0.0005274910307727111,0.0
69,257,0.1,0.2,0,0.0,0.0005274910307727031,0.0
69,257,0.2,0.0,0,0.0,0.0003996378904167566,0.0
69,257,0.2,0.1,0,0.0,0.000527491030772737,0.0
69,257,0.2,0.2,0,0.0,0.0005274910307727128,0.0
69,268,0.0,0.0,9,0.047968773233348916,0.00028889602248383426,0.04305369855832741
69,268,0.0,0.1,9,0.048602503527869545,0.0005274910307726645,0.04356322489619768
69,268,0.0,0.2,9,0.049121704984652736,0.0005274910307726596,0.044073037810203775
69,268,0.1,0.0,9,0.03678821320529124,0.0002888960224838375,0.03281931945390126
69,268,0.1,0.1,9,0.03742357523585205,0.0005274910307726596,0.03332315708923006
69,268,0.1,0.2,9,0.037944839530444696,0.0005274910307726629,0.03382727180366918
69,268,0.2,0.0,8,0.025541348041137946,0.000171280388875155,0.022697887506299086
69,268,0.2,0.1,8,0.026234140156792374,0.0005274910307726661,0.02319622281891187
69,268,0.2,0.2,9,0.026753070588579453,0.0005274910307726678,0.023694826226807963
69,269,0.0,0.0,9,0.046197434312587604,0.0002888960224838439,0.04116222526482616
69,269,0.0,0.1,9,0.04727832180047231,0.0005274910307726693,0.0421040356180874
69,269,0.0,0.2,9,0.048233007640366976,0.0005274910307726645,0.043046823978027615
69,269,0.1,0.0,9,0.034467905602959203,0.0002888960224838536,0.03070760399552719
69,269,0.1,0.1,9,0.035648999140036275,0.0005274910307726725,0.03163869272109221
69,269,0.1,0.2,9,0.036677811606544264,0.0005274910307726693,0.032570726397721406
69,269,0.2,0.0,8,0.023225405890175077,0.0001712803888751534,0.020370548058149196
69,269,0.2,0.1,8,0.02434435377995625,0.0005274910307726725,0.021291273179213532
69,269,0.2,0.2,8,0.025298053573008294,0.0005274910307726774,0.022212912016735253
69,272,0.0,0.0,9,0.04918334740025898,0.0002888960224838359,0.044114038985019866
69,272,0.0,0.1,9,0.05004956750427225,0.0005274910307726565,0.04483361443967804
69,272,0.0,0.2,9,0.05081815804867995,0.0005274910307726581,0.04555376238681752
69,272,0.1,0.0,9,0.03761068695683267,0.0002888960224838391,0.03355598875690924
69,272,0.1,0.1,9,0.03847177371776578,0.0005274910307726596,0.03426726774258504
69,272,0.1,0.2,9,0.039201975906373865,0.0005274910307726629,0.03497909963108814
69,272,0.2,0.0,8,0.026119405893561654,0.0001712803888751534,0.02311819678956939
69,272,0.2,0.1,9,0.027025471235150755,0.0005274910307726645,0.02382145981084005
69,272,0.2,0.2,9,0.027745404721533418,0.0005274910307726661,0.024525257237547837
69,275,0.0,0.0,5,0.0025336430067740556,0.0004895305498227112,0.0007273916193412111
69,275,0.0,0.1,5,0.0034387689650523523,0.0005274910307726838,0.0016109263139623131
69,275,0.0,0.2,5,0.0043202060505759254,0.0005274910307726871,0.0024952848917844106
69,275,0.1,0.0,0,0.0,0.0004895305498227144,0.0
69,275,0.1,0.1,0,0.0,0.0005274910307726918,0.0
69,275,0.1,0.2,0,0.0,0.0005274910307726918,0.0
69,275,0.2,0.0,0,0.0,0.0004895305498227177,0.0
69,275,0.2,0.1,0,0.0,0.0005274910307726951,0.0
69,275,0.2,0.2,0,0.0,0.0005274910307726871,0.0
69,281,0.0,0.0,9,0.03792533272368348,0.0008051773512813767,0.03302727894082935
69,281,0.0,0.1,9,0.04029517447989539,0.000527491030772708,0.03541686237847197
69,281,0.0,0.2,9,0.04293844655184431,0.0005274910307726951,0.037812705593517904
69,281,0.1,0.0,8,0.026031431280158945,0.0008051773512813751,0.022028163361077935
69,281,0.1,0.1,9,0.02835756702599712,0.0005274910307727192,0.02438935072569859
69,281,0.1,0.2,9,0.030842379388694496,0.0005274910307727064,0.026756576787588027
69,281,0.2,0.0,8,0.014129970920999324,0.0008051773512813767,0.011157900377614438
69,281,0.2,0.1,8,0.0163381850232166,0.0005274910307727497,0.01349168050766969
69,281,0.2,0.2,8,0.018790521109575575,0.0005274910307727224,0.01583129096863456
69,286,0.0,0.0,5,0.0021838813520503875,0.0004895305498227096,0.00029492924273566423
69,286,0.0,0.1,5,0.003978193512578998,0.0005274910307726999,0.0020596886206889486
69,286,0.0,0.2,6,0.005888547195854965,0.0005274910307726983,0.0038340214139339635
69,286,0.1,0.0,0,0.0,0.0004895305498227064,0.0
69,286,0.1,0.1,0,0.0,0.0005274910307727095,0.0
69,286,0.1,0.2,0,0.0,0.0005274910307726999,0.0
69,286,0.2,0.0,0,0.0,0.0004895305498227064,0.0
69,286,0.2,0.1,0,0.0,0.0005274910307727047,0.0
69,286,0.2,0.2,0,0.0,0.0005274910307726983,0.0
69,291,0.0,0.0,0,0.0,0.0003996378904167534,0.0
69,291,0.0,0.1,0,0.0,0.0005274910307726806,0.0
69,291,0.0,0.2,1,9.661467079724595e-05,0.0005274910307726789,0.0
69,291,0.1,0.0,0,0.0,0.0003996378904167614,0.0
69,291,0.1,0.1,0,0.0,0.0005274910307726789,0.0
69,291,0.1,0.2,0,0.0,0.0005274910307726806,0.0
69,291,0.2,0.0,0,0.0,0.0003996378904167566,0.0
69,291,0.2,0.1,0,0.0,0.0005274910307726822,0.0
69,291,0.2,0.2,0,0.0,0.0005274910307726838,0.0
69,294,0.0,0.0,9,0.031673106589440114,0.0008051773512813735,0.02766969866881397
69,294,0.0,0.1,9,0.03253138593988525,0.0005274910307726935,0.02868956760771535
69,294,0.0,0.2,9,0.033579398864680865,0.0005274910307726902,0.02971056676932282
69,294,0.1,0.0,8,0.021578469434372805,0.000399637890416755,0.018600977992178525
69,294,0.1,0.1,8,0.02269204195624841,0.0005274910307726918,0.019610905976263804
69,294,0.1,0.2,8,0.023698051712592427,0.0005274910307726886,0.02062193141892399
69,294,0.2,0.0,6,0.01188441227498116,0.0003996378904167566,0.009619709032257284
69,294,0.2,0.1,7,0.012969910760759817,0.0005274910307726886,0.010619981199430306
69,294,0.2,0.2,7,0.013991103750779721,0.0005274910307726935,0.011621319614015801
69,297,0.0,0.0,5,0.004367241346235007,0.0002217542799889426,0.002855577618856131
69,297,0.0,0.1,5,0.0048924536431620425,0.0005274910307726789,0.0032221559836139724
69,297,0.0,0.2,5,0.0052785549947479415,0.0005274910307726774,0.003588876337074165
69,297,0.1,0.0,0,0.0,0.00022175427998894742,0.0
69,297,0.1,0.1,0,0.0,0.0005274910307726806,0.0
69,297,0.1,0.2,0,0.0,0.0005274910307726725,0.0
69,297,0.2,0.0,0,0.0,0.00022175427998895065,0.0
69,297,0.2,0.1,0,0.0,0.0005274910307726806,0.0
69,297,0.2,0.2,0,0.0,0.0005274910307726742,0.0
69,299,0.0,0.0,9,0.05322954058939877,0.0006834605149421594,0.047153000399825395
69,299,0.0,0.1,9,0.05482736681201417,0.0005274910307726918,0.04861889312544798
69,299,0.0,0.2,9,0.05657076841317432,0.0005274910307726935,0.05008717368083482
69,299,0.1,0.0,9,0.04034841965469649,0.0006834605149421578,0.03552515667461975
69,299,0.1,0.1,9,0.04181364491944539,0.0005274910307727015,0.03697238036391581
69,299,0.1,0.2,9,0.04332423142927788,0.0005274910307726951,0.038421901666297775
69,299,0.2,0.0,8,0.027584979913338414,0.0006834605149421594,0.024043319877803504
69,299,0.2,0.1,9,0.02909862193598145,0.0005274910307727047,0.02547257011688664
69,299,0.2,0.2,9,0.03057191703902551,0.0005274910307726983,0.026904033293596252
