family,calibration_samples,group_q,q_used,shrinkage,split_name,seed,method,conformal_variant,test_samples,coverage,avg_width,precision,recall,f1,false_alarm_rate,missed_violations
__global__,6120,0.000548185657371845,0.000548185657371845,True,random_interpolation,7,Boosting point + global conformal,global,6120,0.9084967320261438,0.0010963713147436255,0.9860365198711063,0.996742671009772,0.9913606911447084,0.002500480861704174,3
__global__,6120,0.0002637455153863527,0.0002637455153863527,True,random_interpolation,7,VoltGuard topology-aware residual,global,6120,0.9498366013071895,0.000527491030772676,0.9935205183585313,0.998914223669924,0.9962100703844071,0.001154068090017311,1
pv_bin=0.2,2121,0.00011706636742045769,0.0001236705613856038,True,random_interpolation,7,VoltGuard topology-aware residual,pv_conditioned,2043,0.9123837493881547,0.00024734112277124634,1.0,1.0,1.0,0.0,0
pv_bin=0.4,1218,0.00027784646141308216,0.0002767765869042256,True,random_interpolation,7,VoltGuard topology-aware residual,pv_conditioned,1452,0.959366391184573,0.0005535531738083576,1.0,1.0,1.0,0.0,0
pv_bin=0.6,1593,0.00028128532366228213,0.0002802493042720914,True,random_interpolation,7,VoltGuard topology-aware residual,pv_conditioned,1392,0.9655172413793104,0.000560498608544149,0.9777777777777777,0.9924812030075187,0.9850746268656716,0.0023828435266084196,1
pv_bin=0.8,1188,0.0003761083421987066,0.0003673845202412257,True,random_interpolation,7,VoltGuard topology-aware residual,pv_conditioned,1233,0.959448499594485,0.0007347690404824264,1.0,1.0,1.0,0.0,0
feeder=33,1980,0.00033708910740977633,0.0003335629731778809,True,random_interpolation,7,VoltGuard topology-aware residual,topology_conditioned,1980,0.9565656565656566,0.0006671259463557584,0.9854014598540146,0.9981515711645101,0.9917355371900827,0.005559416261292564,1
feeder=69,4140,0.00022895587457235863,0.0002297763849689151,True,random_interpolation,7,VoltGuard topology-aware residual,topology_conditioned,4140,0.9545893719806763,0.0004595527699378418,1.0,1.0,1.0,0.0,0
feeder=33|pv_bin=0.2|load_bin=high_load,198,0.00038511046903618026,0.0003443839745228153,True,random_interpolation,7,VoltGuard topology-aware residual,topology_pv_loading_conditioned,330,0.9757575757575757,0.0006887679490457069,1.0,1.0,1.0,0.0,0
feeder=33|pv_bin=0.2|load_bin=low_load,198,8.034353759403788e-05,0.00014188782544380794,True,random_interpolation,7,VoltGuard topology-aware residual,topology_pv_loading_conditioned,264,0.9848484848484849,0.0002837756508875522,0.9868421052631579,1.0,0.9933774834437086,0.005291005291005291,0
feeder=33|pv_bin=0.4|load_bin=high_load,231,0.0004288325147371637,0.00037895728834719055,True,random_interpolation,7,VoltGuard topology-aware residual,topology_pv_loading_conditioned,264,0.9962121212121212,0.000757914576694277,1.0,1.0,1.0,0.0,0
feeder=33|pv_bin=0.4|load_bin=low_load,297,0.00017872132529220665,0.00020013799786000163,True,random_interpolation,7,VoltGuard topology-aware residual,topology_pv_loading_conditioned,429,0.9813519813519813,0.00040027599572001166,1.0,1.0,1.0,0.0,0
feeder=33|pv_bin=0.6|load_bin=high_load,396,0.00037344691113735143,0.00035132969425206946,True,random_interpolation,7,VoltGuard topology-aware residual,topology_pv_loading_conditioned,165,0.8424242424242424,0.0007026593885042219,0.9666666666666667,0.9830508474576272,0.9747899159663865,0.018867924528301886,1
feeder=33|pv_bin=0.6|load_bin=low_load,231,0.00014502115208281374,0.00018088953978781042,True,random_interpolation,7,VoltGuard topology-aware residual,topology_pv_loading_conditioned,330,0.9363636363636364,0.00036177907957557823,1.0,1.0,1.0,0.0,0
feeder=33|pv_bin=0.8|load_bin=high_load,231,0.000448374265893466,0.0003925951871904106,True,random_interpolation,7,VoltGuard topology-aware residual,topology_pv_loading_conditioned,99,0.8787878787878788,0.0007851903743807409,1.0,1.0,1.0,0.0,0
feeder=33|pv_bin=0.8|load_bin=low_load,198,0.00031596553545947865,0.0002984420387906444,True,random_interpolation,7,VoltGuard topology-aware residual,topology_pv_loading_conditioned,99,0.7676767676767676,0.0005968840775811834,0.0,0.0,0.0,0.0,0
feeder=69|pv_bin=0.2|load_bin=high_load,1104,0.00013364207789550475,0.00014444801124192068,True,random_interpolation,7,VoltGuard topology-aware residual,topology_pv_loading_conditioned,759,0.9117259552042161,0.0002888960224838403,1.0,1.0,1.0,0.0,0
feeder=69|pv_bin=0.2|load_bin=low_load,621,5.695978848769187e-05,8.564019443757548e-05,True,random_interpolation,7,VoltGuard topology-aware residual,topology_pv_loading_conditioned,690,0.9652173913043478,0.00017128038887515452,1.0,1.0,1.0,0.0,0
feeder=69|pv_bin=0.4|load_bin=high_load,276,0.00036998559880610553,0.0003417302574710649,True,random_interpolation,7,VoltGuard topology-aware residual,topology_pv_loading_conditioned,276,1.0,0.0006834605149421611,1.0,1.0,1.0,0.0,0
feeder=69|pv_bin=0.4|load_bin=low_load,414,7.395241163897078e-05,0.00011087713999449255,True,random_interpolation,7,VoltGuard topology-aware residual,topology_pv_loading_conditioned,483,0.8240165631469979,0.00022175427998894374,1.0,1.0,1.0,0.0,0
feeder=69|pv_bin=0.6|load_bin=high_load,345,0.0003178071369279307,0.0003056584579298233,True,random_interpolation,7,VoltGuard topology-aware residual,topology_pv_loading_conditioned,69,1.0,0.000611316915859638,1.0,1.0,1.0,0.0,0
feeder=69|pv_bin=0.6|load_bin=low_load,621,0.0002417088754790328,0.00024476527491139343,True,random_interpolation,7,VoltGuard topology-aware residual,topology_pv_loading_conditioned,828,0.9939613526570048,0.0004895305498227108,1.0,1.0,1.0,0.0,0
feeder=69|pv_bin=0.8|load_bin=high_load,483,0.00043133467155245943,0.0004025886756406058,True,random_interpolation,7,VoltGuard topology-aware residual,topology_pv_loading_conditioned,276,0.9492753623188406,0.0008051773512812114,1.0,1.0,1.0,0.0,0
feeder=69|pv_bin=0.8|load_bin=low_load,276,0.00017665714441928446,0.00019981894520839836,True,random_interpolation,7,VoltGuard topology-aware residual,topology_pv_loading_conditioned,759,0.8814229249011858,0.00039963789041675606,1.0,1.0,1.0,0.0,0
feeder=33|pv_bin=0.2|load_bin=high_load,198,0.00038511046903618026,0.00038511046903618026,False,random_interpolation,7,VoltGuard topology-aware residual,topology_pv_loading_no_shrinkage,330,0.996969696969697,0.0007702209380724409,1.0,1.0,1.0,0.0,0
feeder=33|pv_bin=0.2|load_bin=low_load,198,8.034353759403788e-05,8.034353759403788e-05,False,random_interpolation,7,VoltGuard topology-aware residual,topology_pv_loading_no_shrinkage,264,0.7954545454545454,0.00016068707518801517,1.0,1.0,1.0,0.0,0
feeder=33|pv_bin=0.4|load_bin=high_load,231,0.0004288325147371637,0.0004288325147371637,False,random_interpolation,7,VoltGuard topology-aware residual,topology_pv_loading_no_shrinkage,264,0.9962121212121212,0.0008576650294742667,1.0,1.0,1.0,0.0,0
feeder=33|pv_bin=0.4|load_bin=low_load,297,0.00017872132529220665,0.00017872132529220665,False,random_interpolation,7,VoltGuard topology-aware residual,topology_pv_loading_no_shrinkage,429,0.9743589743589743,0.00035744265058435003,1.0,1.0,1.0,0.0,0
feeder=33|pv_bin=0.6|load_bin=high_load,396,0.00037344691113735143,0.00037344691113735143,False,random_interpolation,7,VoltGuard topology-aware residual,topology_pv_loading_no_shrinkage,165,0.8787878787878788,0.0007468938222747732,0.9666666666666667,0.9830508474576272,0.9747899159663865,0.018867924528301886,1
feeder=33|pv_bin=0.6|load_bin=low_load,231,0.00014502115208281374,0.00014502115208281374,False,random_interpolation,7,VoltGuard topology-aware residual,topology_pv_loading_no_shrinkage,330,0.8575757575757575,0.00029004230416562613,1.0,1.0,1.0,0.0,0
feeder=33|pv_bin=0.8|load_bin=high_load,231,0.000448374265893466,0.000448374265893466,False,random_interpolation,7,VoltGuard topology-aware residual,topology_pv_loading_no_shrinkage,99,0.9393939393939394,0.0008967485317869971,1.0,1.0,1.0,0.0,0
feeder=33|pv_bin=0.8|load_bin=low_load,198,0.00031596553545947865,0.00031596553545947865,False,random_interpolation,7,VoltGuard topology-aware residual,topology_pv_loading_no_shrinkage,99,0.7878787878787878,0.0006319310709188564,0.0,0.0,0.0,0.0,0
feeder=69|pv_bin=0.2|load_bin=high_load,1104,0.00013364207789550475,0.00013364207789550475,False,random_interpolation,7,VoltGuard topology-aware residual,topology_pv_loading_no_shrinkage,759,0.9038208168642952,0.000267284155790918,1.0,1.0,1.0,0.0,0
feeder=69|pv_bin=0.2|load_bin=low_load,621,5.695978848769187e-05,5.695978848769187e-05,False,random_interpolation,7,VoltGuard topology-aware residual,topology_pv_loading_no_shrinkage,690,0.9130434782608695,0.00011391957697547546,1.0,1.0,1.0,0.0,0
feeder=69|pv_bin=0.4|load_bin=high_load,276,0.00036998559880610553,0.00036998559880610553,False,random_interpolation,7,VoltGuard topology-aware residual,topology_pv_loading_no_shrinkage,276,1.0,0.0007399711976121821,1.0,1.0,1.0,0.0,0
feeder=69|pv_bin=0.4|load_bin=low_load,414,7.395241163897078e-05,7.395241163897078e-05,False,random_interpolation,7,VoltGuard topology-aware residual,topology_pv_loading_no_shrinkage,483,0.7494824016563147,0.00014790482327795023,1.0,1.0,1.0,0.0,0
feeder=69|pv_bin=0.6|load_bin=high_load,345,0.0003178071369279307,0.0003178071369279307,False,random_interpolation,7,VoltGuard topology-aware residual,topology_pv_loading_no_shrinkage,69,1.0,0.0006356142738558882,1.0,1.0,1.0,0.0,0
feeder=69|pv_bin=0.6|load_bin=low_load,621,0.0002417088754790328,0.0002417088754790328,False,random_interpolation,7,VoltGuard topology-aware residual,topology_pv_loading_no_shrinkage,828,0.9939613526570048,0.0004834177509580949,1.0,1.0,1.0,0.0,0
feeder=69|pv_bin=0.8|load_bin=high_load,483,0.00043133467155245943,0.00043133467155245943,False,random_interpolation,7,VoltGuard topology-aware residual,topology_pv_loading_no_shrinkage,276,0.967391304347826,0.0008626693431049103,1.0,1.0,1.0,0.0,0
feeder=69|pv_bin=0.8|load_bin=low_load,276,0.00017665714441928446,0.00017665714441928446,False,random_interpolation,7,VoltGuard topology-aware residual,topology_pv_loading_no_shrinkage,759,0.8603425559947299,0.00035331428883856496,1.0,1.0,1.0,0.0,0
feeder=33,1980,0.0036513256822010487,0.003615677674499212,True,random_interpolation,7,Neural graph residual ablation,topology_conditioned,1980,0.8924242424242425,0.007231355348998428,0.8282208588957055,0.9981515711645101,0.9052808046940486,0.0778318276580959,1
feeder=69,4140,0.0022448955477166735,0.002260578367864932,True,random_interpolation,7,Neural graph residual ablation,topology_conditioned,4140,0.9234299516908212,0.004521156735729918,0.9768041237113402,0.9973684210526316,0.9869791666666666,0.0023936170212765957,1
__global__,6120,0.000548642651263303,0.000548642651263303,True,synthetic_time_block,7,Boosting point + global conformal,global,6120,0.8725490196078431,0.001097285302526612,0.979381443298969,0.9978991596638656,0.9885535900104059,0.003869969040247678,2
__global__,6120,0.00023263022551461686,0.00023263022551461686,True,synthetic_time_block,7,VoltGuard topology-aware residual,global,6120,0.8978758169934641,0.0004652604510291498,0.9854922279792746,0.9989495798319328,0.9921752738654147,0.0027089783281733747,1
pv_bin=0.2,2007,0.00010273685948371364,0.00010890170836985048,True,synthetic_time_block,7,VoltGuard topology-aware residual,pv_conditioned,1596,0.8583959899749374,0.00021780341673970844,0.9975786924939467,1.0,0.9987878787878788,0.0008445945945945946,0
pv_bin=0.4,1293,0.0002060082251576145,0.00020791935224713368,True,synthetic_time_block,7,VoltGuard topology-aware residual,pv_conditioned,1257,0.8520286396181385,0.00041583870449433643,0.9905660377358491,1.0,0.995260663507109,0.0019102196752626551,0
pv_bin=0.6,1632,0.0002381880183569695,0.00023786712962473207,True,synthetic_time_block,7,VoltGuard topology-aware residual,pv_conditioned,1497,0.9178356713426854,0.0004757342592494332,0.9759036144578314,1.0,0.9878048780487805,0.00299625468164794,0
pv_bin=0.8,1188,0.0004277312271099328,0.000412583633818371,True,synthetic_time_block,7,VoltGuard topology-aware residual,pv_conditioned,1770,0.9485875706214689,0.000825167267636745,0.9709302325581395,0.9940476190476191,0.9823529411764705,0.003121098626716604,1
feeder=33,1980,0.0003563405795650761,0.0003503929663895732,True,synthetic_time_block,7,VoltGuard topology-aware residual,topology_conditioned,1980,0.9409090909090909,0.0007007859327792195,0.9736346516007532,0.9980694980694981,0.9857006673021925,0.009575923392612859,1
feeder=69,4140,0.0001939290431099786,0.00019484180684593705,True,synthetic_time_block,7,VoltGuard topology-aware residual,topology_conditioned,4140,0.8874396135265701,0.00038968361369188186,0.9886104783599089,1.0,0.9942726231386025,0.0013491635186184566,0
feeder=33|pv_bin=0.2|load_bin=high_load,330,0.000320185138801676,0.00029982353106049946,True,synthetic_time_block,7,VoltGuard topology-aware residual,topology_pv_loading_conditioned,363,0.9476584022038568,0.0005996470621210108,0.9951923076923077,1.0,0.9975903614457832,0.00641025641025641,0
feeder=33|pv_bin=0.2|load_bin=low_load,297,6.62136099148683e-05,0.00010813215288709715,True,synthetic_time_block,7,VoltGuard topology-aware residual,topology_pv_loading_conditioned,198,0.8282828282828283,0.0002162643057741498,0.9878048780487805,1.0,0.9938650306748467,0.008547008547008548,0
feeder=33|pv_bin=0.4|load_bin=high_load,198,0.0002854661574324932,0.00026773597893656154,True,synthetic_time_block,7,VoltGuard topology-aware residual,topology_pv_loading_conditioned,297,0.9057239057239057,0.0005354719578731762,1.0,1.0,1.0,0.0,0
feeder=33|pv_bin=0.4|load_bin=low_load,198,0.00014056348274023428,0.00017145836286586603,True,synthetic_time_block,7,VoltGuard topology-aware residual,topology_pv_loading_conditioned,132,0.8257575757575758,0.0003429167257318277,0.0,0.0,0.0,0.007575757575757576,0
feeder=33|pv_bin=0.6|load_bin=high_load,297,0.00042270023372121965,0.0003748236573467605,True,synthetic_time_block,7,VoltGuard topology-aware residual,topology_pv_loading_conditioned,264,0.9659090909090909,0.0007496473146935155,0.9692307692307692,1.0,0.984375,0.009950248756218905,0
feeder=33|pv_bin=0.6|load_bin=low_load,231,0.00014007490341907296,0.0001680372363784518,True,synthetic_time_block,7,VoltGuard topology-aware residual,topology_pv_loading_conditioned,198,0.9494949494949495,0.00033607447275695864,0.7777777777777778,1.0,0.875,0.010471204188481676,0
feeder=33|pv_bin=0.8|load_bin=high_load,264,0.0008267679158561087,0.0006635432756524021,True,synthetic_time_block,7,VoltGuard topology-aware residual,topology_pv_loading_conditioned,330,0.9636363636363636,0.0013270865513048643,0.9318181818181818,1.0,0.9647058823529412,0.010380622837370242,0
feeder=33|pv_bin=0.8|load_bin=low_load,165,0.00040859369329006935,0.000342192384695559,True,synthetic_time_block,7,VoltGuard topology-aware residual,topology_pv_loading_conditioned,198,0.8787878787878788,0.0006843847693911409,1.0,0.6666666666666666,0.8,0.0,1
feeder=69|pv_bin=0.2|load_bin=high_load,552,0.00010013209453720209,0.00012045389376686693,True,synthetic_time_block,7,VoltGuard topology-aware residual,topology_pv_loading_conditioned,690,0.9347826086956522,0.0002409077875338253,1.0,1.0,1.0,0.0,0
feeder=69|pv_bin=0.2|load_bin=low_load,828,7.127611191714276e-05,8.86634086410085e-05,True,synthetic_time_block,7,VoltGuard topology-aware residual,topology_pv_loading_conditioned,345,0.9739130434782609,0.00017732681728200168,1.0,1.0,1.0,0.0,0
feeder=69|pv_bin=0.4|load_bin=high_load,345,0.0002204958592289718,0.0002232226831133864,True,synthetic_time_block,7,VoltGuard topology-aware residual,topology_pv_loading_conditioned,414,0.7971014492753623,0.0004464453662267393,1.0,1.0,1.0,0.0,0
feeder=69|pv_bin=0.4|load_bin=low_load,552,0.00012761538752054943,0.0001437219577650383,True,synthetic_time_block,7,VoltGuard topology-aware residual,topology_pv_loading_conditioned,414,0.9009661835748792,0.0002874439155300623,0.9761904761904762,1.0,0.9879518072289156,0.002680965147453083,0
feeder=69|pv_bin=0.6|load_bin=high_load,276,0.0002471993521263658,0.00024332458441047512,True,synthetic_time_block,7,VoltGuard topology-aware residual,topology_pv_loading_conditioned,276,0.8297101449275363,0.0004866491688209142,1.0,1.0,1.0,0.0,0
feeder=69|pv_bin=0.6|load_bin=low_load,828,0.000174864616878142,0.00018108935918810694,True,synthetic_time_block,7,VoltGuard topology-aware residual,topology_pv_loading_conditioned,759,0.8985507246376812,0.000362178718376253,1.0,1.0,1.0,0.0,0
feeder=69|pv_bin=0.8|load_bin=high_load,207,0.0005293239034578265,0.0004326810116196475,True,synthetic_time_block,7,VoltGuard topology-aware residual,topology_pv_loading_conditioned,759,0.9538866930171278,0.0008653620232393363,1.0,1.0,1.0,0.0,0
feeder=69|pv_bin=0.8|load_bin=low_load,552,0.00021959855136273752,0.00022159727439216687,True,synthetic_time_block,7,VoltGuard topology-aware residual,topology_pv_loading_conditioned,483,0.9751552795031055,0.0004431945487843798,0.9333333333333333,1.0,0.9655172413793104,0.004395604395604396,0
feeder=33|pv_bin=0.2|load_bin=high_load,330,0.000320185138801676,0.000320185138801676,False,synthetic_time_block,7,VoltGuard topology-aware residual,topology_pv_loading_no_shrinkage,363,0.9614325068870524,0.0006403702776034408,0.9951923076923077,1.0,0.9975903614457832,0.00641025641025641,0
feeder=33|pv_bin=0.2|load_bin=low_load,297,6.62136099148683e-05,6.62136099148683e-05,False,synthetic_time_block,7,VoltGuard topology-aware residual,topology_pv_loading_no_shrinkage,198,0.6161616161616161,0.00013242721982975267,1.0,1.0,1.0,0.0,0
feeder=33|pv_bin=0.4|load_bin=high_load,198,0.0002854661574324932,0.0002854661574324932,False,synthetic_time_block,7,VoltGuard topology-aware residual,topology_pv_loading_no_shrinkage,297,0.9326599326599326,0.0005709323148650466,1.0,1.0,1.0,0.0,0
feeder=33|pv_bin=0.4|load_bin=low_load,198,0.00014056348274023428,0.00014056348274023428,False,synthetic_time_block,7,VoltGuard topology-aware residual,topology_pv_loading_no_shrinkage,132,0.7878787878787878,0.0002811269654805493,0.0,0.0,0.0,0.007575757575757576,0
feeder=33|pv_bin=0.6|load_bin=high_load,297,0.00042270023372121965,0.00042270023372121965,False,synthetic_time_block,7,VoltGuard topology-aware residual,topology_pv_loading_no_shrinkage,264,0.9696969696969697,0.0008454004674425232,0.9692307692307692,1.0,0.984375,0.009950248756218905,0
feeder=33|pv_bin=0.6|load_bin=low_load,231,0.00014007490341907296,0.00014007490341907296,False,synthetic_time_block,7,VoltGuard topology-aware residual,topology_pv_loading_no_shrinkage,198,0.9393939393939394,0.0002801498068381048,0.7777777777777778,1.0,0.875,0.010471204188481676,0
feeder=33|pv_bin=0.8|load_bin=high_load,264,0.0008267679158561087,0.0008267679158561087,False,synthetic_time_block,7,VoltGuard topology-aware residual,topology_pv_loading_no_shrinkage,330,0.9757575757575757,0.0016535358317122347,0.9318181818181818,1.0,0.9647058823529412,0.010380622837370242,0
feeder=33|pv_bin=0.8|load_bin=low_load,165,0.00040859369329006935,0.00040859369329006935,False,synthetic_time_block,7,VoltGuard topology-aware residual,topology_pv_loading_no_shrinkage,198,0.8939393939393939,0.0008171873865801016,1.0,0.6666666666666666,0.8,0.0,1
feeder=69|pv_bin=0.2|load_bin=high_load,552,0.00010013209453720209,0.00010013209453720209,False,synthetic_time_block,7,VoltGuard topology-aware residual,topology_pv_loading_no_shrinkage,690,0.9028985507246376,0.00020026418907438198,1.0,1.0,1.0,0.0,0
feeder=69|pv_bin=0.2|load_bin=low_load,828,7.127611191714276e-05,7.127611191714276e-05,False,synthetic_time_block,7,VoltGuard topology-aware residual,topology_pv_loading_no_shrinkage,345,0.9507246376811594,0.0001425522238342986,1.0,1.0,1.0,0.0,0
feeder=69|pv_bin=0.4|load_bin=high_load,345,0.0002204958592289718,0.0002204958592289718,False,synthetic_time_block,7,VoltGuard topology-aware residual,topology_pv_loading_no_shrinkage,414,0.7946859903381642,0.0004409917184579937,1.0,1.0,1.0,0.0,0
feeder=69|pv_bin=0.4|load_bin=low_load,552,0.00012761538752054943,0.00012761538752054943,False,synthetic_time_block,7,VoltGuard topology-aware residual,topology_pv_loading_no_shrinkage,414,0.8985507246376812,0.00025523077504116976,0.9761904761904762,1.0,0.9879518072289156,0.002680965147453083,0
feeder=69|pv_bin=0.6|load_bin=high_load,276,0.0002471993521263658,0.0002471993521263658,False,synthetic_time_block,7,VoltGuard topology-aware residual,topology_pv_loading_no_shrinkage,276,0.8333333333333334,0.0004943987042527521,1.0,1.0,1.0,0.0,0
feeder=69|pv_bin=0.6|load_bin=low_load,828,0.000174864616878142,0.000174864616878142,False,synthetic_time_block,7,VoltGuard topology-aware residual,topology_pv_loading_no_shrinkage,759,0.8919631093544137,0.0003497292337562423,1.0,1.0,1.0,0.0,0
feeder=69|pv_bin=0.8|load_bin=high_load,207,0.0005293239034578265,0.0005293239034578265,False,synthetic_time_block,7,VoltGuard topology-aware residual,topology_pv_loading_no_shrinkage,759,0.9670619235836627,0.00105864780691566,1.0,1.0,1.0,0.0,0
feeder=69|pv_bin=0.8|load_bin=low_load,552,0.00021959855136273752,0.00021959855136273752,False,synthetic_time_block,7,VoltGuard topology-aware residual,topology_pv_loading_no_shrinkage,483,0.9751552795031055,0.00043919710272550703,0.9333333333333333,1.0,0.9655172413793104,0.004395604395604396,0
__global__,8265,0.0006292652148080052,0.0006292652148080052,True,pv_penetration_shift,7,Boosting point + global conformal,global,6876,0.797847585805701,0.0012585304296160275,0.9772296015180265,0.9961315280464217,0.9865900383141762,0.0018870891649630445,2
__global__,8265,0.00040368078850204454,0.00040368078850204454,True,pv_penetration_shift,7,VoltGuard topology-aware residual,global,6876,0.7694880744618965,0.0008073615770040739,0.9809885931558935,0.9980657640232108,0.9894534995206136,0.0015725743041358703,1
feeder=33,2607,0.0003452172864436188,0.00034737700207193155,True,pv_penetration_shift,7,VoltGuard topology-aware residual,topology_conditioned,2046,0.739980449657869,0.0006947540041437606,0.9682539682539683,0.991869918699187,0.9799196787148594,0.0020800832033281333,1
feeder=69,5658,0.00043830926501692904,0.0004377078673699182,True,pv_penetration_shift,7,VoltGuard topology-aware residual,topology_conditioned,4830,0.7892339544513458,0.0008754157347398708,0.9874686716791979,1.0,0.9936948297604036,0.001127141568981064,0
__global__,8280,0.0014301371335828721,0.0014301371335828721,True,topology_heldout_33_to_69,7,Boosting point + global conformal,global,12420,0.9087761674718197,0.002860274267165755,0.984399375975039,1.0,0.9921383647798742,0.001792435920415845,0
__global__,8280,0.0010864217115321478,0.0010864217115321478,True,topology_heldout_33_to_69,7,VoltGuard topology-aware residual,global,12420,0.9177133655394525,0.0021728434230643165,0.99057344854674,0.9992076069730587,0.9948717948717949,0.0010754615522495072,1
pv_bin=0.2,2070,0.0009338432077513157,0.0009408744752066535,True,topology_heldout_33_to_69,7,VoltGuard topology-aware residual,pv_conditioned,3657,0.9070276182663385,0.0018817489504132762,0.9977628635346756,1.0,0.9988801791713325,0.0003114294612270321,0
pv_bin=0.4,2208,0.0009589662483018755,0.000964488582064019,True,topology_heldout_33_to_69,7,VoltGuard topology-aware residual,pv_conditioned,2277,0.9314888010540184,0.0019289771641280051,0.9844357976653697,1.0,0.9921568627450981,0.001976284584980237,0
pv_bin=0.6,1794,0.0009238084189000316,0.0009323941260083799,True,topology_heldout_33_to_69,7,VoltGuard topology-aware residual,pv_conditioned,3864,0.8959627329192547,0.0018647882520168456,0.9943342776203966,1.0,0.9971590909090909,0.000569313976658127,0
pv_bin=0.8,2208,0.0016152679017612365,0.0015923542886663888,True,topology_heldout_33_to_69,7,VoltGuard topology-aware residual,pv_conditioned,2622,0.9111365369946606,0.0031847085773328695,0.9906542056074766,1.0,0.9953051643192489,0.0008298755186721991,0
feeder=69,8280,0.0010864217115321478,0.001086421711532148,True,topology_heldout_33_to_69,7,VoltGuard topology-aware residual,topology_conditioned,12420,0.9177133655394525,0.0021728434230643165,0.99057344854674,0.9992076069730587,0.9948717948717949,0.0010754615522495072,1
feeder=69|pv_bin=0.2|load_bin=high_load,1242,0.0011234347630971735,0.0011206767115647573,True,topology_heldout_33_to_69,7,VoltGuard topology-aware residual,topology_pv_loading_conditioned,1794,0.8885172798216276,0.002241353423129575,1.0,1.0,1.0,0.0,0
feeder=69|pv_bin=0.2|load_bin=low_load,828,0.0006208628046652846,0.0006710307903190414,True,topology_heldout_33_to_69,7,VoltGuard topology-aware residual,topology_pv_loading_conditioned,1863,0.9371980676328503,0.0013420615806380885,1.0,1.0,1.0,0.0,0
feeder=69|pv_bin=0.4|load_bin=high_load,1173,0.0012101269545268646,0.0012004093392091334,True,topology_heldout_33_to_69,7,VoltGuard topology-aware residual,topology_pv_loading_conditioned,1104,0.9121376811594203,0.002400818678418331,1.0,1.0,1.0,0.0,0
feeder=69|pv_bin=0.4|load_bin=low_load,1035,0.0006321963224748036,0.00067221618054153,True,topology_heldout_33_to_69,7,VoltGuard topology-aware residual,topology_pv_loading_conditioned,1173,0.9522591645353794,0.0013444323610831488,1.0,1.0,1.0,0.0,0
feeder=69|pv_bin=0.6|load_bin=high_load,690,0.001222697644799897,0.0012054475266647388,True,topology_heldout_33_to_69,7,VoltGuard topology-aware residual,topology_pv_loading_conditioned,1380,0.8659420289855072,0.0024108950533294903,1.0,1.0,1.0,0.0,0
feeder=69|pv_bin=0.6|load_bin=low_load,1104,0.0006116091332710243,0.0006510453939239415,True,topology_heldout_33_to_69,7,VoltGuard topology-aware residual,topology_pv_loading_conditioned,2484,0.9066022544283414,0.0013020907878478307,0.9888268156424581,1.0,0.9943820224719101,0.0008669267446900737,0
feeder=69|pv_bin=0.8|load_bin=high_load,1035,0.0019066560271794072,0.0018343886865937456,True,topology_heldout_33_to_69,7,VoltGuard topology-aware residual,topology_pv_loading_conditioned,1173,0.8738277919863597,0.003668777373187393,0.993006993006993,1.0,0.9964912280701754,0.0009699321047526673,0
feeder=69|pv_bin=0.8|load_bin=low_load,1173,0.0010038307084882815,0.0010103186113196929,True,topology_heldout_33_to_69,7,VoltGuard topology-aware residual,topology_pv_loading_conditioned,1449,0.9047619047619048,0.0020206372226394408,0.9722222222222222,1.0,0.9859154929577465,0.0014503263234227702,0
feeder=69|pv_bin=0.2|load_bin=high_load,1242,0.0011234347630971735,0.0011234347630971735,False,topology_heldout_33_to_69,7,VoltGuard topology-aware residual,topology_pv_loading_no_shrinkage,1794,0.8890746934225195,0.0022468695261943393,1.0,1.0,1.0,0.0,0
feeder=69|pv_bin=0.2|load_bin=low_load,828,0.0006208628046652846,0.0006208628046652846,False,topology_heldout_33_to_69,7,VoltGuard topology-aware residual,topology_pv_loading_no_shrinkage,1863,0.9221685453569511,0.0012417256093306588,1.0,1.0,1.0,0.0,0
feeder=69|pv_bin=0.4|load_bin=high_load,1173,0.0012101269545268646,0.0012101269545268646,False,topology_heldout_33_to_69,7,VoltGuard topology-aware residual,topology_pv_loading_no_shrinkage,1104,0.9130434782608695,0.002420253909053663,1.0,1.0,1.0,0.0,0
feeder=69|pv_bin=0.4|load_bin=low_load,1035,0.0006321963224748036,0.0006321963224748036,False,topology_heldout_33_to_69,7,VoltGuard topology-aware residual,topology_pv_loading_no_shrinkage,1173,0.9369138959931799,0.0012643926449496174,1.0,1.0,1.0,0.0,0
feeder=69|pv_bin=0.6|load_bin=high_load,690,0.001222697644799897,0.001222697644799897,False,topology_heldout_33_to_69,7,VoltGuard topology-aware residual,topology_pv_loading_no_shrinkage,1380,0.8681159420289855,0.0024453952895997803,1.0,1.0,1.0,0.0,0
feeder=69|pv_bin=0.6|load_bin=low_load,1104,0.0006116091332710243,0.0006116091332710243,False,topology_heldout_33_to_69,7,VoltGuard topology-aware residual,topology_pv_loading_no_shrinkage,2484,0.8868760064412239,0.0012232182665421378,0.9888268156424581,1.0,0.9943820224719101,0.0008669267446900737,0
feeder=69|pv_bin=0.8|load_bin=high_load,1035,0.0019066560271794072,0.0019066560271794072,False,topology_heldout_33_to_69,7,VoltGuard topology-aware residual,topology_pv_loading_no_shrinkage,1173,0.8883205456095482,0.0038133120543588513,0.993006993006993,1.0,0.9964912280701754,0.0009699321047526673,0
feeder=69|pv_bin=0.8|load_bin=low_load,1173,0.0010038307084882815,0.0010038307084882815,False,topology_heldout_33_to_69,7,VoltGuard topology-aware residual,topology_pv_loading_no_shrinkage,1449,0.9006211180124224,0.0020076614169766004,0.9722222222222222,1.0,0.9859154929577465,0.0014503263234227702,0
__global__,6120,0.0006755078634787944,0.0006755078634787944,True,random_interpolation,17,Boosting point + global conformal,global,6120,0.8955882352941177,0.0013510157269576092,0.9931895573212258,0.9988584474885844,0.9960159362549801,0.0011441647597254005,1
__global__,6120,0.00025970771030155474,0.00025970771030155474,True,random_interpolation,17,VoltGuard topology-aware residual,global,6120,0.8952614379084968,0.0005194154206031609,0.9864864864864865,1.0,0.9931972789115646,0.002288329519450801,0
pv_bin=0.2,1662,0.0001823778100359089,0.00018676656714519641,True,random_interpolation,17,VoltGuard topology-aware residual,pv_conditioned,1563,0.9232245681381958,0.0003735331342904383,0.991869918699187,1.0,0.9959183673469387,0.002506265664160401,0
pv_bin=0.4,1395,0.00025675899391991935,0.00025695623247387486,True,random_interpolation,17,VoltGuard topology-aware residual,pv_conditioned,1224,0.9852941176470589,0.0005139124649478018,0.985981308411215,1.0,0.9929411764705882,0.0029615004935834156,0
pv_bin=0.6,2040,0.0002737018452127577,0.00027304791367485106,True,random_interpolation,17,VoltGuard topology-aware residual,pv_conditioned,1491,0.8598256203890007,0.0005460958273497413,0.9810126582278481,1.0,0.9904153354632588,0.002245508982035928,0
pv_bin=0.8,1023,0.0003340341337184943,0.0003274155741978407,True,random_interpolation,17,VoltGuard topology-aware residual,pv_conditioned,1842,0.8838219326818675,0.000654831148395637,0.972972972972973,1.0,0.9863013698630136,0.002355712603062426,0
feeder=33,1980,0.0003094213807467899,0.0003070313004369228,True,random_interpolation,17,VoltGuard topology-aware residual,topology_conditioned,1980,0.8878787878787879,0.0006140626008739314,0.9758771929824561,1.0,0.9877913429522752,0.0071661237785016286,0
feeder=69,4140,0.00022526025529361063,0.00022607269527021308,True,random_interpolation,17,VoltGuard topology-aware residual,topology_conditioned,4140,0.8917874396135266,0.00045214539054042757,0.9930875576036866,1.0,0.9965317919075144,0.0008088433540037746,0
feeder=33|pv_bin=0.2|load_bin=high_load,396,0.00021600954880137557,0.00022481966200705686,True,random_interpolation,17,VoltGuard topology-aware residual,topology_pv_loading_conditioned,297,0.8518518518518519,0.000449639324014098,1.0,1.0,1.0,0.0,0
feeder=33|pv_bin=0.2|load_bin=low_load,231,0.0002962802017499349,0.00028523111067791675,True,random_interpolation,17,VoltGuard topology-aware residual,topology_pv_loading_conditioned,231,1.0,0.0005704622213558197,0.9423076923076923,1.0,0.9702970297029703,0.016483516483516484,0
feeder=33|pv_bin=0.4|load_bin=high_load,198,0.0003257743673257566,0.0003036043481901184,True,random_interpolation,17,VoltGuard topology-aware residual,topology_pv_loading_conditioned,198,0.9949494949494949,0.000607208696380202,0.9797979797979798,1.0,0.9897959183673469,0.019801980198019802,0
feeder=33|pv_bin=0.4|load_bin=low_load,231,0.00016756998101018553,0.00019540615300153575,True,random_interpolation,17,VoltGuard topology-aware residual,topology_pv_loading_conditioned,198,0.9141414141414141,0.0003908123060030217,0.9523809523809523,1.0,0.975609756097561,0.0056179775280898875,0
feeder=33|pv_bin=0.6|load_bin=high_load,462,0.00034543457900647784,0.00033018068777784386,True,random_interpolation,17,VoltGuard topology-aware residual,topology_pv_loading_conditioned,330,0.7333333333333333,0.0006603613755555866,0.9743589743589743,1.0,0.987012987012987,0.007874015748031496,0
feeder=33|pv_bin=0.6|load_bin=low_load,198,0.00014620388133782222,0.0001842924145471284,True,random_interpolation,17,VoltGuard topology-aware residual,topology_pv_loading_conditioned,264,0.8939393939393939,0.0003685848290941911,1.0,1.0,1.0,0.0,0
feeder=33|pv_bin=0.8|load_bin=high_load,165,0.0007225348999991026,0.0005478831303019148,True,random_interpolation,17,VoltGuard topology-aware residual,topology_pv_loading_conditioned,198,0.9040404040404041,0.0010957662606039102,0.9411764705882353,1.0,0.9696969696969697,0.005494505494505495,0
feeder=33|pv_bin=0.8|load_bin=low_load,99,0.00034001607994831924,0.0002996601153017039,True,random_interpolation,17,VoltGuard topology-aware residual,topology_pv_loading_conditioned,264,0.9356060606060606,0.0005993202306033945,0.9,1.0,0.9473684210526315,0.00392156862745098,0
feeder=69|pv_bin=0.2|load_bin=high_load,621,0.00018864489433907368,0.00019850104079711543,True,random_interpolation,17,VoltGuard topology-aware residual,topology_pv_loading_conditioned,621,0.9033816425120773,0.0003970020815942255,1.0,1.0,1.0,0.0,0
feeder=69|pv_bin=0.2|load_bin=low_load,414,7.118802711659033e-05,0.0001078650082809803,True,random_interpolation,17,VoltGuard topology-aware residual,topology_pv_loading_conditioned,414,0.9806763285024155,0.00021573001656195536,0.9791666666666666,1.0,0.9894736842105263,0.0027247956403269754,0
feeder=69|pv_bin=0.4|load_bin=high_load,621,0.0002962099648697489,0.0002911472388547428,True,random_interpolation,17,VoltGuard topology-aware residual,topology_pv_loading_conditioned,414,0.9782608695652174,0.0005822944777094221,1.0,1.0,1.0,0.0,0
feeder=69|pv_bin=0.4|load_bin=low_load,345,7.973466331584514e-05,0.00012017804466094842,True,random_interpolation,17,VoltGuard topology-aware residual,topology_pv_loading_conditioned,414,0.9589371980676329,0.00024035608932182994,1.0,1.0,1.0,0.0,0
feeder=69|pv_bin=0.6|load_bin=high_load,483,0.00031242962603504973,0.0003033864157891672,True,random_interpolation,17,VoltGuard topology-aware residual,topology_pv_loading_conditioned,276,0.7608695652173914,0.0006067728315783498,0.9714285714285714,1.0,0.9855072463768116,0.004132231404958678,0
feeder=69|pv_bin=0.6|load_bin=low_load,897,0.00016054054138712865,0.00017048709794825463,True,random_interpolation,17,VoltGuard topology-aware residual,topology_pv_loading_conditioned,621,0.8921095008051529,0.00034097419589641125,1.0,1.0,1.0,0.0,0
feeder=69|pv_bin=0.8|load_bin=high_load,207,0.0004787838143088368,0.00040742351984392406,True,random_interpolation,17,VoltGuard topology-aware residual,topology_pv_loading_conditioned,621,0.856682769726248,0.0008148470396878224,1.0,1.0,1.0,0.0,0
feeder=69|pv_bin=0.8|load_bin=low_load,552,0.0002248252706263749,0.00023017533806121845,True,random_interpolation,17,VoltGuard topology-aware residual,topology_pv_loading_conditioned,759,0.9104084321475626,0.00046035067612244074,0.9791666666666666,1.0,0.9894736842105263,0.0014044943820224719,0
feeder=33|pv_bin=0.2|load_bin=high_load,396,0.00021600954880137557,0.00021600954880137557,False,random_interpolation,17,VoltGuard topology-aware residual,topology_pv_loading_no_shrinkage,297,0.8518518518518519,0.00043201909760281744,1.0,1.0,1.0,0.0,0
feeder=33|pv_bin=0.2|load_bin=low_load,231,0.0002962802017499349,0.0002962802017499349,False,random_interpolation,17,VoltGuard topology-aware residual,topology_pv_loading_no_shrinkage,231,1.0,0.000592560403499972,0.9423076923076923,1.0,0.9702970297029703,0.016483516483516484,0
feeder=33|pv_bin=0.4|load_bin=high_load,198,0.0003257743673257566,0.0003257743673257566,False,random_interpolation,17,VoltGuard topology-aware residual,topology_pv_loading_no_shrinkage,198,0.9949494949494949,0.0006515487346514531,0.9797979797979798,1.0,0.9897959183673469,0.019801980198019802,0
feeder=33|pv_bin=0.4|load_bin=low_load,231,0.00016756998101018553,0.00016756998101018553,False,random_interpolation,17,VoltGuard topology-aware residual,topology_pv_loading_no_shrinkage,198,0.898989898989899,0.00033513996202039155,0.9523809523809523,1.0,0.975609756097561,0.0056179775280898875,0
feeder=33|pv_bin=0.6|load_bin=high_load,462,0.00034543457900647784,0.00034543457900647784,False,random_interpolation,17,VoltGuard topology-aware residual,topology_pv_loading_no_shrinkage,330,0.7454545454545455,0.000690869158012969,0.9743589743589743,1.0,0.987012987012987,0.007874015748031496,0
feeder=33|pv_bin=0.6|load_bin=low_load,198,0.00014620388133782222,0.00014620388133782222,False,random_interpolation,17,VoltGuard topology-aware residual,topology_pv_loading_no_shrinkage,264,0.8181818181818182,0.000292407762675586,1.0,1.0,1.0,0.0,0
feeder=33|pv_bin=0.8|load_bin=high_load,165,0.0007225348999991026,0.0007225348999991026,False,random_interpolation,17,VoltGuard topology-aware residual,topology_pv_loading_no_shrinkage,198,0.9242424242424242,0.0014450697999981454,0.9411764705882353,1.0,0.9696969696969697,0.005494505494505495,0
feeder=33|pv_bin=0.8|load_bin=low_load,99,0.00034001607994831924,0.00034001607994831924,False,random_interpolation,17,VoltGuard topology-aware residual,topology_pv_loading_no_shrinkage,264,0.9621212121212122,0.0006800321598965405,0.9,1.0,0.9473684210526315,0.00392156862745098,0
feeder=69|pv_bin=0.2|load_bin=high_load,621,0.00018864489433907368,0.00018864489433907368,False,random_interpolation,17,VoltGuard topology-aware residual,topology_pv_loading_no_shrinkage,621,0.8985507246376812,0.00037728978867823063,1.0,1.0,1.0,0.0,0
feeder=69|pv_bin=0.2|load_bin=low_load,414,7.118802711659033e-05,7.118802711659033e-05,False,random_interpolation,17,VoltGuard topology-aware residual,topology_pv_loading_no_shrinkage,414,0.9009661835748792,0.0001423760542331844,0.9791666666666666,1.0,0.9894736842105263,0.0027247956403269754,0
feeder=69|pv_bin=0.4|load_bin=high_load,621,0.0002962099648697489,0.0002962099648697489,False,random_interpolation,17,VoltGuard topology-aware residual,topology_pv_loading_no_shrinkage,414,0.9782608695652174,0.0005924199297395625,1.0,1.0,1.0,0.0,0
feeder=69|pv_bin=0.4|load_bin=low_load,345,7.973466331584514e-05,7.973466331584514e-05,False,random_interpolation,17,VoltGuard topology-aware residual,topology_pv_loading_no_shrinkage,414,0.8888888888888888,0.00015946932663179526,1.0,1.0,1.0,0.0,0
feeder=69|pv_bin=0.6|load_bin=high_load,483,0.00031242962603504973,0.00031242962603504973,False,random_interpolation,17,VoltGuard topology-aware residual,topology_pv_loading_no_shrinkage,276,0.7608695652173914,0.000624859252070111,0.9714285714285714,1.0,0.9855072463768116,0.004132231404958678,0
feeder=69|pv_bin=0.6|load_bin=low_load,897,0.00016054054138712865,0.00016054054138712865,False,random_interpolation,17,VoltGuard topology-aware residual,topology_pv_loading_no_shrinkage,621,0.8824476650563607,0.0003210810827742811,1.0,1.0,1.0,0.0,0
feeder=69|pv_bin=0.8|load_bin=high_load,207,0.0004787838143088368,0.0004787838143088368,False,random_interpolation,17,VoltGuard topology-aware residual,topology_pv_loading_no_shrinkage,621,0.8888888888888888,0.0009575676286177069,1.0,1.0,1.0,0.0,0
feeder=69|pv_bin=0.8|load_bin=low_load,552,0.0002248252706263749,0.0002248252706263749,False,random_interpolation,17,VoltGuard topology-aware residual,topology_pv_loading_no_shrinkage,759,0.8959156785243741,0.00044965054125273963,0.9791666666666666,1.0,0.9894736842105263,0.0014044943820224719,0
__global__,6120,0.0005354747057857115,0.0005354747057857115,True,synthetic_time_block,17,Boosting point + global conformal,global,6120,0.8730392156862745,0.001070949411571481,0.9803921568627451,0.9978991596638656,0.9890681936491411,0.003676470588235294,2
__global__,6120,0.000227678547738392,0.000227678547738392,True,synthetic_time_block,17,VoltGuard topology-aware residual,global,6120,0.8929738562091504,0.00045535709547683345,0.9854922279792746,0.9989495798319328,0.9921752738654147,0.0027089783281733747,1
pv_bin=0.2,2007,9.850896841636527e-05,0.00010463946577384163,True,synthetic_time_block,17,VoltGuard topology-aware residual,pv_conditioned,1596,0.8552631578947368,0.0002092789315477566,0.9951690821256038,1.0,0.9975786924939467,0.0016891891891891893,0
pv_bin=0.4,1293,0.000201226616496676,0.00020312553474805545,True,synthetic_time_block,17,VoltGuard topology-aware residual,pv_conditioned,1257,0.8480509148766905,0.0004062510694962062,0.9905660377358491,1.0,0.995260663507109,0.0019102196752626551,0
pv_bin=0.6,1632,0.0002287308926255308,0.00022867013368285536,True,synthetic_time_block,17,VoltGuard topology-aware residual,pv_conditioned,1497,0.9118236472945892,0.0004573402673657635,0.9759036144578314,1.0,0.9878048780487805,0.00299625468164794,0
pv_bin=0.8,1188,0.00042447298208753473,0.0004091939110976945,True,synthetic_time_block,17,VoltGuard topology-aware residual,pv_conditioned,1770,0.9468926553672317,0.0008183878221954488,0.9709302325581395,0.9940476190476191,0.9823529411764705,0.003121098626716604,1
feeder=33,1980,0.0003487096138129417,0.0003428908125593576,True,synthetic_time_block,17,VoltGuard topology-aware residual,topology_conditioned,1980,0.9373737373737374,0.000685781625118676,0.9736346516007532,0.9980694980694981,0.9857006673021925,0.009575923392612859,1
feeder=69,4140,0.0001876365737007288,0.0001885809598808624,True,synthetic_time_block,17,VoltGuard topology-aware residual,topology_conditioned,4140,0.8845410628019323,0.0003771619197617034,0.9886104783599089,1.0,0.9942726231386025,0.0013491635186184566,0
feeder=33|pv_bin=0.2|load_bin=high_load,330,0.0003124798870518183,0.0002927586453510215,True,synthetic_time_block,17,VoltGuard topology-aware residual,topology_pv_loading_conditioned,363,0.9338842975206612,0.0005855172907021062,0.9951923076923077,1.0,0.9975903614457832,0.00641025641025641,0
feeder=33|pv_bin=0.2|load_bin=low_load,297,6.43072920451816e-05,0.00010545874184196003,True,synthetic_time_block,17,VoltGuard topology-aware residual,topology_pv_loading_conditioned,198,0.8131313131313131,0.00021091748368395555,0.9878048780487805,1.0,0.9938650306748467,0.008547008547008548,0
feeder=33|pv_bin=0.4|load_bin=high_load,198,0.00030083896179313526,0.00027628848727812076,True,synthetic_time_block,17,VoltGuard topology-aware residual,topology_pv_loading_conditioned,297,0.9158249158249159,0.0005525769745562437,0.9914529914529915,1.0,0.9957081545064378,0.0055248618784530384,0
feeder=33|pv_bin=0.4|load_bin=low_load,198,0.00014858128930582794,0.0001751239934778293,True,synthetic_time_block,17,VoltGuard topology-aware residual,topology_pv_loading_conditioned,132,0.8333333333333334,0.00035024798695570367,0.0,0.0,0.0,0.007575757575757576,0
feeder=33|pv_bin=0.6|load_bin=high_load,297,0.00040523683873235235,0.00036051182840641773,True,synthetic_time_block,17,VoltGuard topology-aware residual,topology_pv_loading_conditioned,264,0.9583333333333334,0.0007210236568129243,0.9692307692307692,1.0,0.984375,0.009950248756218905,0
feeder=33|pv_bin=0.6|load_bin=low_load,231,0.00014556809902874362,0.0001703748811162507,True,synthetic_time_block,17,VoltGuard topology-aware residual,topology_pv_loading_conditioned,198,0.9595959595959596,0.00034074976223252113,0.7777777777777778,1.0,0.875,0.010471204188481676,0
feeder=33|pv_bin=0.8|load_bin=high_load,264,0.0008695103429186204,0.0006931829266603158,True,synthetic_time_block,17,VoltGuard topology-aware residual,topology_pv_loading_conditioned,330,0.9696969696969697,0.0013863658533206352,0.9318181818181818,1.0,0.9647058823529412,0.010380622837370242,0
feeder=33|pv_bin=0.8|load_bin=low_load,165,0.00043389764181505703,0.000356079115748391,True,synthetic_time_block,17,VoltGuard topology-aware residual,topology_pv_loading_conditioned,198,0.8888888888888888,0.0007121582314968394,1.0,0.6666666666666666,0.8,0.0,1
feeder=69|pv_bin=0.2|load_bin=high_load,552,9.310667112944168e-05,0.00011374652950504756,True,synthetic_time_block,17,VoltGuard topology-aware residual,topology_pv_loading_conditioned,690,0.9376811594202898,0.00022749305901005067,1.0,1.0,1.0,0.0,0
feeder=69|pv_bin=0.2|load_bin=low_load,828,6.954186031987116e-05,8.65824516365221e-05,True,synthetic_time_block,17,VoltGuard topology-aware residual,topology_pv_loading_conditioned,345,0.9710144927536232,0.0001731649032730186,1.0,1.0,1.0,0.0,0
feeder=69|pv_bin=0.4|load_bin=high_load,345,0.0002108496575223162,0.00021463143060458043,True,synthetic_time_block,17,VoltGuard topology-aware residual,topology_pv_loading_conditioned,414,0.7874396135265701,0.00042926286120925075,1.0,1.0,1.0,0.0,0
feeder=69|pv_bin=0.4|load_bin=low_load,552,0.0001276644623523854,0.00014300404600054592,True,synthetic_time_block,17,VoltGuard topology-aware residual,topology_pv_loading_conditioned,414,0.9009661835748792,0.0002860080920011018,0.9761904761904762,1.0,0.9879518072289156,0.002680965147453083,0
feeder=69|pv_bin=0.6|load_bin=high_load,276,0.00025243122253146164,0.00024584806434181547,True,synthetic_time_block,17,VoltGuard topology-aware residual,topology_pv_loading_conditioned,276,0.8188405797101449,0.0004916961286836406,1.0,1.0,1.0,0.0,0
feeder=69|pv_bin=0.6|load_bin=low_load,828,0.0001669880209914895,0.00017352794844266434,True,synthetic_time_block,17,VoltGuard topology-aware residual,topology_pv_loading_conditioned,759,0.8919631093544137,0.0003470558968852568,1.0,1.0,1.0,0.0,0
feeder=69|pv_bin=0.8|load_bin=high_load,207,0.000527800789959341,0.0004300411019394879,True,synthetic_time_block,17,VoltGuard topology-aware residual,topology_pv_loading_conditioned,759,0.9459815546772069,0.0008600822038789559,1.0,1.0,1.0,0.0,0
feeder=69|pv_bin=0.8|load_bin=low_load,552,0.00021653949805958738,0.00021824794126185803,True,synthetic_time_block,17,VoltGuard topology-aware residual,topology_pv_loading_conditioned,483,0.968944099378882,0.0004364958825237668,0.9333333333333333,1.0,0.9655172413793104,0.004395604395604396,0
feeder=33|pv_bin=0.2|load_bin=high_load,330,0.0003124798870518183,0.0003124798870518183,False,synthetic_time_block,17,VoltGuard topology-aware residual,topology_pv_loading_no_shrinkage,363,0.9559228650137741,0.0006249597741037034,0.9951923076923077,1.0,0.9975903614457832,0.00641025641025641,0
feeder=33|pv_bin=0.2|load_bin=low_load,297,6.43072920451816e-05,6.43072920451816e-05,False,synthetic_time_block,17,VoltGuard topology-aware residual,topology_pv_loading_no_shrinkage,198,0.5808080808080808,0.00012861458409041404,1.0,1.0,1.0,0.0,0
feeder=33|pv_bin=0.4|load_bin=high_load,198,0.00030083896179313526,0.00030083896179313526,False,synthetic_time_block,17,VoltGuard topology-aware residual,topology_pv_loading_no_shrinkage,297,0.9393939393939394,0.0006016779235862302,0.9914529914529915,1.0,0.9957081545064378,0.0055248618784530384,0
feeder=33|pv_bin=0.4|load_bin=low_load,198,0.00014858128930582794,0.00014858128930582794,False,synthetic_time_block,17,VoltGuard topology-aware residual,topology_pv_loading_no_shrinkage,132,0.7954545454545454,0.0002971625786116752,0.0,0.0,0.0,0.007575757575757576,0
feeder=33|pv_bin=0.6|load_bin=high_load,297,0.00040523683873235235,0.00040523683873235235,False,synthetic_time_block,17,VoltGuard topology-aware residual,topology_pv_loading_no_shrinkage,264,0.9659090909090909,0.0008104736774647843,0.9692307692307692,1.0,0.984375,0.009950248756218905,0
feeder=33|pv_bin=0.6|load_bin=low_load,231,0.00014556809902874362,0.00014556809902874362,False,synthetic_time_block,17,VoltGuard topology-aware residual,topology_pv_loading_no_shrinkage,198,0.9494949494949495,0.00029113619805754,0.7777777777777778,1.0,0.875,0.010471204188481676,0
feeder=33|pv_bin=0.8|load_bin=high_load,264,0.0008695103429186204,0.0008695103429186204,False,synthetic_time_block,17,VoltGuard topology-aware residual,topology_pv_loading_no_shrinkage,330,0.9787878787878788,0.0017390206858372021,0.9318181818181818,1.0,0.9647058823529412,0.010380622837370242,0
feeder=33|pv_bin=0.8|load_bin=low_load,165,0.00043389764181505703,0.00043389764181505703,False,synthetic_time_block,17,VoltGuard topology-aware residual,topology_pv_loading_no_shrinkage,198,0.8888888888888888,0.0008677952836300134,1.0,0.6666666666666666,0.8,0.0,1
feeder=69|pv_bin=0.2|load_bin=high_load,552,9.310667112944168e-05,9.310667112944168e-05,False,synthetic_time_block,17,VoltGuard topology-aware residual,topology_pv_loading_no_shrinkage,690,0.8768115942028986,0.00018621334225898102,1.0,1.0,1.0,0.0,0
feeder=69|pv_bin=0.2|load_bin=low_load,828,6.954186031987116e-05,6.954186031987116e-05,False,synthetic_time_block,17,VoltGuard topology-aware residual,topology_pv_loading_no_shrinkage,345,0.9623188405797102,0.00013908372063964626,1.0,1.0,1.0,0.0,0
feeder=69|pv_bin=0.4|load_bin=high_load,345,0.0002108496575223162,0.0002108496575223162,False,synthetic_time_block,17,VoltGuard topology-aware residual,topology_pv_loading_no_shrinkage,414,0.7801932367149759,0.00042169931504456746,1.0,1.0,1.0,0.0,0
feeder=69|pv_bin=0.4|load_bin=low_load,552,0.0001276644623523854,0.0001276644623523854,False,synthetic_time_block,17,VoltGuard topology-aware residual,topology_pv_loading_no_shrinkage,414,0.8985507246376812,0.0002553289247047252,0.9761904761904762,1.0,0.9879518072289156,0.002680965147453083,0
feeder=69|pv_bin=0.6|load_bin=high_load,276,0.00025243122253146164,0.00025243122253146164,False,synthetic_time_block,17,VoltGuard topology-aware residual,topology_pv_loading_no_shrinkage,276,0.8333333333333334,0.0005048624450629455,1.0,1.0,1.0,0.0,0
feeder=69|pv_bin=0.6|load_bin=low_load,828,0.0001669880209914895,0.0001669880209914895,False,synthetic_time_block,17,VoltGuard topology-aware residual,topology_pv_loading_no_shrinkage,759,0.8814229249011858,0.0003339760419829695,1.0,1.0,1.0,0.0,0
feeder=69|pv_bin=0.8|load_bin=high_load,207,0.000527800789959341,0.000527800789959341,False,synthetic_time_block,17,VoltGuard topology-aware residual,topology_pv_loading_no_shrinkage,759,0.9631093544137023,0.0010556015799186315,1.0,1.0,1.0,0.0,0
feeder=69|pv_bin=0.8|load_bin=low_load,552,0.00021653949805958738,0.00021653949805958738,False,synthetic_time_block,17,VoltGuard topology-aware residual,topology_pv_loading_no_shrinkage,483,0.968944099378882,0.0004330789961191137,0.9333333333333333,1.0,0.9655172413793104,0.004395604395604396,0
__global__,8265,0.000619972051844674,0.000619972051844674,True,pv_penetration_shift,17,Boosting point + global conformal,global,6876,0.7953752181500873,0.001239944103689429,0.9809885931558935,0.9980657640232108,0.9894534995206136,0.0015725743041358703,1
__global__,8265,0.0004039815182275599,0.0004039815182275599,True,pv_penetration_shift,17,VoltGuard topology-aware residual,global,6876,0.7686154741128564,0.000807963036455034,0.9828571428571429,0.9980657640232108,0.9904030710172744,0.0014153168737222833,1
feeder=33,2607,0.00034477008294205063,0.0003469574281687041,True,pv_penetration_shift,17,VoltGuard topology-aware residual,topology_conditioned,2046,0.7326490713587488,0.0006939148563374078,0.9682539682539683,0.991869918699187,0.9799196787148594,0.0020800832033281333,1
feeder=69,5658,0.00045053903153771766,0.00044973046062229293,True,pv_penetration_shift,17,VoltGuard topology-aware residual,topology_conditioned,4830,0.7937888198757764,0.0008994609212445436,0.9874686716791979,1.0,0.9936948297604036,0.001127141568981064,0
__global__,8280,0.0013994801691552075,0.0013994801691552075,True,topology_heldout_33_to_69,17,Boosting point + global conformal,global,12420,0.8988727858293075,0.002798960338310498,0.9830508474576272,1.0,0.9914529914529915,0.001974156496769562,0
__global__,8280,0.0010384931655257202,0.0010384931655257202,True,topology_heldout_33_to_69,17,VoltGuard topology-aware residual,global,12420,0.9011272141706924,0.002076986331051442,0.9922239502332815,1.0,0.9960967993754879,0.0008973438621679827,0
pv_bin=0.2,2208,0.0008091105981396484,0.0008190491842482304,True,topology_heldout_33_to_69,17,VoltGuard topology-aware residual,pv_conditioned,3519,0.9056550156294402,0.001638098368496474,0.9928909952606635,1.0,0.9964328180737217,0.000967741935483871,0
pv_bin=0.4,1587,0.0008174390784108398,0.0008305424623536306,True,topology_heldout_33_to_69,17,VoltGuard topology-aware residual,pv_conditioned,2898,0.916839199447895,0.0016610849247071914,0.9969230769230769,1.0,0.9984591679506933,0.0003885003885003885,0
pv_bin=0.6,2553,0.0009150486870813076,0.0009197017017230118,True,topology_heldout_33_to_69,17,VoltGuard topology-aware residual,pv_conditioned,3105,0.9098228663446055,0.0018394034034461156,0.9930795847750865,1.0,0.9965277777777778,0.0007097232079489,0
pv_bin=0.8,1932,0.0015222046159537683,0.0014983999185901832,True,topology_heldout_33_to_69,17,VoltGuard topology-aware residual,pv_conditioned,2898,0.8726708074534162,0.0029967998371802987,0.9879518072289156,1.0,0.9939393939393939,0.0011312217194570137,0
feeder=69,8280,0.0010384931655257202,0.0010384931655257202,True,topology_heldout_33_to_69,17,VoltGuard topology-aware residual,topology_conditioned,12420,0.9011272141706924,0.002076986331051442,0.9922239502332815,1.0,0.9960967993754879,0.0008973438621679827,0
feeder=69|pv_bin=0.2|load_bin=high_load,1104,0.00121286730969135,0.0011983844073520122,True,topology_heldout_33_to_69,17,VoltGuard topology-aware residual,topology_pv_loading_conditioned,1932,0.9083850931677019,0.0023967688147039767,1.0,1.0,1.0,0.0,0
feeder=69|pv_bin=0.2|load_bin=low_load,1104,0.0005881204521041842,0.0006255268236508234,True,topology_heldout_33_to_69,17,VoltGuard topology-aware residual,topology_pv_loading_conditioned,1587,0.9388783868935098,0.0012510536473016134,1.0,1.0,1.0,0.0,0
feeder=69|pv_bin=0.4|load_bin=high_load,828,0.001133694637576311,0.0011234358582605146,True,topology_heldout_33_to_69,17,VoltGuard topology-aware residual,topology_pv_loading_conditioned,1449,0.8964803312629399,0.002246871716520957,1.0,1.0,1.0,0.0,0
feeder=69|pv_bin=0.4|load_bin=low_load,759,0.0005701172629515107,0.0006246429791999635,True,topology_heldout_33_to_69,17,VoltGuard topology-aware residual,topology_pv_loading_conditioned,1449,0.9330572808833678,0.0012492859583999251,1.0,1.0,1.0,0.0,0
feeder=69|pv_bin=0.6|load_bin=high_load,966,0.001410233388698039,0.0013753609474998851,True,topology_heldout_33_to_69,17,VoltGuard topology-aware residual,topology_pv_loading_conditioned,1104,0.9211956521739131,0.0027507218949997794,0.9927536231884058,1.0,0.9963636363636363,0.001034126163391934,0
feeder=69|pv_bin=0.6|load_bin=low_load,1587,0.0005895034599385042,0.0006161181431386948,True,topology_heldout_33_to_69,17,VoltGuard topology-aware residual,topology_pv_loading_conditioned,2001,0.888055972013993,0.0012322362862773645,0.9868421052631579,1.0,0.9933774834437086,0.0010804970286331713,0
feeder=69|pv_bin=0.8|load_bin=high_load,690,0.0018209473768830522,0.0017219025400023772,True,topology_heldout_33_to_69,17,VoltGuard topology-aware residual,topology_pv_loading_conditioned,1518,0.8234519104084321,0.0034438050800047588,0.9891891891891892,1.0,0.9945652173913043,0.00149812734082397,0
feeder=69|pv_bin=0.8|load_bin=low_load,1242,0.0010886364012138345,0.00108489994549937,True,topology_heldout_33_to_69,17,VoltGuard topology-aware residual,topology_pv_loading_conditioned,1380,0.9391304347826087,0.0021697998909986486,0.9692307692307692,1.0,0.984375,0.0015186028853454822,0
feeder=69|pv_bin=0.2|load_bin=high_load,1104,0.00121286730969135,0.00121286730969135,False,topology_heldout_33_to_69,17,VoltGuard topology-aware residual,topology_pv_loading_no_shrinkage,1932,0.9094202898550725,0.002425734619382768,1.0,1.0,1.0,0.0,0
feeder=69|pv_bin=0.2|load_bin=low_load,1104,0.0005881204521041842,0.0005881204521041842,False,topology_heldout_33_to_69,17,VoltGuard topology-aware residual,topology_pv_loading_no_shrinkage,1587,0.9287964713295526,0.0011762409042084135,1.0,1.0,1.0,0.0,0
feeder=69|pv_bin=0.4|load_bin=high_load,828,0.001133694637576311,0.001133694637576311,False,topology_heldout_33_to_69,17,VoltGuard topology-aware residual,topology_pv_loading_no_shrinkage,1449,0.8971704623878537,0.002267389275152596,1.0,1.0,1.0,0.0,0
feeder=69|pv_bin=0.4|load_bin=low_load,759,0.0005701172629515107,0.0005701172629515107,False,topology_heldout_33_to_69,17,VoltGuard topology-aware residual,topology_pv_loading_no_shrinkage,1449,0.9095928226363009,0.0011402345259030498,1.0,1.0,1.0,0.0,0
feeder=69|pv_bin=0.6|load_bin=high_load,966,0.001410233388698039,0.001410233388698039,False,topology_heldout_33_to_69,17,VoltGuard topology-aware residual,topology_pv_loading_no_shrinkage,1104,0.9257246376811594,0.0028204667773961013,0.9927536231884058,1.0,0.9963636363636363,0.001034126163391934,0
feeder=69|pv_bin=0.6|load_bin=low_load,1587,0.0005895034599385042,0.0005895034599385042,False,topology_heldout_33_to_69,17,VoltGuard topology-aware residual,topology_pv_loading_no_shrinkage,2001,0.872063968015992,0.0011790069198769659,1.0,1.0,1.0,0.0,0
feeder=69|pv_bin=0.8|load_bin=high_load,690,0.0018209473768830522,0.0018209473768830522,False,topology_heldout_33_to_69,17,VoltGuard topology-aware residual,topology_pv_loading_no_shrinkage,1518,0.8432147562582345,0.0036418947537661833,0.9891891891891892,1.0,0.9945652173913043,0.00149812734082397,0
feeder=69|pv_bin=0.8|load_bin=low_load,1242,0.0010886364012138345,0.0010886364012138345,False,topology_heldout_33_to_69,17,VoltGuard topology-aware residual,topology_pv_loading_no_shrinkage,1380,0.9398550724637681,0.002177272802427667,0.9692307692307692,1.0,0.984375,0.0015186028853454822,0
__global__,6120,0.0006873681580635964,0.0006873681580635964,True,random_interpolation,42,Boosting point + global conformal,global,6120,0.9099673202614379,0.001374736316127193,0.9766009852216748,0.9987405541561712,0.987546699875467,0.0035674051821254224,1
__global__,6120,0.00028085918401637094,0.00028085918401637094,True,random_interpolation,42,VoltGuard topology-aware residual,global,6120,0.9163398692810457,0.0005617183680326782,0.9875621890547264,1.0,0.9937421777221527,0.001877581674802854,0
pv_bin=0.2,1599,0.00012335946424179144,0.00013262960666525107,True,random_interpolation,42,VoltGuard topology-aware residual,pv_conditioned,1467,0.9556918882072256,0.0002652592133305336,0.9897959183673469,1.0,0.9948717948717949,0.002551020408163265,0
pv_bin=0.4,1560,0.00017480302013936282,0.00018119194567412235,True,random_interpolation,42,VoltGuard topology-aware residual,pv_conditioned,843,0.8256227758007118,0.00036238389134825175,0.9879518072289156,1.0,0.9939393939393939,0.0029455081001472753,0
pv_bin=0.6,1494,0.0003703848908408912,0.00036476847259594015,True,random_interpolation,42,VoltGuard topology-aware residual,pv_conditioned,2247,0.9457053849577214,0.0007295369451918747,0.9789915966386554,1.0,0.9893842887473461,0.0024826216484607746,0
pv_bin=0.8,1467,0.00045975828484141044,0.0004483416223765068,True,random_interpolation,42,VoltGuard topology-aware residual,pv_conditioned,1563,0.9238643634037108,0.0008966832447530547,0.9906542056074766,1.0,0.9953051643192489,0.0006863417982155113,0
feeder=33,1980,0.0002839481674936513,0.00028379965867262816,True,random_interpolation,42,VoltGuard topology-aware residual,topology_conditioned,1980,0.895959595959596,0.0005675993173452902,0.9792746113989638,1.0,0.9895287958115183,0.004993757802746567,0
feeder=69,4140,0.000277560764921142,0.00027763855782433135,True,random_interpolation,42,VoltGuard topology-aware residual,topology_conditioned,4140,0.9256038647342996,0.000555277115648694,0.9952153110047847,1.0,0.9976019184652278,0.0005370569280343716,0
feeder=33|pv_bin=0.2|load_bin=high_load,231,0.00023738889749934182,0.000250521914573973,True,random_interpolation,42,VoltGuard topology-aware residual,topology_pv_loading_conditioned,231,0.9134199134199135,0.000501043829147948,1.0,1.0,1.0,0.0,0
feeder=33|pv_bin=0.2|load_bin=low_load,264,9.764051333778165e-05,0.00014797531297475674,True,random_interpolation,42,VoltGuard topology-aware residual,topology_pv_loading_conditioned,132,1.0,0.0002959506259494482,0.9354838709677419,1.0,0.9666666666666667,0.019417475728155338,0
feeder=33|pv_bin=0.4|load_bin=high_load,396,0.0002461710418561274,0.0002531646189045636,True,random_interpolation,42,VoltGuard topology-aware residual,topology_pv_loading_conditioned,198,0.8232323232323232,0.0005063292378091333,1.0,1.0,1.0,0.0,0
feeder=33|pv_bin=0.4|load_bin=low_load,198,0.00012473154812878392,0.00017712337225213526,True,random_interpolation,42,VoltGuard topology-aware residual,topology_pv_loading_conditioned,231,0.974025974025974,0.0003542467445043462,0.9523809523809523,1.0,0.975609756097561,0.010471204188481676,0
feeder=33|pv_bin=0.6|load_bin=high_load,264,0.00044853815470910957,0.00040247250341989563,True,random_interpolation,42,VoltGuard topology-aware residual,topology_pv_loading_conditioned,396,0.8914141414141414,0.0008049450068397025,0.9710144927536232,1.0,0.9852941176470589,0.0060790273556231,0
feeder=33|pv_bin=0.6|load_bin=low_load,264,0.00017468631609602947,0.00020385468640381557,True,random_interpolation,42,VoltGuard topology-aware residual,topology_pv_loading_conditioned,264,0.9583333333333334,0.0004077093728076515,0.8888888888888888,1.0,0.9411764705882353,0.008064516129032258,0
feeder=33|pv_bin=0.8|load_bin=high_load,231,0.0006848499623153474,0.0005627983676630887,True,random_interpolation,42,VoltGuard topology-aware residual,topology_pv_loading_conditioned,165,0.9575757575757575,0.0011255967353260856,1.0,1.0,1.0,0.0,0
feeder=33|pv_bin=0.8|load_bin=low_load,132,0.00023557792967792763,0.0002550957117203601,True,random_interpolation,42,VoltGuard topology-aware residual,topology_pv_loading_conditioned,363,0.8181818181818182,0.0005101914234406866,0.5,1.0,0.6666666666666666,0.0027624309392265192,0
feeder=69|pv_bin=0.2|load_bin=high_load,690,0.00011321713084172496,0.0001344376439018067,True,random_interpolation,42,VoltGuard topology-aware residual,topology_pv_loading_conditioned,621,0.9710144927536232,0.0002688752878035193,1.0,1.0,1.0,0.0,0
feeder=69|pv_bin=0.2|load_bin=low_load,414,6.355056973384006e-05,0.00010582851025573323,True,random_interpolation,42,VoltGuard topology-aware residual,topology_pv_loading_conditioned,483,0.9917184265010351,0.00021165702051150785,0.9782608695652174,1.0,0.989010989010989,0.00228310502283105,0
feeder=69|pv_bin=0.4|load_bin=high_load,483,0.0002638279818565201,0.00026674928582905025,True,random_interpolation,42,VoltGuard topology-aware residual,topology_pv_loading_conditioned,345,0.8840579710144928,0.0005334985716580817,1.0,1.0,1.0,0.0,0
feeder=69|pv_bin=0.4|load_bin=low_load,483,8.966093321375533e-05,0.00012245651654181974,True,random_interpolation,42,VoltGuard topology-aware residual,topology_pv_loading_conditioned,69,0.9130434782608695,0.00024491303308370925,1.0,1.0,1.0,0.0,0
feeder=69|pv_bin=0.6|load_bin=high_load,552,0.0005059965656821871,0.00047146629242055877,True,random_interpolation,42,VoltGuard topology-aware residual,topology_pv_loading_conditioned,552,0.9021739130434783,0.0009429325848411206,0.9859154929577465,1.0,0.9929078014184397,0.002074688796680498,0
feeder=69|pv_bin=0.6|load_bin=low_load,414,0.00016568802667071033,0.00018809486662122794,True,random_interpolation,42,VoltGuard topology-aware residual,topology_pv_loading_conditioned,1035,0.9555555555555556,0.00037618973324242324,1.0,1.0,1.0,0.0,0
feeder=69|pv_bin=0.8|load_bin=high_load,552,0.0006012692455891538,0.0005521265981086656,True,random_interpolation,42,VoltGuard topology-aware residual,topology_pv_loading_conditioned,552,0.9384057971014492,0.001104253196217382,1.0,1.0,1.0,0.0,0
feeder=69|pv_bin=0.8|load_bin=low_load,552,0.00023728241195401003,0.00024396596595130466,True,random_interpolation,42,VoltGuard topology-aware residual,topology_pv_loading_conditioned,483,0.9585921325051759,0.00048793193190259235,1.0,1.0,1.0,0.0,0
feeder=33|pv_bin=0.2|load_bin=high_load,231,0.00023738889749934182,0.00023738889749934182,False,random_interpolation,42,VoltGuard topology-aware residual,topology_pv_loading_no_shrinkage,231,0.8961038961038961,0.0004747777949987153,1.0,1.0,1.0,0.0,0
feeder=33|pv_bin=0.2|load_bin=low_load,264,9.764051333778165e-05,9.764051333778165e-05,False,random_interpolation,42,VoltGuard topology-aware residual,topology_pv_loading_no_shrinkage,132,0.9848484848484849,0.00019528102667564992,1.0,1.0,1.0,0.0,0
feeder=33|pv_bin=0.4|load_bin=high_load,396,0.0002461710418561274,0.0002461710418561274,False,random_interpolation,42,VoltGuard topology-aware residual,topology_pv_loading_no_shrinkage,198,0.8181818181818182,0.0004923420837121862,1.0,1.0,1.0,0.0,0
feeder=33|pv_bin=0.4|load_bin=low_load,198,0.00012473154812878392,0.00012473154812878392,False,random_interpolation,42,VoltGuard topology-aware residual,topology_pv_loading_no_shrinkage,231,0.9134199134199135,0.0002494630962575073,0.9523809523809523,1.0,0.975609756097561,0.010471204188481676,0
feeder=33|pv_bin=0.6|load_bin=high_load,264,0.00044853815470910957,0.00044853815470910957,False,random_interpolation,42,VoltGuard topology-aware residual,topology_pv_loading_no_shrinkage,396,0.9040404040404041,0.0008970763094182601,0.9710144927536232,1.0,0.9852941176470589,0.0060790273556231,0
feeder=33|pv_bin=0.6|load_bin=low_load,264,0.00017468631609602947,0.00017468631609602947,False,random_interpolation,42,VoltGuard topology-aware residual,topology_pv_loading_no_shrinkage,264,0.9393939393939394,0.000349372632192146,0.9411764705882353,1.0,0.9696969696969697,0.004032258064516129,0
feeder=33|pv_bin=0.8|load_bin=high_load,231,0.0006848499623153474,0.0006848499623153474,False,random_interpolation,42,VoltGuard topology-aware residual,topology_pv_loading_no_shrinkage,165,0.9636363636363636,0.0013696999246306531,0.9411764705882353,1.0,0.9696969696969697,0.006711409395973154,0
feeder=33|pv_bin=0.8|load_bin=low_load,132,0.00023557792967792763,0.00023557792967792763,False,random_interpolation,42,VoltGuard topology-aware residual,topology_pv_loading_no_shrinkage,363,0.8044077134986226,0.00047115585935575535,0.5,1.0,0.6666666666666666,0.0027624309392265192,0
feeder=69|pv_bin=0.2|load_bin=high_load,690,0.00011321713084172496,0.00011321713084172496,False,random_interpolation,42,VoltGuard topology-aware residual,topology_pv_loading_no_shrinkage,621,0.9549114331723028,0.00022643426168335372,1.0,1.0,1.0,0.0,0
feeder=69|pv_bin=0.2|load_bin=low_load,414,6.355056973384006e-05,6.355056973384006e-05,False,random_interpolation,42,VoltGuard topology-aware residual,topology_pv_loading_no_shrinkage,483,0.968944099378882,0.0001271011394676906,0.9782608695652174,1.0,0.989010989010989,0.00228310502283105,0
feeder=69|pv_bin=0.4|load_bin=high_load,483,0.0002638279818565201,0.0002638279818565201,False,random_interpolation,42,VoltGuard topology-aware residual,topology_pv_loading_no_shrinkage,345,0.881159420289855,0.0005276559637130632,1.0,1.0,1.0,0.0,0
feeder=69|pv_bin=0.4|load_bin=low_load,483,8.966093321375533e-05,8.966093321375533e-05,False,random_interpolation,42,VoltGuard topology-aware residual,topology_pv_loading_no_shrinkage,69,0.7681159420289855,0.00017932186642744468,1.0,1.0,1.0,0.0,0
feeder=69|pv_bin=0.6|load_bin=high_load,552,0.0005059965656821871,0.0005059965656821871,False,random_interpolation,42,VoltGuard topology-aware residual,topology_pv_loading_no_shrinkage,552,0.9094202898550725,0.0010119931313643596,0.9859154929577465,1.0,0.9929078014184397,0.002074688796680498,0
feeder=69|pv_bin=0.6|load_bin=low_load,414,0.00016568802667071033,0.00016568802667071033,False,random_interpolation,42,VoltGuard topology-aware residual,topology_pv_loading_no_shrinkage,1035,0.9439613526570049,0.0003313760533414295,1.0,1.0,1.0,0.0,0
feeder=69|pv_bin=0.8|load_bin=high_load,552,0.0006012692455891538,0.0006012692455891538,False,random_interpolation,42,VoltGuard topology-aware residual,topology_pv_loading_no_shrinkage,552,0.9601449275362319,0.0012025384911783024,1.0,1.0,1.0,0.0,0
feeder=69|pv_bin=0.8|load_bin=low_load,552,0.00023728241195401003,0.00023728241195401003,False,random_interpolation,42,VoltGuard topology-aware residual,topology_pv_loading_no_shrinkage,483,0.9544513457556936,0.00047456482390802353,1.0,1.0,1.0,0.0,0
__global__,6120,0.0005488107093779853,0.0005488107093779853,True,synthetic_time_block,42,Boosting point + global conformal,global,6120,0.8784313725490196,0.0010976214187559303,0.9813857290589452,0.9968487394957983,0.9890568004168838,0.00348297213622291,3
__global__,6120,0.00023121271393974625,0.00023121271393974625,True,synthetic_time_block,42,VoltGuard topology-aware residual,global,6120,0.8973856209150327,0.0004624254278795299,0.9854922279792746,0.9989495798319328,0.9921752738654147,0.0027089783281733747,1
pv_bin=0.2,2007,9.776452654851522e-05,0.0001040980902595371,True,synthetic_time_block,42,VoltGuard topology-aware residual,pv_conditioned,1596,0.8533834586466166,0.00020819618051914595,0.9975786924939467,1.0,0.9987878787878788,0.0008445945945945946,0
pv_bin=0.4,1293,0.00020983514902834282,0.00021136979116125046,True,synthetic_time_block,42,VoltGuard topology-aware residual,pv_conditioned,1257,0.8496420047732697,0.00042273958232242346,0.9905660377358491,1.0,0.995260663507109,0.0019102196752626551,0
pv_bin=0.6,1632,0.00023289707636012772,0.00023279982679775003,True,synthetic_time_block,42,VoltGuard topology-aware residual,pv_conditioned,1497,0.9218436873747495,0.00046559965359557786,0.9759036144578314,1.0,0.9878048780487805,0.00299625468164794,0
pv_bin=0.8,1188,0.0004384764261624587,0.0004223845230395773,True,synthetic_time_block,42,VoltGuard topology-aware residual,pv_conditioned,1770,0.9497175141242938,0.0008447690460791147,0.9709302325581395,0.9940476190476191,0.9823529411764705,0.003121098626716604,1
feeder=33,1980,0.0003567125500261767,0.00035067890406048294,True,synthetic_time_block,42,VoltGuard topology-aware residual,topology_conditioned,1980,0.9383838383838384,0.0007013578081209674,0.9736346516007532,0.9980694980694981,0.9857006673021925,0.009575923392612859,1
feeder=69,4140,0.000192658678056291,0.0001935679713554291,True,synthetic_time_block,42,VoltGuard topology-aware residual,topology_conditioned,4140,0.8869565217391304,0.00038713594271078865,0.9886104783599089,1.0,0.9942726231386025,0.0013491635186184566,0
feeder=33|pv_bin=0.2|load_bin=high_load,330,0.00031362427903520594,0.00029445879878044787,True,synthetic_time_block,42,VoltGuard topology-aware residual,topology_pv_loading_conditioned,363,0.9366391184573003,0.0005889175975608593,0.9951923076923077,1.0,0.9975903614457832,0.00641025641025641,0
feeder=33|pv_bin=0.2|load_bin=low_load,297,6.490364218011865e-05,0.00010679509602385357,True,synthetic_time_block,42,VoltGuard topology-aware residual,topology_pv_loading_conditioned,198,0.8181818181818182,0.00021359019204769737,0.9878048780487805,1.0,0.9938650306748467,0.008547008547008548,0
feeder=33|pv_bin=0.4|load_bin=high_load,198,0.0002919250336973388,0.00027155177203371715,True,synthetic_time_block,42,VoltGuard topology-aware residual,topology_pv_loading_conditioned,297,0.9124579124579124,0.0005431035440675022,1.0,1.0,1.0,0.0,0
feeder=33|pv_bin=0.4|load_bin=low_load,198,0.00014503538832630084,0.00017395395396839662,True,synthetic_time_block,42,VoltGuard topology-aware residual,topology_pv_loading_conditioned,132,0.8257575757575758,0.0003479079079367115,0.0,0.0,0.0,0.007575757575757576,0
feeder=33|pv_bin=0.6|load_bin=high_load,297,0.00041415042265703124,0.0003680703952723247,True,synthetic_time_block,42,VoltGuard topology-aware residual,topology_pv_loading_conditioned,264,0.9621212121212122,0.0007361407905446285,0.9692307692307692,1.0,0.984375,0.009950248756218905,0
feeder=33|pv_bin=0.6|load_bin=low_load,231,0.00014410566773261806,0.00017042199589187128,True,synthetic_time_block,42,VoltGuard topology-aware residual,topology_pv_loading_conditioned,198,0.9545454545454546,0.00034084399178379513,0.7777777777777778,1.0,0.875,0.010471204188481676,0
feeder=33|pv_bin=0.8|load_bin=high_load,264,0.0008143126928709563,0.0006541203909667777,True,synthetic_time_block,42,VoltGuard topology-aware residual,topology_pv_loading_conditioned,330,0.9727272727272728,0.0013082407819335847,0.9318181818181818,1.0,0.9647058823529412,0.010380622837370242,0
feeder=33|pv_bin=0.8|load_bin=low_load,165,0.0004029449834579828,0.0003381403534511011,True,synthetic_time_block,42,VoltGuard topology-aware residual,topology_pv_loading_conditioned,198,0.8787878787878788,0.0006762807069022695,1.0,0.6666666666666666,0.8,0.0,1
feeder=69|pv_bin=0.2|load_bin=high_load,552,8.639896432384863e-05,0.00010860966211769795,True,synthetic_time_block,42,VoltGuard topology-aware residual,topology_pv_loading_conditioned,690,0.9159420289855073,0.00021721932423535552,1.0,1.0,1.0,0.0,0
feeder=69|pv_bin=0.2|load_bin=low_load,828,7.090879353642615e-05,8.818292289023219e-05,True,synthetic_time_block,42,VoltGuard topology-aware residual,topology_pv_loading_conditioned,345,0.9768115942028985,0.00017636584578050802,1.0,1.0,1.0,0.0,0
feeder=69|pv_bin=0.4|load_bin=high_load,345,0.00022209679668794375,0.00022414531741868588,True,synthetic_time_block,42,VoltGuard topology-aware residual,topology_pv_loading_conditioned,414,0.7874396135265701,0.00044829063483733424,1.0,1.0,1.0,0.0,0
feeder=69|pv_bin=0.4|load_bin=low_load,552,0.00013106816563664074,0.00014642775893466305,True,synthetic_time_block,42,VoltGuard topology-aware residual,topology_pv_loading_conditioned,414,0.9033816425120773,0.0002928555178693875,0.9761904761904762,1.0,0.9879518072289156,0.002680965147453083,0
feeder=69|pv_bin=0.6|load_bin=high_load,276,0.00024348807006205542,0.00024022334768910084,True,synthetic_time_block,42,VoltGuard topology-aware residual,topology_pv_loading_conditioned,276,0.8369565217391305,0.000480446695378244,1.0,1.0,1.0,0.0,0
feeder=69|pv_bin=0.6|load_bin=low_load,828,0.00017200631997972375,0.00017838631932886413,True,synthetic_time_block,42,VoltGuard topology-aware residual,topology_pv_loading_conditioned,759,0.8985507246376812,0.0003567726386577038,1.0,1.0,1.0,0.0,0
feeder=69|pv_bin=0.8|load_bin=high_load,207,0.0005230458380968183,0.00042798618853425406,True,synthetic_time_block,42,VoltGuard topology-aware residual,topology_pv_loading_conditioned,759,0.9538866930171278,0.000855972377068526,1.0,1.0,1.0,0.0,0
feeder=69|pv_bin=0.8|load_bin=low_load,552,0.00021579355214902243,0.0002181584542641641,True,synthetic_time_block,42,VoltGuard topology-aware residual,topology_pv_loading_conditioned,483,0.9730848861283644,0.0004363169085284042,0.9333333333333333,1.0,0.9655172413793104,0.004395604395604396,0
feeder=33|pv_bin=0.2|load_bin=high_load,330,0.00031362427903520594,0.00031362427903520594,False,synthetic_time_block,42,VoltGuard topology-aware residual,topology_pv_loading_no_shrinkage,363,0.9504132231404959,0.0006272485580705004,0.9951923076923077,1.0,0.9975903614457832,0.00641025641025641,0
feeder=33|pv_bin=0.2|load_bin=low_load,297,6.490364218011865e-05,6.490364218011865e-05,False,synthetic_time_block,42,VoltGuard topology-aware residual,topology_pv_loading_no_shrinkage,198,0.5909090909090909,0.00012980728436029208,1.0,1.0,1.0,0.0,0
feeder=33|pv_bin=0.4|load_bin=high_load,198,0.0002919250336973388,0.0002919250336973388,False,synthetic_time_block,42,VoltGuard topology-aware residual,topology_pv_loading_no_shrinkage,297,0.9225589225589226,0.0005838500673946948,1.0,1.0,1.0,0.0,0
feeder=33|pv_bin=0.4|load_bin=low_load,198,0.00014503538832630084,0.00014503538832630084,False,synthetic_time_block,42,VoltGuard topology-aware residual,topology_pv_loading_no_shrinkage,132,0.7878787878787878,0.00029007077665266055,0.0,0.0,0.0,0.007575757575757576,0
feeder=33|pv_bin=0.6|load_bin=high_load,297,0.00041415042265703124,0.00041415042265703124,False,synthetic_time_block,42,VoltGuard topology-aware residual,topology_pv_loading_no_shrinkage,264,0.9659090909090909,0.0008283008453140475,0.9692307692307692,1.0,0.984375,0.009950248756218905,0
feeder=33|pv_bin=0.6|load_bin=low_load,231,0.00014410566773261806,0.00014410566773261806,False,synthetic_time_block,42,VoltGuard topology-aware residual,topology_pv_loading_no_shrinkage,198,0.9444444444444444,0.0002882113354652011,0.7777777777777778,1.0,0.875,0.010471204188481676,0
feeder=33|pv_bin=0.8|load_bin=high_load,264,0.0008143126928709563,0.0008143126928709563,False,synthetic_time_block,42,VoltGuard topology-aware residual,topology_pv_loading_no_shrinkage,330,0.9727272727272728,0.0016286253857418268,0.9318181818181818,1.0,0.9647058823529412,0.010380622837370242,0
feeder=33|pv_bin=0.8|load_bin=low_load,165,0.0004029449834579828,0.0004029449834579828,False,synthetic_time_block,42,VoltGuard topology-aware residual,topology_pv_loading_no_shrinkage,198,0.8939393939393939,0.0008058899669158865,1.0,0.6666666666666666,0.8,0.0,1
feeder=69|pv_bin=0.2|load_bin=high_load,552,8.639896432384863e-05,8.639896432384863e-05,False,synthetic_time_block,42,VoltGuard topology-aware residual,topology_pv_loading_no_shrinkage,690,0.8507246376811595,0.00017279792864766447,1.0,1.0,1.0,0.0,0
feeder=69|pv_bin=0.2|load_bin=low_load,828,7.090879353642615e-05,7.090879353642615e-05,False,synthetic_time_block,42,VoltGuard topology-aware residual,topology_pv_loading_no_shrinkage,345,0.9565217391304348,0.00014181758707287466,1.0,1.0,1.0,0.0,0
feeder=69|pv_bin=0.4|load_bin=high_load,345,0.00022209679668794375,0.00022209679668794375,False,synthetic_time_block,42,VoltGuard topology-aware residual,topology_pv_loading_no_shrinkage,414,0.782608695652174,0.0004441935933758926,1.0,1.0,1.0,0.0,0
feeder=69|pv_bin=0.4|load_bin=low_load,552,0.00013106816563664074,0.00013106816563664074,False,synthetic_time_block,42,VoltGuard topology-aware residual,topology_pv_loading_no_shrinkage,414,0.9009661835748792,0.0002621363312733416,0.9761904761904762,1.0,0.9879518072289156,0.002680965147453083,0
feeder=69|pv_bin=0.6|load_bin=high_load,276,0.00024348807006205542,0.00024348807006205542,False,synthetic_time_block,42,VoltGuard topology-aware residual,topology_pv_loading_no_shrinkage,276,0.8405797101449275,0.00048697614012408553,1.0,1.0,1.0,0.0,0
feeder=69|pv_bin=0.6|load_bin=low_load,828,0.00017200631997972375,0.00017200631997972375,False,synthetic_time_block,42,VoltGuard topology-aware residual,topology_pv_loading_no_shrinkage,759,0.8932806324110671,0.00034401263995943135,1.0,1.0,1.0,0.0,0
feeder=69|pv_bin=0.8|load_bin=high_load,207,0.0005230458380968183,0.0005230458380968183,False,synthetic_time_block,42,VoltGuard topology-aware residual,topology_pv_loading_no_shrinkage,759,0.9657444005270093,0.001046091676193683,1.0,1.0,1.0,0.0,0
feeder=69|pv_bin=0.8|load_bin=low_load,552,0.00021579355214902243,0.00021579355214902243,False,synthetic_time_block,42,VoltGuard topology-aware residual,topology_pv_loading_no_shrinkage,483,0.9710144927536232,0.0004315871042980912,0.9333333333333333,1.0,0.9655172413793104,0.004395604395604396,0
__global__,8265,0.0006314469479458288,0.0006314469479458288,True,pv_penetration_shift,42,Boosting point + global conformal,global,6876,0.7937754508435136,0.0012628938958916334,0.9828571428571429,0.9980657640232108,0.9904030710172744,0.0014153168737222833,1
__global__,8265,0.0004086124725827353,0.0004086124725827353,True,pv_penetration_shift,42,VoltGuard topology-aware residual,global,6876,0.7693426410703897,0.0008172249451654952,0.9828571428571429,0.9980657640232108,0.9904030710172744,0.0014153168737222833,1
feeder=33,2607,0.0003456349961251192,0.00034796146367065356,True,pv_penetration_shift,42,VoltGuard topology-aware residual,topology_conditioned,2046,0.7341153470185728,0.0006959229273413143,0.9682539682539683,0.991869918699187,0.9799196787148594,0.0020800832033281333,1
feeder=69,5658,0.0004466338696261872,0.0004459735466487045,True,pv_penetration_shift,42,VoltGuard topology-aware residual,topology_conditioned,4830,0.7910973084886128,0.0008919470932973266,0.9874686716791979,1.0,0.9936948297604036,0.001127141568981064,0
__global__,8280,0.001375900526989902,0.001375900526989902,True,topology_heldout_33_to_69,42,Boosting point + global conformal,global,12420,0.8900966183574879,0.002751801053979789,0.9808429118773946,1.0,0.9903288201160542,0.002244165170556553,0
__global__,8280,0.0009930127843094114,0.0009930127843094114,True,topology_heldout_33_to_69,42,VoltGuard topology-aware residual,global,12420,0.8794685990338165,0.0019860255686188323,0.9891724671307038,0.99921875,0.994170229304314,0.0012567324955116697,1
pv_bin=0.2,2484,0.0009559377942227235,0.0009573725848607532,True,topology_heldout_33_to_69,42,VoltGuard topology-aware residual,pv_conditioned,3243,0.921677459142769,0.0019147451697214685,0.9876543209876543,1.0,0.9937888198757764,0.0017587055926837848,0
pv_bin=0.4,2208,0.0008763125142209671,0.0008813688517464629,True,topology_heldout_33_to_69,42,VoltGuard topology-aware residual,pv_conditioned,2277,0.8928414580588494,0.0017627377034929825,0.9923371647509579,1.0,0.9961538461538462,0.0009910802775024777,0
pv_bin=0.6,1863,0.0006950159311106189,0.0007101966164493246,True,topology_heldout_33_to_69,42,VoltGuard topology-aware residual,pv_conditioned,3795,0.7936758893280632,0.001420393232898655,0.9946380697050938,1.0,0.9973118279569892,0.0005841121495327102,0
pv_bin=0.8,1725,0.0015352673468753979,0.0015055547681046587,True,topology_heldout_33_to_69,42,VoltGuard topology-aware residual,pv_conditioned,3105,0.8785829307568438,0.0030111095362093244,0.9881422924901185,1.0,0.9940357852882704,0.0010507880910683013,0
feeder=69,8280,0.0009930127843094114,0.0009930127843094114,True,topology_heldout_33_to_69,42,VoltGuard topology-aware residual,topology_conditioned,12420,0.8794685990338165,0.0019860255686188323,0.9891724671307038,0.99921875,0.994170229304314,0.0012567324955116697,1
feeder=69|pv_bin=0.2|load_bin=high_load,1449,0.0011881257921437381,0.0011755297296625034,True,topology_heldout_33_to_69,42,VoltGuard topology-aware residual,topology_pv_loading_conditioned,1587,0.9017013232514177,0.002351059459325,0.9734513274336283,1.0,0.9865470852017937,0.0043891733723482075,0
feeder=69|pv_bin=0.2|load_bin=low_load,1035,0.0005577930753954822,0.0005961384241984715,True,topology_heldout_33_to_69,42,VoltGuard topology-aware residual,topology_pv_loading_conditioned,1656,0.9190821256038647,0.0011922768483969427,1.0,1.0,1.0,0.0,0
feeder=69|pv_bin=0.4|load_bin=high_load,1104,0.0011700756609937712,0.0011553694420000536,True,topology_heldout_33_to_69,42,VoltGuard topology-aware residual,topology_pv_loading_conditioned,1173,0.8925831202046036,0.002310738884000037,1.0,1.0,1.0,0.0,0
feeder=69|pv_bin=0.4|load_bin=low_load,1104,0.0005521027852508037,0.0005887232170663026,True,topology_heldout_33_to_69,42,VoltGuard topology-aware residual,topology_pv_loading_conditioned,1104,0.9012681159420289,0.0011774464341325465,1.0,1.0,1.0,0.0,0
feeder=69|pv_bin=0.6|load_bin=high_load,414,0.0011731572168875142,0.0011381096619112296,True,topology_heldout_33_to_69,42,VoltGuard topology-aware residual,topology_pv_loading_conditioned,1656,0.8387681159420289,0.0022762193238223933,0.995260663507109,1.0,0.997624703087886,0.0006915629322268327,0
feeder=69|pv_bin=0.6|load_bin=low_load,1449,0.0005456705065283615,0.0005745499305297205,True,topology_heldout_33_to_69,42,VoltGuard topology-aware residual,topology_pv_loading_conditioned,2139,0.857877512856475,0.0011490998610594562,1.0,1.0,1.0,0.0,0
feeder=69|pv_bin=0.8|load_bin=high_load,621,0.00210139640186887,0.0019476677447871143,True,topology_heldout_33_to_69,42,VoltGuard topology-aware residual,topology_pv_loading_conditioned,1587,0.9017013232514177,0.0038953354895743114,0.9841269841269841,1.0,0.992,0.0021413276231263384,0
feeder=69|pv_bin=0.8|load_bin=low_load,1104,0.0011604667826629,0.0011465586432647696,True,topology_heldout_33_to_69,42,VoltGuard topology-aware residual,topology_pv_loading_conditioned,1518,0.9637681159420289,0.0022931172865295157,0.9696969696969697,1.0,0.9846153846153847,0.001375515818431912,0
feeder=69|pv_bin=0.2|load_bin=high_load,1449,0.0011881257921437381,0.0011881257921437381,False,topology_heldout_33_to_69,42,VoltGuard topology-aware residual,topology_pv_loading_no_shrinkage,1587,0.9029615626969124,0.0023762515842875465,0.9734513274336283,1.0,0.9865470852017937,0.0043891733723482075,0
feeder=69|pv_bin=0.2|load_bin=low_load,1035,0.0005577930753954822,0.0005577930753954822,False,topology_heldout_33_to_69,42,VoltGuard topology-aware residual,topology_pv_loading_no_shrinkage,1656,0.8979468599033816,0.001115586150790985,1.0,1.0,1.0,0.0,0
feeder=69|pv_bin=0.4|load_bin=high_load,1104,0.0011700756609937712,0.0011700756609937712,False,topology_heldout_33_to_69,42,VoltGuard topology-aware residual,topology_pv_loading_no_shrinkage,1173,0.8942881500426257,0.0023401513219876028,1.0,1.0,1.0,0.0,0
feeder=69|pv_bin=0.4|load_bin=low_load,1104,0.0005521027852508037,0.0005521027852508037,False,topology_heldout_33_to_69,42,VoltGuard topology-aware residual,topology_pv_loading_no_shrinkage,1104,0.884963768115942,0.0011042055705015208,1.0,1.0,1.0,0.0,0
feeder=69|pv_bin=0.6|load_bin=high_load,414,0.0011731572168875142,0.0011731572168875142,False,topology_heldout_33_to_69,42,VoltGuard topology-aware residual,topology_pv_loading_no_shrinkage,1656,0.8520531400966184,0.0023463144337750037,0.995260663507109,1.0,0.997624703087886,0.0006915629322268327,0
feeder=69|pv_bin=0.6|load_bin=low_load,1449,0.0005456705065283615,0.0005456705065283615,False,topology_heldout_33_to_69,42,VoltGuard topology-aware residual,topology_pv_loading_no_shrinkage,2139,0.8466573165030388,0.0010913410130566435,1.0,1.0,1.0,0.0,0
feeder=69|pv_bin=0.8|load_bin=high_load,621,0.00210139640186887,0.00210139640186887,False,topology_heldout_33_to_69,42,VoltGuard topology-aware residual,topology_pv_loading_no_shrinkage,1587,0.931316950220542,0.004202792803737768,0.9738219895287958,1.0,0.986737400530504,0.0035688793718772305,0
feeder=69|pv_bin=0.8|load_bin=low_load,1104,0.0011604667826629,0.0011604667826629,False,topology_heldout_33_to_69,42,VoltGuard topology-aware residual,topology_pv_loading_no_shrinkage,1518,0.9657444005270093,0.0023209335653257735,0.9696969696969697,1.0,0.9846153846153847,0.001375515818431912,0
__global__,7080,0.005023813658680174,0.005023813658680174,True,supplementary_118_random,7,Boosting point + global conformal,global,7080,0.8923728813559322,0.010047627317360416,0.3259493670886076,0.8273092369477911,0.4676503972758229,0.06236275801493193,43
__global__,7080,0.005271963125778879,0.005271963125778879,True,supplementary_118_random,7,VoltGuard topology-aware residual,global,7080,0.902542372881356,0.010543926251557865,0.3025335320417288,0.8152610441767069,0.44130434782608696,0.06851119894598155,46
pv_bin=0.2,1770,0.0023542258409794134,0.0025102545727868717,True,supplementary_118_random,7,VoltGuard topology-aware residual,pv_conditioned,1652,0.9219128329297821,0.005020509145573726,0.43333333333333335,1.0,0.6046511627906976,0.03161810291382517,0
pv_bin=0.4,2006,0.004358689999918052,0.004402055295542972,True,supplementary_118_random,7,VoltGuard topology-aware residual,pv_conditioned,1770,0.907909604519774,0.00880411059108593,0.2814814814814815,0.9743589743589743,0.4367816091954023,0.0560369728480647,1
pv_bin=0.6,1416,0.006516240969634959,0.0064341645947104155,True,supplementary_118_random,7,VoltGuard topology-aware residual,pv_conditioned,1416,0.9159604519774012,0.012868329189420886,0.2773722627737226,0.8444444444444444,0.4175824175824176,0.07221006564551423,7
pv_bin=0.8,1888,0.009965711814170134,0.009729607755397938,True,supplementary_118_random,7,VoltGuard topology-aware residual,pv_conditioned,2242,0.9067796610169492,0.019459215510795776,0.3045977011494253,0.8412698412698413,0.4472573839662447,0.11436672967863894,20
feeder=118,7080,0.005271963125778879,0.005271963125778879,True,supplementary_118_random,7,VoltGuard topology-aware residual,topology_conditioned,7080,0.902542372881356,0.010543926251557865,0.3025335320417288,0.8152610441767069,0.44130434782608696,0.06851119894598155,46
feeder=118|pv_bin=0.2|load_bin=high_load,826,0.0026800345380301,0.0029599404330353674,True,supplementary_118_random,7,VoltGuard topology-aware residual,topology_pv_loading_conditioned,472,0.940677966101695,0.005919880866070758,0.5483870967741935,1.0,0.7083333333333334,0.03076923076923077,0
feeder=118|pv_bin=0.2|load_bin=low_load,944,0.00207211127939607,0.0023786104983982547,True,supplementary_118_random,7,VoltGuard topology-aware residual,topology_pv_loading_conditioned,1180,0.9127118644067796,0.00475722099679654,0.3793103448275862,1.0,0.55,0.031088082901554404,0
feeder=118|pv_bin=0.4|load_bin=high_load,590,0.004883503210490761,0.004939801748938315,True,supplementary_118_random,7,VoltGuard topology-aware residual,topology_pv_loading_conditioned,1180,0.9177966101694915,0.009879603497876583,0.2736842105263158,0.9629629629629629,0.4262295081967213,0.0598438855160451,1
feeder=118|pv_bin=0.4|load_bin=low_load,1416,0.0041651015232447245,0.0042381135023037055,True,supplementary_118_random,7,VoltGuard topology-aware residual,topology_pv_loading_conditioned,590,0.9186440677966101,0.008476227004607482,0.2857142857142857,1.0,0.4444444444444444,0.05190311418685121,0
feeder=118|pv_bin=0.6|load_bin=high_load,708,0.0066077378997152995,0.006442419239574654,True,supplementary_118_random,7,VoltGuard topology-aware residual,topology_pv_loading_conditioned,826,0.9188861985472155,0.012884838479149337,0.27906976744186046,0.8571428571428571,0.42105263157894735,0.07769423558897243,4
feeder=118|pv_bin=0.6|load_bin=low_load,708,0.006414741839153753,0.006273308830072705,True,supplementary_118_random,7,VoltGuard topology-aware residual,topology_pv_loading_conditioned,590,0.9084745762711864,0.012546617660145374,0.28,0.8235294117647058,0.417910447761194,0.06282722513089005,3
feeder=118|pv_bin=0.8|load_bin=high_load,590,0.009509235679317527,0.008895138207790186,True,supplementary_118_random,7,VoltGuard topology-aware residual,topology_pv_loading_conditioned,1416,0.8919491525423728,0.017790276415580394,0.319634703196347,0.8045977011494253,0.45751633986928103,0.11211437170805116,17
feeder=118|pv_bin=0.8|load_bin=low_load,1298,0.010967554750092796,0.010560144762659755,True,supplementary_118_random,7,VoltGuard topology-aware residual,topology_pv_loading_conditioned,826,0.9225181598062954,0.021120289525319514,0.28225806451612906,0.8974358974358975,0.4294478527607362,0.11308767471410419,4
feeder=118|pv_bin=0.2|load_bin=high_load,826,0.0026800345380301,0.0026800345380301,False,supplementary_118_random,7,VoltGuard topology-aware residual,topology_pv_loading_no_shrinkage,472,0.9300847457627118,0.005360069076060185,0.5483870967741935,1.0,0.7083333333333334,0.03076923076923077,0
feeder=118|pv_bin=0.2|load_bin=low_load,944,0.00207211127939607,0.00207211127939607,False,supplementary_118_random,7,VoltGuard topology-aware residual,topology_pv_loading_no_shrinkage,1180,0.9,0.004144222558792159,0.4583333333333333,1.0,0.6285714285714286,0.022452504317789293,0
feeder=118|pv_bin=0.4|load_bin=high_load,590,0.004883503210490761,0.004883503210490761,False,supplementary_118_random,7,VoltGuard topology-aware residual,topology_pv_loading_no_shrinkage,1180,0.9169491525423729,0.009767006420981604,0.2765957446808511,0.9629629629629629,0.4297520661157025,0.05897658282740677,1
feeder=118|pv_bin=0.4|load_bin=low_load,1416,0.0041651015232447245,0.0041651015232447245,False,supplementary_118_random,7,VoltGuard topology-aware residual,topology_pv_loading_no_shrinkage,590,0.9135593220338983,0.00833020304648935,0.3,1.0,0.46153846153846156,0.04844290657439446,0
feeder=118|pv_bin=0.6|load_bin=high_load,708,0.0066077378997152995,0.0066077378997152995,False,supplementary_118_random,7,VoltGuard topology-aware residual,topology_pv_loading_no_shrinkage,826,0.9213075060532687,0.013215475799430547,0.27906976744186046,0.8571428571428571,0.42105263157894735,0.07769423558897243,4
feeder=118|pv_bin=0.6|load_bin=low_load,708,0.006414741839153753,0.006414741839153753,False,supplementary_118_random,7,VoltGuard topology-aware residual,topology_pv_loading_no_shrinkage,590,0.911864406779661,0.012829483678307602,0.27450980392156865,0.8235294117647058,0.4117647058823529,0.06457242582897033,3
feeder=118|pv_bin=0.8|load_bin=high_load,590,0.009509235679317527,0.009509235679317527,False,supplementary_118_random,7,VoltGuard topology-aware residual,topology_pv_loading_no_shrinkage,1416,0.8990112994350282,0.019018471358635037,0.3034188034188034,0.8160919540229885,0.4423676012461059,0.12264860797592174,16
feeder=118|pv_bin=0.8|load_bin=low_load,1298,0.010967554750092796,0.010967554750092796,False,supplementary_118_random,7,VoltGuard topology-aware residual,topology_pv_loading_no_shrinkage,826,0.9261501210653753,0.021935109500185575,0.2734375,0.8974358974358975,0.41916167664670656,0.1181702668360864,4
