method,variant,feeder,scenario_id,branch_count,drop_rmse,drop_mae,drop_max_abs,scenario_violation_any,realized_severity
AC power-flow label,reference,33,3,32,0.000436167109802166,0.00021805337530752053,0.001480812329583487,True,0.5060232615749586
AC power-flow label,reference,33,11,32,9.429850690019646e-05,4.942084117068238e-05,0.0003115884877640321,False,0.0
AC power-flow label,reference,33,13,32,0.0002311733442707954,0.0001223131517914116,0.0008173956820835687,True,0.10879088623633515
AC power-flow label,reference,33,17,32,9.190970735957253e-05,4.566544811136434e-05,0.0003053466618003365,False,0.0
AC power-flow label,reference,33,18,32,0.00015469446695613823,8.031651185398987e-05,0.0005236870368146851,False,0.0
AC power-flow label,reference,33,22,32,0.00019343517808587444,9.710009446619538e-05,0.000674110964214901,True,0.0552917081226183
AC power-flow label,reference,33,27,32,0.00023984653215190248,0.00011808451321252877,0.0008563613200863393,True,0.1551224583310702
AC power-flow label,reference,33,31,32,0.00011330379169593251,5.839693681979348e-05,0.00037966638635912944,False,0.0
AC power-flow label,reference,33,38,32,0.000132952711748652,7.323548788668301e-05,0.0004372636064012645,False,0.0
AC power-flow label,reference,33,47,32,0.00023127985087893717,0.00011103540219829406,0.0008311120494526453,True,0.08415635702774504
AC power-flow label,reference,33,52,32,0.00020208255979755645,9.68424376670988e-05,0.000703459361796336,True,0.04696192729654436
AC power-flow label,reference,33,59,32,0.0003662414535353021,0.0001812535254170273,0.0012780004411135568,True,0.3835340158960511
AC power-flow label,reference,33,72,32,0.00023807852398251227,0.00012092915338510134,0.0008370945380289166,True,0.033252052712791524
AC power-flow label,reference,33,84,32,0.00021768697877368523,0.00011722053353980884,0.0007271550791707881,True,0.06989930261102983
AC power-flow label,reference,33,86,32,9.121868790051142e-05,4.604067050341619e-05,0.0003016926156700836,False,0.0
AC power-flow label,reference,33,94,32,0.00028996835881634365,0.00014603049429239896,0.0010405662593120646,True,0.2604549408835587
AC power-flow label,reference,33,95,32,0.00043426239966121605,0.00021767822426363757,0.0014923994649156946,True,0.48322990210574157
AC power-flow label,reference,33,104,32,0.000129736733929369,6.46220626678119e-05,0.00046935712962079684,False,0.0
AC power-flow label,reference,33,105,32,0.00034445956415546565,0.0001954912030377116,0.0011418191655040225,False,0.0
AC power-flow label,reference,33,112,32,0.0002513664307237769,0.00013415574126725803,0.0008307851367517216,True,0.14445998461291076
AC power-flow label,reference,33,116,32,0.00024220628680630217,0.00011655357296378667,0.0008091519973044761,True,0.11164549971583693
AC power-flow label,reference,33,122,32,0.00047931379073715813,0.00024789739024054877,0.0016781314064643407,True,0.6000522461669653
AC power-flow label,reference,33,124,32,0.00042435343920643737,0.0002118960794821089,0.0014470513401595164,True,0.3513432212144152
AC power-flow label,reference,33,128,32,0.00013296841153505134,6.518441250671846e-05,0.0004719961108806889,False,0.0
AC power-flow label,reference,33,131,32,0.0001715435780121426,8.628189459343645e-05,0.0006068484999135794,True,0.03767402030753553
AC power-flow label,reference,33,133,32,0.000530613457185571,0.0002689982681490213,0.001869416959295725,True,0.6911090303790584
AC power-flow label,reference,33,134,32,0.0001923211916333477,9.322318955091483e-05,0.0006886305382604527,True,0.0637471952736508
AC power-flow label,reference,33,135,32,0.00020123374857754423,9.934232084980466e-05,0.0007118551585517732,True,0.09807450431444531
AC power-flow label,reference,33,136,32,0.00034620842933403895,0.00017043965083071236,0.001216717046955064,True,0.3389819545179208
AC power-flow label,reference,33,137,32,0.00026530011023044315,0.00013745185980297979,0.0009136954347911605,True,0.042344970367476975
AC power-flow label,reference,33,139,32,0.0001415080061316769,7.974213058566577e-05,0.00046879492864494374,True,0.00037938127207870487
AC power-flow label,reference,33,141,32,0.00015912201319302551,8.254049054468731e-05,0.0005198501173016429,True,0.008966849030157431
AC power-flow label,reference,33,143,32,0.00040888986824995057,0.0002016210321249349,0.001411440080473704,True,0.29823051427938285
AC power-flow label,reference,33,149,32,0.0001738395855249581,8.652844005895577e-05,0.0005739835530288347,True,0.020592570257536136
AC power-flow label,reference,33,153,32,0.0003900555560296337,0.00020984812746399216,0.001289780583791665,True,0.33890299260384715
AC power-flow label,reference,33,159,32,0.00024796089171301845,0.0001263986172691855,0.0008223231639289084,True,0.0395997909414626
AC power-flow label,reference,33,161,32,0.0004229576450258762,0.00020552837282745127,0.0014971616724938144,True,0.43630071226698386
AC power-flow label,reference,33,162,32,0.00024106956358217158,0.0001268206230324197,0.0007969652009451617,True,0.016115566658850278
AC power-flow label,reference,33,170,32,0.0005038316784623112,0.00026028948880799053,0.0017084051316583575,True,0.6077469434902997
AC power-flow label,reference,33,178,32,0.00011317310018204175,5.847272188289957e-05,0.0003681898148482146,False,0.0
AC power-flow label,reference,33,180,32,0.00015543451289102178,8.205656149844026e-05,0.0005196815726517621,True,0.013742531231571431
AC power-flow label,reference,33,199,32,0.00029955699221291104,0.0001529519906179895,0.0009899236312537717,True,0.15362603940721098
AC power-flow label,reference,33,200,32,0.0005499601595894456,0.0002759232998950464,0.0019369634727604904,True,0.7298739149217645
AC power-flow label,reference,33,201,32,0.00010593600694539947,5.625717999625579e-05,0.0003662318491034055,False,0.0
AC power-flow label,reference,33,206,32,0.000269878331985647,0.00013216937217664393,0.0009435876868041718,True,0.1955177373435918
AC power-flow label,reference,33,213,32,8.15017028540465e-05,4.239676350098387e-05,0.00027188593315844584,False,0.0
AC power-flow label,reference,33,215,32,0.00016878355253220368,8.27784383892647e-05,0.0005459519149504013,True,0.018360807520329647
AC power-flow label,reference,33,221,32,0.0001560709084420739,8.48209825612614e-05,0.0005249902630606249,False,0.0
AC power-flow label,reference,33,233,32,0.00014278738384292754,7.381733665913333e-05,0.0004890433911649665,True,0.0034177914103068474
AC power-flow label,reference,33,235,32,0.00015713158297564727,8.284998378480998e-05,0.0005306934531792359,False,0.0
AC power-flow label,reference,33,236,32,0.0002881454633857439,0.00014067162668251652,0.0010065240913276902,True,0.12158032691799847
AC power-flow label,reference,33,238,32,0.00011989767166001939,5.978810045975222e-05,0.0004108272742913699,False,0.0
AC power-flow label,reference,33,240,32,0.000212653562698789,0.00010642927818983614,0.0007581621416028889,True,0.10154004665838001
AC power-flow label,reference,33,243,32,0.00029470128121016965,0.00014696791368229586,0.0010163767388460844,True,0.2510339348117949
AC power-flow label,reference,33,244,32,0.00033035566291248066,0.00016366842868416662,0.0011723506016904743,True,0.3214545361243055
AC power-flow label,reference,33,260,32,0.00012143483929784847,6.470102646777342e-05,0.0004037058170270249,False,0.0
AC power-flow label,reference,33,264,32,0.0001648433806328561,8.465313560098348e-05,0.0005373579097481783,True,0.005113949509944482
AC power-flow label,reference,33,285,32,0.0003424665114118703,0.00017318830270365355,0.0011376324871434779,True,0.16453499471995825
AC power-flow label,reference,33,289,32,0.00012502199653540832,6.289383080606207e-05,0.0004456786696440257,False,0.0
AC power-flow label,reference,33,292,32,0.00010441700931372847,5.625750824335555e-05,0.0003414339056247908,False,0.0
AC power-flow label,reference,69,4,68,0.00012022252779110124,3.995154762521151e-05,0.0007438984537347891,False,0.0
AC power-flow label,reference,69,5,68,0.00026049291132123356,8.597299272840147e-05,0.0015896348648416422,True,0.16517353471993257
AC power-flow label,reference,69,16,68,9.430299823015603e-05,3.2280075767440135e-05,0.0005638867242992104,False,0.0
AC power-flow label,reference,69,17,68,0.000137395043657207,4.546374694881669e-05,0.0008224027007420753,True,0.03817669116193312
AC power-flow label,reference,69,20,68,0.00033037745793788073,0.00011015014895493674,0.0020050880576710575,True,0.24598212452850132
AC power-flow label,reference,69,22,68,0.00017762540066923316,5.952950051667166e-05,0.001056996364655817,True,0.08964216081351506
AC power-flow label,reference,69,27,68,0.00018195190073328849,6.060715698509789e-05,0.00109481436886609,True,0.08878314838979118
AC power-flow label,reference,69,28,68,0.0003052769620603227,0.00010397396465707682,0.0018549448327435242,True,0.18265914590317733
AC power-flow label,reference,69,34,68,0.00010546033280160075,3.6916213258266e-05,0.0006315782369624365,False,0.0
AC power-flow label,reference,69,38,68,0.00014356979069959924,4.7856088463192654e-05,0.0008689270210905375,True,0.03135561239619822
AC power-flow label,reference,69,40,68,0.00015928417777391268,5.324979055828196e-05,0.0009768750795792654,True,0.03439220500946283
AC power-flow label,reference,69,42,68,0.00020163036139165085,6.770098564825761e-05,0.0012064043364113167,True,0.11874653214483843
AC power-flow label,reference,69,50,68,0.00014115452532371606,4.679187276686761e-05,0.0008674846494062145,True,0.003818159569864088
AC power-flow label,reference,69,73,68,0.00022385566230985815,7.417295265807589e-05,0.0013706735840461615,True,0.11996995036435765
AC power-flow label,reference,69,84,68,0.00022087472165237577,7.425904770790116e-05,0.0013194053326617203,True,0.1413087571672499
AC power-flow label,reference,69,88,68,0.0001275059506443957,4.226649979984014e-05,0.0007625828527780196,True,0.026539023910398418
AC power-flow label,reference,69,99,68,0.00010131715545323739,3.419821060909171e-05,0.0006264389790628759,False,0.0
AC power-flow label,reference,69,101,68,0.0001744392127317677,6.44867842870036e-05,0.0010412280055902418,True,0.0068982969572077835
AC power-flow label,reference,69,102,68,0.00038001755867864606,0.00012552728654976374,0.0022937763781942927,True,0.3242800071876122
AC power-flow label,reference,69,108,68,0.0002247442804759967,7.473759893126001e-05,0.0013358834103519776,True,0.15103793248057507
AC power-flow label,reference,69,116,68,0.0005269381652817916,0.00017501613517571904,0.0031420810560198326,True,0.4652834274306893
AC power-flow label,reference,69,118,68,0.00020978782564392784,7.009854568810223e-05,0.0012636223553667836,True,0.106198532215391
AC power-flow label,reference,69,120,68,0.00010084547721648798,3.5308772140447895e-05,0.0006033388426837615,False,0.0
AC power-flow label,reference,69,122,68,9.080336871106422e-05,3.041927938521443e-05,0.0005438085001450259,False,0.0
AC power-flow label,reference,69,126,68,0.0002375640049740169,8.051432517724969e-05,0.0014014668313122036,True,0.1636637428515474
AC power-flow label,reference,69,127,68,0.0003428840915972856,0.00011454322346031897,0.0020387933599423647,True,0.29078567823763257
AC power-flow label,reference,69,133,68,0.00016647489936344305,5.957255012749746e-05,0.0010026644431255505,True,0.04090512179969996
AC power-flow label,reference,69,136,68,0.0004192748649925297,0.00013882709847232914,0.002512525773736188,True,0.36592531019642094
AC power-flow label,reference,69,144,68,0.0004279808042988555,0.00014178652430183413,0.002588170259939883,True,0.35760564040672227
AC power-flow label,reference,69,147,68,0.0002445833008248376,8.178999440379069e-05,0.001475288405413,True,0.1579988535799246
AC power-flow label,reference,69,156,68,0.0001324937754074708,4.469464448591626e-05,0.0008125925015696964,True,0.013965017705318217
AC power-flow label,reference,69,158,68,0.00023989178152317178,7.903417978416988e-05,0.0014765545519101753,True,0.12002150866071404
AC power-flow label,reference,69,164,68,0.0002686181356906546,8.988288371207752e-05,0.001637898970899096,True,0.1689511675724642
AC power-flow label,reference,69,168,68,0.0004915272344501053,0.0001632938981069984,0.002940559756770676,True,0.42852341633407565
AC power-flow label,reference,69,194,68,0.00015629327496232749,5.35638007504692e-05,0.0009481297029231006,True,0.02661956911022323
AC power-flow label,reference,69,197,68,0.00017205033639484114,5.787812561937258e-05,0.0010270882850138517,True,0.0692386456261026
AC power-flow label,reference,69,200,68,0.00012503360556703042,4.165788726364495e-05,0.0007472549409964849,True,0.022129077719464152
AC power-flow label,reference,69,201,68,0.00014844942477812274,5.4289000148959405e-05,0.0008723175536100893,True,0.00578595012346661
AC power-flow label,reference,69,205,68,0.00039288532024977905,0.00012992301097655462,0.002368739742578098,True,0.33173031461161795
AC power-flow label,reference,69,206,68,0.0001312072715562927,4.386340763627541e-05,0.0007833281445475196,True,0.02942141945579002
AC power-flow label,reference,69,209,68,0.0003114967603228705,0.00010423832157311072,0.0018594117355883732,True,0.2558976219068452
AC power-flow label,reference,69,210,68,0.00030280077403819957,0.00010167338942760318,0.001857020779592572,True,0.20959447216329663
AC power-flow label,reference,69,214,68,5.705876592801825e-05,1.999011275905554e-05,0.00033850780954076606,False,0.0
AC power-flow label,reference,69,218,68,0.00014484059480688517,4.899496192486282e-05,0.0008484786770414088,True,0.03032056242407355
AC power-flow label,reference,69,230,68,9.531119806077916e-05,3.3479065589324745e-05,0.000571055696630119,False,0.0
AC power-flow label,reference,69,235,68,0.0001593670240109639,5.300840805608729e-05,0.0009648652564706109,True,0.051344553126756676
AC power-flow label,reference,69,244,68,0.0002418814052731283,8.023337537424314e-05,0.0014810835796501137,True,0.13020537158667067
AC power-flow label,reference,69,251,68,0.0004321811766304998,0.0001436255497699017,0.002672538812984425,True,0.2500513958855004
AC power-flow label,reference,69,254,68,0.0005361507777575157,0.00017789958138965454,0.003226673321397658,True,0.46475835982333846
AC power-flow label,reference,69,257,68,0.00013549778257762737,4.732843023108986e-05,0.0008228635808090884,True,0.013056100181927377
AC power-flow label,reference,69,268,68,0.0003840853728016359,0.00012824060048005154,0.0022822914648464865,True,0.33471763699583457
AC power-flow label,reference,69,269,68,0.00037979288409837947,0.00012771397705303077,0.002257560906758077,True,0.3246257772611043
AC power-flow label,reference,69,272,68,0.0004049761887095784,0.00013486539247162973,0.0024256478476097354,True,0.3464515547046978
AC power-flow label,reference,69,275,68,0.0001233160356349886,4.1801028296303494e-05,0.0007561968055432577,True,0.0047088026040568165
AC power-flow label,reference,69,281,68,0.0003784757744814169,0.00013339202064898401,0.0022495681243256058,True,0.2610421393016801
AC power-flow label,reference,69,286,68,0.00013102663259780537,4.464290150401829e-05,0.0007867247122501503,True,0.00837630297231684
AC power-flow label,reference,69,291,68,0.0001072958845738569,3.591482297326695e-05,0.0006532223246049768,False,0.0
AC power-flow label,reference,69,294,68,0.0003060408729904251,0.00010261269003415254,0.0018812252845420638,True,0.19576536719915527
AC power-flow label,reference,69,297,68,0.0001233907625058045,4.07306003236781e-05,0.0007485712230074805,True,0.015704048991353692
AC power-flow label,reference,69,299,68,0.00045304724782848873,0.00015125225060171225,0.002755344469735785,True,0.3693853630443613
Boosting point + global conformal,global,33,3,32,0.0011561173500728831,0.0008534480151236713,0.003019203572905851,True,0.5060232615749586
Boosting point + global conformal,global,33,11,32,0.0003661524828223941,0.0002973733678536378,0.0007725364116802592,False,0.0
Boosting point + global conformal,global,33,13,32,0.000582542205881961,0.00044542098513018335,0.001650062989492363,True,0.10879088623633515
Boosting point + global conformal,global,33,17,32,0.00030002652211224916,0.00021922835670608922,0.0007884422778193546,False,0.0
Boosting point + global conformal,global,33,18,32,0.00030083497461206286,0.0002331484421230233,0.0007569743781395688,False,0.0
Boosting point + global conformal,global,33,22,32,0.0005568536507914183,0.0005105477678753451,0.0010008607673505602,True,0.0552917081226183
Boosting point + global conformal,global,33,27,32,0.0009243499228388936,0.0007264254368244411,0.002201371730970788,True,0.1551224583310702
Boosting point + global conformal,global,33,31,32,0.0003322945068958043,0.000279129781194244,0.0008119674368117641,False,0.0
Boosting point + global conformal,global,33,38,32,0.00044873776471156636,0.00037579974608790447,0.0011974795772476065,False,0.0
Boosting point + global conformal,global,33,47,32,0.0006485067375006452,0.0005495987489857251,0.0012146036929061004,True,0.08415635702774504
Boosting point + global conformal,global,33,52,32,0.000504016883473119,0.0004199348972921173,0.0010354648789051716,True,0.04696192729654436
Boosting point + global conformal,global,33,59,32,0.0009092994265558065,0.0007384847086888817,0.0017908217955359823,True,0.3835340158960511
Boosting point + global conformal,global,33,72,32,0.0004385125213346766,0.00034136435653663196,0.001185211069654607,True,0.033252052712791524
Boosting point + global conformal,global,33,84,32,0.0006689803870814918,0.0005099623150330182,0.0016462714451877072,True,0.06989930261102983
Boosting point + global conformal,global,33,86,32,0.0002675972423449809,0.00022687041822477285,0.0006034629268802001,False,0.0
Boosting point + global conformal,global,33,94,32,0.000800068132021084,0.0006465912479296833,0.0018964818654475185,True,0.2604549408835587
Boosting point + global conformal,global,33,95,32,0.0010403518098626638,0.0007942478252274908,0.00282698676714009,True,0.48322990210574157
Boosting point + global conformal,global,33,104,32,0.00045091072318205065,0.0003470021685351444,0.0011015812808781336,False,0.0
Boosting point + global conformal,global,33,105,32,0.0007980405721300597,0.0006066178683080886,0.0021263909668935,False,0.0
Boosting point + global conformal,global,33,112,32,0.0006511493028107822,0.00047792892341673486,0.0016515854398801886,True,0.14445998461291076
Boosting point + global conformal,global,33,116,32,0.0005780185625295476,0.0004745720286549976,0.001274803530347467,True,0.11164549971583693
Boosting point + global conformal,global,33,122,32,0.0011012133355095006,0.0008424271492501619,0.002882937682959147,True,0.6000522461669653
Boosting point + global conformal,global,33,124,32,0.0010996597441969048,0.0007781483936585825,0.003245344938273916,True,0.3513432212144152
Boosting point + global conformal,global,33,128,32,0.0005592735175226955,0.00042464325858343504,0.001347912826632337,False,0.0
Boosting point + global conformal,global,33,131,32,0.0006148378458924646,0.0004894037875261408,0.0015210876004005628,True,0.03767402030753553
Boosting point + global conformal,global,33,133,32,0.0013745796832919694,0.0009423394242725788,0.003912453410831794,True,0.6911090303790584
Boosting point + global conformal,global,33,134,32,0.0005773937855645675,0.0004054134794930322,0.001968934099462801,True,0.0637471952736508
Boosting point + global conformal,global,33,135,32,0.0005210691501206126,0.000415281901280878,0.0014101248073259375,True,0.09807450431444531
Boosting point + global conformal,global,33,136,32,0.0006895382933649093,0.000578087745879435,0.0014415320584044583,True,0.3389819545179208
Boosting point + global conformal,global,33,137,32,0.0003870349672264892,0.0003039379202078798,0.0010172142024954742,True,0.042344970367476975
Boosting point + global conformal,global,33,139,32,0.0003212873675739856,0.0002589362909441126,0.0007879582885892706,True,0.00037938127207870487
Boosting point + global conformal,global,33,141,32,0.000559527963239055,0.0004562868346662731,0.001428419325339002,True,0.008966849030157431
Boosting point + global conformal,global,33,143,32,0.0009004270154693609,0.0006699146371615008,0.0024594466750968366,True,0.29823051427938285
Boosting point + global conformal,global,33,149,32,0.0005544844048448681,0.0004388505822561627,0.0014171513204616001,True,0.020592570257536136
Boosting point + global conformal,global,33,153,32,0.0008499722617669109,0.0005953946666605824,0.0021514476713207246,True,0.33890299260384715
Boosting point + global conformal,global,33,159,32,0.000691066705182683,0.0005390815471481072,0.0016421897543015262,True,0.0395997909414626
Boosting point + global conformal,global,33,161,32,0.0008290364015452303,0.0006821585768535044,0.0015733290352818261,True,0.43630071226698386
Boosting point + global conformal,global,33,162,32,0.0006077373297204574,0.00042469772857714824,0.001559136201996084,True,0.016115566658850278
Boosting point + global conformal,global,33,170,32,0.001261770875223225,0.0008712247686530893,0.004154632805585734,True,0.6077469434902997
Boosting point + global conformal,global,33,178,32,0.0003775069861291794,0.0002837035435494068,0.0011036494896748336,False,0.0
Boosting point + global conformal,global,33,180,32,0.0005922354117563209,0.00047912334839487217,0.0013485707825815632,True,0.013742531231571431
Boosting point + global conformal,global,33,199,32,0.0005817559892627572,0.00045669588685666874,0.001864342729323691,True,0.15362603940721098
Boosting point + global conformal,global,33,200,32,0.0026795923806331207,0.001524091636019853,0.012078585389782445,True,0.7298739149217645
Boosting point + global conformal,global,33,201,32,0.0004676737636368833,0.0003792028020836616,0.0009080035275318652,False,0.0
Boosting point + global conformal,global,33,206,32,0.0005804753309226029,0.0004919870127751073,0.0012531217447691722,True,0.1955177373435918
Boosting point + global conformal,global,33,213,32,0.0003069269697051181,0.00024353291593201141,0.0005903610002107975,False,0.0
Boosting point + global conformal,global,33,215,32,0.00040581806871200273,0.0002976136015838219,0.0012016212198895076,True,0.018360807520329647
Boosting point + global conformal,global,33,221,32,0.0004022011575659466,0.0003418063965591742,0.0008428227642788642,False,0.0
Boosting point + global conformal,global,33,233,32,0.00048043366402074464,0.000355302853868946,0.0014108193571159711,True,0.0034177914103068474
Boosting point + global conformal,global,33,235,32,0.00040639020550374804,0.0003072257214626194,0.0011845432055256357,False,0.0
Boosting point + global conformal,global,33,236,32,0.0005257243324316228,0.0004320137911902584,0.0012389972105688683,True,0.12158032691799847
Boosting point + global conformal,global,33,238,32,0.0004382262758782222,0.00034443134809463544,0.0010926132049115713,False,0.0
Boosting point + global conformal,global,33,240,32,0.0006810185982899053,0.000499086462503537,0.0016271539098644192,True,0.10154004665838001
Boosting point + global conformal,global,33,243,32,0.0007081265960654777,0.0005827442964126114,0.002057729024350464,True,0.2510339348117949
Boosting point + global conformal,global,33,244,32,0.0009428343206537155,0.0007237906267548171,0.00229853217062894,True,0.3214545361243055
Boosting point + global conformal,global,33,260,32,0.00028698052122497214,0.00024035723837793535,0.0005280940121258817,False,0.0
Boosting point + global conformal,global,33,264,32,0.0002911205377870639,0.0002481763533906785,0.0005680927362495501,True,0.005113949509944482
Boosting point + global conformal,global,33,285,32,0.000691410497501244,0.0005715315246198997,0.0012969955344833443,True,0.16453499471995825
Boosting point + global conformal,global,33,289,32,0.0003807561539007334,0.0003157130606635623,0.0008139583766542807,False,0.0
Boosting point + global conformal,global,33,292,32,0.0003117143819800013,0.00025200486724506424,0.0006559418458157301,False,0.0
Boosting point + global conformal,global,69,4,68,0.0002346826509933384,0.00015600263009756294,0.000805308745035295,False,0.0
Boosting point + global conformal,global,69,5,68,0.0003636542874430859,0.00021085373960069427,0.0018639972591063775,True,0.16517353471993257
Boosting point + global conformal,global,69,16,68,0.0002735477207435055,0.00017834594740725353,0.0010507790346962718,False,0.0
Boosting point + global conformal,global,69,17,68,0.0003298951419637228,0.00020773806907729015,0.001088926991231762,True,0.03817669116193312
Boosting point + global conformal,global,69,20,68,0.0004494139268147956,0.00026375928271134725,0.0021289095469466126,True,0.24598212452850132
Boosting point + global conformal,global,69,22,68,0.0003777756192782835,0.00021290605452583538,0.0017182226972213529,True,0.08964216081351506
Boosting point + global conformal,global,69,27,68,0.00033079253667029317,0.00018918219167994785,0.0012004099432652948,True,0.08878314838979118
Boosting point + global conformal,global,69,28,68,0.0005310283678459933,0.00033424200603553807,0.002181495606025259,True,0.18265914590317733
Boosting point + global conformal,global,69,34,68,0.0003357204576496652,0.00020431540622650707,0.0012100972709589188,False,0.0
Boosting point + global conformal,global,69,38,68,0.0002574004383803665,0.0001479270180482498,0.001098147819275773,True,0.03135561239619822
Boosting point + global conformal,global,69,40,68,0.00025364981185359357,0.0001664269236227349,0.0008806077044479499,True,0.03439220500946283
Boosting point + global conformal,global,69,42,68,0.00045755071632349215,0.00026315954639835143,0.001998020545071756,True,0.11874653214483843
Boosting point + global conformal,global,69,50,68,0.000248612769505552,0.00016129997131730074,0.000934073685389409,True,0.003818159569864088
Boosting point + global conformal,global,69,73,68,0.0005441776793765326,0.00029235081458439856,0.0019869674160326355,True,0.11996995036435765
Boosting point + global conformal,global,69,84,68,0.0005137555679085431,0.00027254961231136255,0.002041667678929102,True,0.1413087571672499
Boosting point + global conformal,global,69,88,68,0.00031637306467492124,0.00019465049955468428,0.0011662827704512352,True,0.026539023910398418
Boosting point + global conformal,global,69,99,68,0.00037780797812873005,0.0002392100039135497,0.0013516916806639346,False,0.0
Boosting point + global conformal,global,69,101,68,0.0009584639338296071,0.0005157562308401913,0.00528040856504464,True,0.0068982969572077835
Boosting point + global conformal,global,69,102,68,0.0006545798682602186,0.0003413105025953217,0.003721364345198777,True,0.3242800071876122
Boosting point + global conformal,global,69,108,68,0.00042610072925902643,0.00024297218257623114,0.0021269163292580917,True,0.15103793248057507
Boosting point + global conformal,global,69,116,68,0.0008175440398909496,0.00042947856636756077,0.003377059970876964,True,0.4652834274306893
Boosting point + global conformal,global,69,118,68,0.0003518696193027459,0.00021306546066942632,0.001399887465398441,True,0.106198532215391
Boosting point + global conformal,global,69,120,68,0.0003236806978862972,0.0002109391210859119,0.0011508149511344117,False,0.0
Boosting point + global conformal,global,69,122,68,0.00027333163770574984,0.0001733761274243353,0.0008465420848026037,False,0.0
Boosting point + global conformal,global,69,126,68,0.0003607399161993096,0.0002275470957107458,0.001208171239611958,True,0.1636637428515474
Boosting point + global conformal,global,69,127,68,0.0007619395677187847,0.0003949241464691177,0.0036503794961283142,True,0.29078567823763257
Boosting point + global conformal,global,69,133,68,0.00037878786999814054,0.0002474937307322216,0.0011567754218842798,True,0.04090512179969996
Boosting point + global conformal,global,69,136,68,0.0007370911566967168,0.00038647856437332135,0.00339978361868978,True,0.36592531019642094
Boosting point + global conformal,global,69,144,68,0.000897525644065804,0.0004254434757592447,0.0038543634386742544,True,0.35760564040672227
Boosting point + global conformal,global,69,147,68,0.0005425658778580993,0.0002805988247357489,0.0026777949673054474,True,0.1579988535799246
Boosting point + global conformal,global,69,156,68,0.000269283557824738,0.00016474910613666614,0.0009649990685021365,True,0.013965017705318217
Boosting point + global conformal,global,69,158,68,0.000442825341622013,0.0002219779344915919,0.0020912528477564107,True,0.12002150866071404
Boosting point + global conformal,global,69,164,68,0.0003760432907034051,0.00021567697290357214,0.0018412568327940085,True,0.1689511675724642
Boosting point + global conformal,global,69,168,68,0.0015037609586764083,0.0005772376976121504,0.009895514788361526,True,0.42852341633407565
Boosting point + global conformal,global,69,194,68,0.0003403464473046956,0.00021433030423386945,0.0014679019373143181,True,0.02661956911022323
Boosting point + global conformal,global,69,197,68,0.00038014291489993124,0.0001971187346106797,0.001642168134668373,True,0.0692386456261026
Boosting point + global conformal,global,69,200,68,0.00031319042401102505,0.00019475727065628012,0.0012806823382198844,True,0.022129077719464152
Boosting point + global conformal,global,69,201,68,0.0005010465003465143,0.00031647648453893686,0.002056102163465187,True,0.00578595012346661
Boosting point + global conformal,global,69,205,68,0.0009787483871791858,0.0004200392511680102,0.0047137567473032865,True,0.33173031461161795
Boosting point + global conformal,global,69,206,68,0.0003125952093344621,0.0001745992704518259,0.0016083524042286093,True,0.02942141945579002
Boosting point + global conformal,global,69,209,68,0.0005033327554624056,0.0003086562646047061,0.002031717203613198,True,0.2558976219068452
Boosting point + global conformal,global,69,210,68,0.0005484646219734912,0.000304863490964373,0.0023080275771524446,True,0.20959447216329663
Boosting point + global conformal,global,69,214,68,0.00026259733761845055,0.00017860558141074006,0.0008082779254460493,False,0.0
Boosting point + global conformal,global,69,218,68,0.000261832306983216,0.00016140114779104926,0.0008679966730987279,True,0.03032056242407355
Boosting point + global conformal,global,69,230,68,0.00026697227328173874,0.00017320110554462677,0.000808794187894462,False,0.0
Boosting point + global conformal,global,69,235,68,0.0002418245536706223,0.00016558785638859193,0.000746969033137708,True,0.051344553126756676
Boosting point + global conformal,global,69,244,68,0.00037037434914684726,0.0001975561362922225,0.0015643535315003135,True,0.13020537158667067
Boosting point + global conformal,global,69,251,68,0.0006352130445403883,0.00037593751445937307,0.002815403075863772,True,0.2500513958855004
Boosting point + global conformal,global,69,254,68,0.000906026935212736,0.00047550415063243336,0.004626958535155781,True,0.46475835982333846
Boosting point + global conformal,global,69,257,68,0.0003231905489564534,0.0002201794315574273,0.0011801716452364854,True,0.013056100181927377
Boosting point + global conformal,global,69,268,68,0.00084637266802303,0.0004334322549639218,0.0048606652751886775,True,0.33471763699583457
Boosting point + global conformal,global,69,269,68,0.0005612262006931887,0.0003236862840565564,0.002178549761022358,True,0.3246257772611043
Boosting point + global conformal,global,69,272,68,0.0005331735376225333,0.00032332391995951404,0.002061119207918693,True,0.3464515547046978
Boosting point + global conformal,global,69,275,68,0.00025657717101624323,0.00015924580161972698,0.0011726195499410594,True,0.0047088026040568165
Boosting point + global conformal,global,69,281,68,0.0005837269486792888,0.00036320933051822257,0.0020696903454993816,True,0.2610421393016801
Boosting point + global conformal,global,69,286,68,0.0002251421062692347,0.0001465368423400207,0.0007025709268186561,True,0.00837630297231684
Boosting point + global conformal,global,69,291,68,0.0002491394355415902,0.00015972452980586046,0.0009097571517746421,False,0.0
Boosting point + global conformal,global,69,294,68,0.0005455793659418005,0.0002854015676234381,0.0023616527199792747,True,0.19576536719915527
Boosting point + global conformal,global,69,297,68,0.0003303353571142515,0.00020375420989047368,0.001203712844206629,True,0.015704048991353692
Boosting point + global conformal,global,69,299,68,0.0012357582451490087,0.0005124603974524967,0.00825162383668536,True,0.3693853630443613
VoltGuard topology-aware residual,topology_pv_loading_conditioned,33,3,32,0.0004097482720301031,0.0002391418265367518,0.0014845918342421723,True,0.5060232615749586
VoltGuard topology-aware residual,topology_pv_loading_conditioned,33,11,32,0.00010583769867770233,5.867525771686364e-05,0.00044396185875173605,False,0.0
VoltGuard topology-aware residual,topology_pv_loading_conditioned,33,13,32,0.00025817358298862536,0.00015025265253802402,0.0008874798409502366,True,0.10879088623633515
VoltGuard topology-aware residual,topology_pv_loading_conditioned,33,17,32,8.591718730087991e-05,5.403858901149316e-05,0.00026790047601826447,False,0.0
VoltGuard topology-aware residual,topology_pv_loading_conditioned,33,18,32,0.00020402233992685036,0.0001088126900072915,0.000706996029346289,False,0.0
VoltGuard topology-aware residual,topology_pv_loading_conditioned,33,22,32,0.00018181709377779716,0.0001017817022348964,0.0006872232175385781,True,0.0552917081226183
VoltGuard topology-aware residual,topology_pv_loading_conditioned,33,27,32,0.00025071025664706023,0.00013631286699233093,0.0008982569559949569,True,0.1551224583310702
VoltGuard topology-aware residual,topology_pv_loading_conditioned,33,31,32,0.0001069596898019859,5.9360407854288903e-05,0.0003764246789668309,False,0.0
VoltGuard topology-aware residual,topology_pv_loading_conditioned,33,38,32,0.0002436588818963899,0.00016362951843550865,0.0005662969836013765,False,0.0
VoltGuard topology-aware residual,topology_pv_loading_conditioned,33,47,32,0.0002634537800526378,0.0001475256958065718,0.0009731996078987809,True,0.08415635702774504
VoltGuard topology-aware residual,topology_pv_loading_conditioned,33,52,32,0.0002162874152738299,0.000134086652022792,0.0007414122389636825,True,0.04696192729654436
VoltGuard topology-aware residual,topology_pv_loading_conditioned,33,59,32,0.0003690618148399006,0.0001954775669693877,0.0012690393959008534,True,0.3835340158960511
VoltGuard topology-aware residual,topology_pv_loading_conditioned,33,72,32,0.00028351048433519023,0.0001674973331788941,0.0009614789932453696,True,0.033252052712791524
VoltGuard topology-aware residual,topology_pv_loading_conditioned,33,84,32,0.00023126671979794541,0.0001519406944714861,0.0006805487785549735,True,0.06989930261102983
VoltGuard topology-aware residual,topology_pv_loading_conditioned,33,86,32,8.529406468544655e-05,5.0457108997428875e-05,0.00028639290831350937,False,0.0
VoltGuard topology-aware residual,topology_pv_loading_conditioned,33,94,32,0.00031303878712626425,0.0001875202569711016,0.0011033959644349,True,0.2604549408835587
VoltGuard topology-aware residual,topology_pv_loading_conditioned,33,95,32,0.0004228648829443128,0.000248018703554386,0.0015189321348003104,True,0.48322990210574157
VoltGuard topology-aware residual,topology_pv_loading_conditioned,33,104,32,0.0001341767276983249,7.173119435078087e-05,0.0005032277715339775,False,0.0
VoltGuard topology-aware residual,topology_pv_loading_conditioned,33,105,32,0.0006780771571264741,0.0005022013210745394,0.0015906554728141295,False,0.0
VoltGuard topology-aware residual,topology_pv_loading_conditioned,33,112,32,0.00024064298671398334,0.0001616295335082874,0.0007388224615944676,True,0.14445998461291076
VoltGuard topology-aware residual,topology_pv_loading_conditioned,33,116,32,0.00023259258387228299,0.0001356413905871048,0.0007360882314053699,True,0.11164549971583693
VoltGuard topology-aware residual,topology_pv_loading_conditioned,33,122,32,0.00048789474685823596,0.0002693045323448117,0.001760346047997248,True,0.6000522461669653
VoltGuard topology-aware residual,topology_pv_loading_conditioned,33,124,32,0.0004162795768764705,0.00023591733898432464,0.0015546878976673006,True,0.3513432212144152
VoltGuard topology-aware residual,topology_pv_loading_conditioned,33,128,32,0.0001384655378683995,7.747183218099953e-05,0.0005083718552551172,False,0.0
VoltGuard topology-aware residual,topology_pv_loading_conditioned,33,131,32,0.0001678979736130213,9.354029537946281e-05,0.0006226397250585249,True,0.03767402030753553
VoltGuard topology-aware residual,topology_pv_loading_conditioned,33,133,32,0.0005450171514189346,0.0002867514801862987,0.0018701659710170376,True,0.6911090303790584
VoltGuard topology-aware residual,topology_pv_loading_conditioned,33,134,32,0.00018567607290012673,9.835110443002151e-05,0.0007093312730216891,True,0.0637471952736508
VoltGuard topology-aware residual,topology_pv_loading_conditioned,33,135,32,0.0001917984684260969,0.00010779396345784564,0.0006843656084896191,True,0.09807450431444531
VoltGuard topology-aware residual,topology_pv_loading_conditioned,33,136,32,0.0003545118898845359,0.00018791972313143458,0.001262195980467208,True,0.3389819545179208
VoltGuard topology-aware residual,topology_pv_loading_conditioned,33,137,32,0.00024014708283713636,0.00014198610874295602,0.0008832839475231315,True,0.042344970367476975
VoltGuard topology-aware residual,topology_pv_loading_conditioned,33,139,32,0.00012489391132342704,7.933268918301058e-05,0.0004452272833092869,True,0.00037938127207870487
VoltGuard topology-aware residual,topology_pv_loading_conditioned,33,141,32,0.00014651584372455388,9.102380027278269e-05,0.00047482294437017555,True,0.008966849030157431
VoltGuard topology-aware residual,topology_pv_loading_conditioned,33,143,32,0.0004288145901224871,0.0002509982968271116,0.001435125772713687,True,0.29823051427938285
VoltGuard topology-aware residual,topology_pv_loading_conditioned,33,149,32,0.00017657260369330832,0.00010376116177828368,0.0006140132178975473,True,0.020592570257536136
VoltGuard topology-aware residual,topology_pv_loading_conditioned,33,153,32,0.0003448310050181864,0.0002255851088461151,0.0009960494472667052,True,0.33890299260384715
VoltGuard topology-aware residual,topology_pv_loading_conditioned,33,159,32,0.00027354058325437065,0.000158464213718579,0.0009235656210288788,True,0.0395997909414626
VoltGuard topology-aware residual,topology_pv_loading_conditioned,33,161,32,0.0004702805177161409,0.00025217237531220086,0.0016711772048767573,True,0.43630071226698386
VoltGuard topology-aware residual,topology_pv_loading_conditioned,33,162,32,0.0002796118876495257,0.00017073393471659488,0.0008996006726058325,True,0.016115566658850278
VoltGuard topology-aware residual,topology_pv_loading_conditioned,33,170,32,0.00046623315480662426,0.00025175081913525005,0.0016115508833400675,True,0.6077469434902997
VoltGuard topology-aware residual,topology_pv_loading_conditioned,33,178,32,0.00012282688599969506,8.292057086479069e-05,0.0004213065133839098,False,0.0
VoltGuard topology-aware residual,topology_pv_loading_conditioned,33,180,32,0.00014330313006678677,9.209307744889567e-05,0.00046921823482210835,True,0.013742531231571431
VoltGuard topology-aware residual,topology_pv_loading_conditioned,33,199,32,0.0002853263208187506,0.00017646060604907155,0.0008915950290494384,True,0.15362603940721098
VoltGuard topology-aware residual,topology_pv_loading_conditioned,33,200,32,0.000547933872757876,0.000285036180124034,0.0019142322345998344,True,0.7298739149217645
VoltGuard topology-aware residual,topology_pv_loading_conditioned,33,201,32,0.00010580463217297858,6.371989743212204e-05,0.00038411341876805165,False,0.0
VoltGuard topology-aware residual,topology_pv_loading_conditioned,33,206,32,0.0002687674333751081,0.0001467129276824683,0.0009496084186101719,True,0.1955177373435918
VoltGuard topology-aware residual,topology_pv_loading_conditioned,33,213,32,9.68312449811068e-05,5.242585034455981e-05,0.000346529865967983,False,0.0
VoltGuard topology-aware residual,topology_pv_loading_conditioned,33,215,32,0.00015329257353103754,8.605951137159596e-05,0.0005312215783162735,True,0.018360807520329647
VoltGuard topology-aware residual,topology_pv_loading_conditioned,33,221,32,0.00024578235942364737,0.00015193550301289478,0.0008692041362894018,False,0.0
VoltGuard topology-aware residual,topology_pv_loading_conditioned,33,233,32,0.000130291517151139,7.42760273654643e-05,0.0004669153488584647,True,0.0034177914103068474
VoltGuard topology-aware residual,topology_pv_loading_conditioned,33,235,32,0.00016290025875122954,0.0001027162261989414,0.0004992321532146723,False,0.0
VoltGuard topology-aware residual,topology_pv_loading_conditioned,33,236,32,0.00030124246879406944,0.0001546744490142168,0.0011147830423639676,True,0.12158032691799847
VoltGuard topology-aware residual,topology_pv_loading_conditioned,33,238,32,0.00011647469847334059,6.24713464261573e-05,0.000412797718487401,False,0.0
VoltGuard topology-aware residual,topology_pv_loading_conditioned,33,240,32,0.00021243269880267908,0.00012707140393115903,0.0007708043823943383,True,0.10154004665838001
VoltGuard topology-aware residual,topology_pv_loading_conditioned,33,243,32,0.0003011915906923702,0.0001748458558882892,0.0010008625675392326,True,0.2510339348117949
VoltGuard topology-aware residual,topology_pv_loading_conditioned,33,244,32,0.0003535646323338959,0.00020907748512377644,0.0012298130740010065,True,0.3214545361243055
VoltGuard topology-aware residual,topology_pv_loading_conditioned,33,260,32,0.00014702470236591434,9.69307406141193e-05,0.0004509411673259602,False,0.0
VoltGuard topology-aware residual,topology_pv_loading_conditioned,33,264,32,0.0001618010219011247,8.684905119160099e-05,0.0005768150156078809,True,0.005113949509944482
VoltGuard topology-aware residual,topology_pv_loading_conditioned,33,285,32,0.0003966477212248625,0.00022724271961500572,0.0012951969669437943,True,0.16453499471995825
VoltGuard topology-aware residual,topology_pv_loading_conditioned,33,289,32,0.00013392327702649572,7.225300668885084e-05,0.0004815556347312483,False,0.0
VoltGuard topology-aware residual,topology_pv_loading_conditioned,33,292,32,0.0001024881796496248,6.76732095259828e-05,0.00033191888125624035,False,0.0
VoltGuard topology-aware residual,topology_pv_loading_conditioned,69,4,68,0.00013447833995054725,5.089369133303685e-05,0.0008534230761793014,False,0.0
VoltGuard topology-aware residual,topology_pv_loading_conditioned,69,5,68,0.00028053937326601164,0.00010010268185756234,0.0017479982825535575,True,0.16517353471993257
VoltGuard topology-aware residual,topology_pv_loading_conditioned,69,16,68,0.00011448720081244765,5.094717026737553e-05,0.000582553681435137,False,0.0
VoltGuard topology-aware residual,topology_pv_loading_conditioned,69,17,68,0.00013449463126168995,4.737642101717939e-05,0.0008245085243027139,True,0.03817669116193312
VoltGuard topology-aware residual,topology_pv_loading_conditioned,69,20,68,0.0003372011651491225,0.00012161646265873584,0.0020700357452298826,True,0.24598212452850132
VoltGuard topology-aware residual,topology_pv_loading_conditioned,69,22,68,0.00018410457868282948,6.555059064728077e-05,0.0011354097183163617,True,0.08964216081351506
VoltGuard topology-aware residual,topology_pv_loading_conditioned,69,27,68,0.0001843109001373731,6.523806987189702e-05,0.0011348910801856488,True,0.08878314838979118
VoltGuard topology-aware residual,topology_pv_loading_conditioned,69,28,68,0.00033925016597679717,0.0001588332286209206,0.0020762052115338575,True,0.18265914590317733
VoltGuard topology-aware residual,topology_pv_loading_conditioned,69,34,68,0.00012875106844041648,6.769955971706303e-05,0.0006037424224599394,False,0.0
VoltGuard topology-aware residual,topology_pv_loading_conditioned,69,38,68,0.00016204224087671725,5.644512954132863e-05,0.001023290592838233,True,0.03135561239619822
VoltGuard topology-aware residual,topology_pv_loading_conditioned,69,40,68,0.00016019599709845425,5.808464092061448e-05,0.0009447319078204515,True,0.03439220500946283
VoltGuard topology-aware residual,topology_pv_loading_conditioned,69,42,68,0.00019636510992210313,7.513143331224589e-05,0.0011732162615501265,True,0.11874653214483843
VoltGuard topology-aware residual,topology_pv_loading_conditioned,69,50,68,0.00014857450845974206,5.527638148823621e-05,0.0008347587255792439,True,0.003818159569864088
VoltGuard topology-aware residual,topology_pv_loading_conditioned,69,73,68,0.00025796291411853036,9.853483323429923e-05,0.0015121726656333878,True,0.11996995036435765
VoltGuard topology-aware residual,topology_pv_loading_conditioned,69,84,68,0.00022690841862400612,7.879097399228632e-05,0.001443549360686129,True,0.1413087571672499
VoltGuard topology-aware residual,topology_pv_loading_conditioned,69,88,68,0.00012778999248999896,4.4571371988528756e-05,0.0007615877450700068,True,0.026539023910398418
VoltGuard topology-aware residual,topology_pv_loading_conditioned,69,99,68,0.00011731881414643471,4.6909738565084634e-05,0.0006911078902377236,False,0.0
VoltGuard topology-aware residual,topology_pv_loading_conditioned,69,101,68,0.00021302860384420308,0.00010514467625124334,0.0009220890263636899,True,0.0068982969572077835
VoltGuard topology-aware residual,topology_pv_loading_conditioned,69,102,68,0.0003775194919575203,0.0001291090394964867,0.0023662746220745184,True,0.3242800071876122
VoltGuard topology-aware residual,topology_pv_loading_conditioned,69,108,68,0.00023446183640321352,8.124781224471633e-05,0.0014253341074164302,True,0.15103793248057507
VoltGuard topology-aware residual,topology_pv_loading_conditioned,69,116,68,0.0005464808272339879,0.00019887584357105556,0.0032818002998410006,True,0.4652834274306893
VoltGuard topology-aware residual,topology_pv_loading_conditioned,69,118,68,0.00023259713855762023,8.473863705691337e-05,0.0012889647815448046,True,0.106198532215391
VoltGuard topology-aware residual,topology_pv_loading_conditioned,69,120,68,0.00013487849894959622,7.421383835358157e-05,0.0006534881163225391,False,0.0
VoltGuard topology-aware residual,topology_pv_loading_conditioned,69,122,68,0.00010760054409902777,4.264612408226553e-05,0.0005928104840056229,False,0.0
VoltGuard topology-aware residual,topology_pv_loading_conditioned,69,126,68,0.0002463489771860545,8.719298662089246e-05,0.0014513323667329492,True,0.1636637428515474
VoltGuard topology-aware residual,topology_pv_loading_conditioned,69,127,68,0.00034287461487127755,0.0001220543005969549,0.002095159290108367,True,0.29078567823763257
VoltGuard topology-aware residual,topology_pv_loading_conditioned,69,133,68,0.00017548692570748984,8.4330409732229e-05,0.0009582718064240214,True,0.04090512179969996
VoltGuard topology-aware residual,topology_pv_loading_conditioned,69,136,68,0.00040817779596646545,0.00014551323639308837,0.002393742898741072,True,0.36592531019642094
VoltGuard topology-aware residual,topology_pv_loading_conditioned,69,144,68,0.0004198625646197933,0.00016652364789215718,0.0023110819462855217,True,0.35760564040672227
VoltGuard topology-aware residual,topology_pv_loading_conditioned,69,147,68,0.00025946518637179333,9.100029782997453e-05,0.001572078830886059,True,0.1579988535799246
VoltGuard topology-aware residual,topology_pv_loading_conditioned,69,156,68,0.00012477767235939455,5.203603365337288e-05,0.0007210356599585896,True,0.013965017705318217
VoltGuard topology-aware residual,topology_pv_loading_conditioned,69,158,68,0.00024227487900126224,0.00010691546239579012,0.0012707019623894034,True,0.12002150866071404
VoltGuard topology-aware residual,topology_pv_loading_conditioned,69,164,68,0.00029266406402660085,0.00010598965908221113,0.0019029238407464594,True,0.1689511675724642
VoltGuard topology-aware residual,topology_pv_loading_conditioned,69,168,68,0.0005517377275694035,0.0001932847628335726,0.003407176124963794,True,0.42852341633407565
VoltGuard topology-aware residual,topology_pv_loading_conditioned,69,194,68,0.00017527486038203274,8.588011817212914e-05,0.0008855906143917236,True,0.02661956911022323
VoltGuard topology-aware residual,topology_pv_loading_conditioned,69,197,68,0.00018766518176720125,6.897085145274949e-05,0.0010521052683011255,True,0.0692386456261026
VoltGuard topology-aware residual,topology_pv_loading_conditioned,69,200,68,0.00012779697884452056,4.3591043421334436e-05,0.0007729891818786319,True,0.022129077719464152
VoltGuard topology-aware residual,topology_pv_loading_conditioned,69,201,68,0.0001649348575860189,8.325429579865449e-05,0.000828293099898212,True,0.00578595012346661
VoltGuard topology-aware residual,topology_pv_loading_conditioned,69,205,68,0.0004049543573954804,0.00013776542342705924,0.0024601601069559123,True,0.33173031461161795
VoltGuard topology-aware residual,topology_pv_loading_conditioned,69,206,68,0.00012849030247342517,4.551902533161539e-05,0.000773030443252283,True,0.02942141945579002
VoltGuard topology-aware residual,topology_pv_loading_conditioned,69,209,68,0.000301253767802246,0.00011078222795911011,0.0017524859381452818,True,0.2558976219068452
VoltGuard topology-aware residual,topology_pv_loading_conditioned,69,210,68,0.00029498777555007704,0.00010752892290286533,0.0018110465458252845,True,0.20959447216329663
VoltGuard topology-aware residual,topology_pv_loading_conditioned,69,214,68,9.719001022671628e-05,3.997862890450611e-05,0.0005246753594579032,False,0.0
VoltGuard topology-aware residual,topology_pv_loading_conditioned,69,218,68,0.00017345731499167973,6.177170204438224e-05,0.0008972515537005732,True,0.03032056242407355
VoltGuard topology-aware residual,topology_pv_loading_conditioned,69,230,68,0.0001173367768098561,4.5301535953754866e-05,0.000672276156704444,False,0.0
VoltGuard topology-aware residual,topology_pv_loading_conditioned,69,235,68,0.0001655854790432104,6.005661820314267e-05,0.0009696720519916727,True,0.051344553126756676
VoltGuard topology-aware residual,topology_pv_loading_conditioned,69,244,68,0.0002622995074826645,9.860459918492712e-05,0.0015798468931978588,True,0.13020537158667067
VoltGuard topology-aware residual,topology_pv_loading_conditioned,69,251,68,0.00044242597312891185,0.00018507520361501622,0.0022849718021334606,True,0.2500513958855004
VoltGuard topology-aware residual,topology_pv_loading_conditioned,69,254,68,0.0005504200892131617,0.00020374977562238913,0.003309764586328326,True,0.46475835982333846
VoltGuard topology-aware residual,topology_pv_loading_conditioned,69,257,68,0.00014524556437706224,6.866094659559651e-05,0.000788248204032907,True,0.013056100181927377
VoltGuard topology-aware residual,topology_pv_loading_conditioned,69,268,68,0.00039598886423437217,0.00013809650708530873,0.002375847556852273,True,0.33471763699583457
VoltGuard topology-aware residual,topology_pv_loading_conditioned,69,269,68,0.00040271324656430594,0.00014299914788112858,0.0024128083902419106,True,0.3246257772611043
VoltGuard topology-aware residual,topology_pv_loading_conditioned,69,272,68,0.0004103126178189832,0.00013888017405970908,0.002504639476116177,True,0.3464515547046978
VoltGuard topology-aware residual,topology_pv_loading_conditioned,69,275,68,0.00011990380602721799,5.68525219810544e-05,0.0006426412158655193,True,0.0047088026040568165
VoltGuard topology-aware residual,topology_pv_loading_conditioned,69,281,68,0.0004499026951147183,0.00024617551043544533,0.0022174993533180185,True,0.2610421393016801
VoltGuard topology-aware residual,topology_pv_loading_conditioned,69,286,68,0.00014485996180814284,5.6302883884616646e-05,0.0007823066802005035,True,0.00837630297231684
VoltGuard topology-aware residual,topology_pv_loading_conditioned,69,291,68,0.00011847526379158893,4.9468702773834984e-05,0.000569623260911381,False,0.0
VoltGuard topology-aware residual,topology_pv_loading_conditioned,69,294,68,0.00030652653165949735,0.00011172316379927246,0.002053364168965975,True,0.19576536719915527
VoltGuard topology-aware residual,topology_pv_loading_conditioned,69,297,68,0.00012788746418523843,4.633975852783259e-05,0.0007958139216157102,True,0.015704048991353692
VoltGuard topology-aware residual,topology_pv_loading_conditioned,69,299,68,0.00043908114372217866,0.0001777120135897986,0.002204483123841014,True,0.3693853630443613
Neural graph residual ablation,topology_conditioned,33,3,32,0.002975942998511728,0.002501500135927949,0.0066468810659981725,True,0.5060232615749586
Neural graph residual ablation,topology_conditioned,33,11,32,0.004250689762922524,0.0031812585081681783,0.010739638299501988,False,0.0
Neural graph residual ablation,topology_conditioned,33,13,32,0.0034541229664293662,0.002879464607859189,0.007114588109654144,True,0.10879088623633515
Neural graph residual ablation,topology_conditioned,33,17,32,0.003374384894661468,0.0025521584532727116,0.009530470194221301,False,0.0
Neural graph residual ablation,topology_conditioned,33,18,32,0.004812292064558474,0.004004295937809299,0.010803831444899693,False,0.0
Neural graph residual ablation,topology_conditioned,33,22,32,0.00433282847759955,0.00345964230087855,0.009728738206557216,True,0.0552917081226183
Neural graph residual ablation,topology_conditioned,33,27,32,0.003223900733126118,0.0025506386353868664,0.007465679389786612,True,0.1551224583310702
Neural graph residual ablation,topology_conditioned,33,31,32,0.004442549743684271,0.003416270944818461,0.012267590800578957,False,0.0
Neural graph residual ablation,topology_conditioned,33,38,32,0.0044319369981808115,0.003215543616074724,0.010139135226746362,False,0.0
Neural graph residual ablation,topology_conditioned,33,47,32,0.003411711080696707,0.0029099623268236388,0.006956322643071638,True,0.08415635702774504
Neural graph residual ablation,topology_conditioned,33,52,32,0.0034838335153655796,0.002752737633036235,0.008312683845301243,True,0.04696192729654436
Neural graph residual ablation,topology_conditioned,33,59,32,0.003964417131815642,0.0034349150788567815,0.008120505046741507,True,0.3835340158960511
Neural graph residual ablation,topology_conditioned,33,72,32,0.004839054696783288,0.004046906472723445,0.011426683648428006,True,0.033252052712791524
Neural graph residual ablation,topology_conditioned,33,84,32,0.004241367527585052,0.003491534543246584,0.008225576856767749,True,0.06989930261102983
Neural graph residual ablation,topology_conditioned,33,86,32,0.004502607020645962,0.003572152207710237,0.010421972832044477,False,0.0
Neural graph residual ablation,topology_conditioned,33,94,32,0.0034477334700890234,0.002971717199210273,0.0076184618447196475,True,0.2604549408835587
Neural graph residual ablation,topology_conditioned,33,95,32,0.0033352884753674126,0.0028068510297974934,0.0061160471393665455,True,0.48322990210574157
Neural graph residual ablation,topology_conditioned,33,104,32,0.0034305056743898577,0.0028589048760076508,0.008556353006986317,False,0.0
Neural graph residual ablation,topology_conditioned,33,105,32,0.008403717786256105,0.0067330369386649404,0.017279363880176656,False,0.0
Neural graph residual ablation,topology_conditioned,33,112,32,0.0038712939942792467,0.003179643707202917,0.007184601034949001,True,0.14445998461291076
Neural graph residual ablation,topology_conditioned,33,116,32,0.003617921247875478,0.003004852099258596,0.00821215629094433,True,0.11164549971583693
Neural graph residual ablation,topology_conditioned,33,122,32,0.0030764541506115993,0.0026425867190383737,0.007841797287018767,True,0.6000522461669653
Neural graph residual ablation,topology_conditioned,33,124,32,0.00422909019561671,0.0034088969324257297,0.009790995493161375,True,0.3513432212144152
Neural graph residual ablation,topology_conditioned,33,128,32,0.0036385071115618743,0.0028913639501462344,0.008535417303213316,False,0.0
Neural graph residual ablation,topology_conditioned,33,131,32,0.004410105943969599,0.003511115628996088,0.009512381993444455,True,0.03767402030753553
Neural graph residual ablation,topology_conditioned,33,133,32,0.004083324290020373,0.0033693129477827405,0.00891181177503269,True,0.6911090303790584
Neural graph residual ablation,topology_conditioned,33,134,32,0.0031608768080257405,0.0025510741268936167,0.006705810598466037,True,0.0637471952736508
Neural graph residual ablation,topology_conditioned,33,135,32,0.0031452567916582237,0.002546054998284776,0.007753084817409994,True,0.09807450431444531
Neural graph residual ablation,topology_conditioned,33,136,32,0.0037150775400091474,0.0033041374413561152,0.007801844699353183,True,0.3389819545179208
Neural graph residual ablation,topology_conditioned,33,137,32,0.005188472606727244,0.003884994522190646,0.014714575239905762,True,0.042344970367476975
Neural graph residual ablation,topology_conditioned,33,139,32,0.0030764500273688477,0.002502188470861627,0.007413374100716186,True,0.00037938127207870487
Neural graph residual ablation,topology_conditioned,33,141,32,0.004291578144989245,0.003144167770733424,0.011943172204774893,True,0.008966849030157431
Neural graph residual ablation,topology_conditioned,33,143,32,0.004156204384703451,0.0033359792894161445,0.009827253484497176,True,0.29823051427938285
Neural graph residual ablation,topology_conditioned,33,149,32,0.00403794120347995,0.0033177534011872966,0.007600935827587213,True,0.020592570257536136
Neural graph residual ablation,topology_conditioned,33,153,32,0.004716305231165807,0.0036895787156251162,0.014190329315981333,True,0.33890299260384715
Neural graph residual ablation,topology_conditioned,33,159,32,0.00472105679415811,0.003766681618286555,0.013031738464370165,True,0.0395997909414626
Neural graph residual ablation,topology_conditioned,33,161,32,0.004383473939642378,0.003657263236448304,0.009469677072024707,True,0.43630071226698386
Neural graph residual ablation,topology_conditioned,33,162,32,0.006009928462282341,0.004722544520662594,0.016284154695617812,True,0.016115566658850278
Neural graph residual ablation,topology_conditioned,33,170,32,0.003519950099057462,0.0027824051717966988,0.009535930386919933,True,0.6077469434902997
Neural graph residual ablation,topology_conditioned,33,178,32,0.004662272281952634,0.0038426582324024303,0.010003104251211098,False,0.0
Neural graph residual ablation,topology_conditioned,33,180,32,0.004095572376384306,0.0035785252918948537,0.007591255416693508,True,0.013742531231571431
Neural graph residual ablation,topology_conditioned,33,199,32,0.004925080042264608,0.0036537065026413596,0.014412445830516056,True,0.15362603940721098
Neural graph residual ablation,topology_conditioned,33,200,32,0.0038140997651031883,0.0032615469472064987,0.00864052097418444,True,0.7298739149217645
Neural graph residual ablation,topology_conditioned,33,201,32,0.0039003760475007383,0.0031909290807220366,0.009696709923743389,False,0.0
Neural graph residual ablation,topology_conditioned,33,206,32,0.004067297138219143,0.003365452939721734,0.009444627889657334,True,0.1955177373435918
Neural graph residual ablation,topology_conditioned,33,213,32,0.0037836161482615385,0.0028632092851729337,0.00893179595559084,False,0.0
Neural graph residual ablation,topology_conditioned,33,215,32,0.003274950312940747,0.002615238637309346,0.007079114935975287,True,0.018360807520329647
Neural graph residual ablation,topology_conditioned,33,221,32,0.004808000030125551,0.0034462058371160743,0.013899493011081409,False,0.0
Neural graph residual ablation,topology_conditioned,33,233,32,0.00422596039560776,0.003379788431227654,0.009693650318360265,True,0.0034177914103068474
Neural graph residual ablation,topology_conditioned,33,235,32,0.003789725620138383,0.0029379822411067028,0.010081010052879223,False,0.0
Neural graph residual ablation,topology_conditioned,33,236,32,0.003664484824641273,0.003083999140656141,0.009053872289650124,True,0.12158032691799847
Neural graph residual ablation,topology_conditioned,33,238,32,0.005008094760085389,0.0038663662024525655,0.011149471535668042,False,0.0
Neural graph residual ablation,topology_conditioned,33,240,32,0.0036172967851900526,0.0029701441417795075,0.008035709845072844,True,0.10154004665838001
Neural graph residual ablation,topology_conditioned,33,243,32,0.0037484547765578016,0.0029279077324903284,0.0082862839046925,True,0.2510339348117949
Neural graph residual ablation,topology_conditioned,33,244,32,0.0036911925421849808,0.003018255407971071,0.00734533964485633,True,0.3214545361243055
Neural graph residual ablation,topology_conditioned,33,260,32,0.003433277005759339,0.0027980225745548107,0.00782619772277821,False,0.0
Neural graph residual ablation,topology_conditioned,33,264,32,0.004438835935754817,0.003876862010484976,0.010212284630093871,True,0.005113949509944482
Neural graph residual ablation,topology_conditioned,33,285,32,0.005524491970283893,0.004224601884033473,0.01228299260070121,True,0.16453499471995825
Neural graph residual ablation,topology_conditioned,33,289,32,0.003799070230940751,0.003172135506187913,0.010370625758555685,False,0.0
Neural graph residual ablation,topology_conditioned,33,292,32,0.0037926225354602636,0.0029330374874259133,0.012008336431612745,False,0.0
Neural graph residual ablation,topology_conditioned,69,4,68,0.003279731399846659,0.0023084026318078046,0.012104840015938272,False,0.0
Neural graph residual ablation,topology_conditioned,69,5,68,0.0017974424888053686,0.0013975793945698632,0.005698965140265254,True,0.16517353471993257
Neural graph residual ablation,topology_conditioned,69,16,68,0.002013170680850509,0.0016082782663989202,0.004608704191398402,False,0.0
Neural graph residual ablation,topology_conditioned,69,17,68,0.0012861042980770216,0.0007326462132616371,0.007683975638580307,True,0.03817669116193312
Neural graph residual ablation,topology_conditioned,69,20,68,0.0017718476043649103,0.0013352976611042326,0.004405564311050797,True,0.24598212452850132
Neural graph residual ablation,topology_conditioned,69,22,68,0.0012174944122487845,0.0008072239315465387,0.004128016550362014,True,0.08964216081351506
Neural graph residual ablation,topology_conditioned,69,27,68,0.0013024128875118186,0.0008660931907752818,0.003999764815862614,True,0.08878314838979118
Neural graph residual ablation,topology_conditioned,69,28,68,0.0032509384161719572,0.0025392083326031276,0.007658975546245799,True,0.18265914590317733
Neural graph residual ablation,topology_conditioned,69,34,68,0.0028557181532446077,0.002219457563996057,0.008375341088895915,False,0.0
Neural graph residual ablation,topology_conditioned,69,38,68,0.002104056229964609,0.0015796479668819799,0.005750290574124457,True,0.03135561239619822
Neural graph residual ablation,topology_conditioned,69,40,68,0.0019985598846130196,0.0016091011444071695,0.004627551470538695,True,0.03439220500946283
Neural graph residual ablation,topology_conditioned,69,42,68,0.001253215963721105,0.000850012426356094,0.0037367672591471592,True,0.11874653214483843
Neural graph residual ablation,topology_conditioned,69,50,68,0.0018660048021259313,0.00137589218265267,0.005184396210282891,True,0.003818159569864088
Neural graph residual ablation,topology_conditioned,69,73,68,0.001776696737538576,0.0012737204560769409,0.006355891981357836,True,0.11996995036435765
Neural graph residual ablation,topology_conditioned,69,84,68,0.0013601951526506994,0.0009312796706462725,0.0037391126283641955,True,0.1413087571672499
Neural graph residual ablation,topology_conditioned,69,88,68,0.0013767313149753305,0.0007487980559581338,0.008548475573528629,True,0.026539023910398418
Neural graph residual ablation,topology_conditioned,69,99,68,0.0026932557926945856,0.0019827503810282525,0.008469271900155468,False,0.0
Neural graph residual ablation,topology_conditioned,69,101,68,0.003982478332209481,0.002916114236578448,0.010286517501494306,True,0.0068982969572077835
Neural graph residual ablation,topology_conditioned,69,102,68,0.0016494494681025147,0.0010764470745177424,0.00587843688677777,True,0.3242800071876122
Neural graph residual ablation,topology_conditioned,69,108,68,0.001847083347551371,0.0011892484250907824,0.007474876610556279,True,0.15103793248057507
Neural graph residual ablation,topology_conditioned,69,116,68,0.0016304531764561026,0.0010231772389063956,0.006032733874770137,True,0.4652834274306893
Neural graph residual ablation,topology_conditioned,69,118,68,0.001491618794511952,0.0011622234077678947,0.0033607846982076895,True,0.106198532215391
Neural graph residual ablation,topology_conditioned,69,120,68,0.004715674632164182,0.003222630315087262,0.01608139904598317,False,0.0
Neural graph residual ablation,topology_conditioned,69,122,68,0.0019387261947026756,0.0013813737537677199,0.007448331237497982,False,0.0
Neural graph residual ablation,topology_conditioned,69,126,68,0.0013589972181633672,0.0009467407137360209,0.0038934560779822413,True,0.1636637428515474
Neural graph residual ablation,topology_conditioned,69,127,68,0.0016475319078437499,0.001159954054077035,0.0048183158879917835,True,0.29078567823763257
Neural graph residual ablation,topology_conditioned,69,133,68,0.001791473361230611,0.001436920461760896,0.004952358224005449,True,0.04090512179969996
Neural graph residual ablation,topology_conditioned,69,136,68,0.00225060321836445,0.0016780024379954954,0.005872296524755975,True,0.36592531019642094
Neural graph residual ablation,topology_conditioned,69,144,68,0.00204874466249084,0.0015488719905324376,0.005518382255812713,True,0.35760564040672227
Neural graph residual ablation,topology_conditioned,69,147,68,0.0020255622919829936,0.0014791821960939793,0.005505720990045768,True,0.1579988535799246
Neural graph residual ablation,topology_conditioned,69,156,68,0.0018326663725845966,0.0013692021542082604,0.006468530885393937,True,0.013965017705318217
Neural graph residual ablation,topology_conditioned,69,158,68,0.0026198207006400947,0.0020429339594877902,0.006877859133860369,True,0.12002150866071404
Neural graph residual ablation,topology_conditioned,69,164,68,0.002029217468177594,0.001468683154363362,0.005339660244758808,True,0.1689511675724642
Neural graph residual ablation,topology_conditioned,69,168,68,0.0016802371217459473,0.0011032689671170441,0.00571943350358577,True,0.42852341633407565
Neural graph residual ablation,topology_conditioned,69,194,68,0.0016255633522098227,0.0012300523697774614,0.0043802618591925555,True,0.02661956911022323
Neural graph residual ablation,topology_conditioned,69,197,68,0.0013909010392312857,0.0010162791407033664,0.004759383925498681,True,0.0692386456261026
Neural graph residual ablation,topology_conditioned,69,200,68,0.0020152057683577623,0.001095622122695691,0.00827886746022725,True,0.022129077719464152
Neural graph residual ablation,topology_conditioned,69,201,68,0.002395525984300787,0.0019432125000634778,0.005619962888533582,True,0.00578595012346661
Neural graph residual ablation,topology_conditioned,69,205,68,0.0017853984737074395,0.001235474112982822,0.00478870796162654,True,0.33173031461161795
Neural graph residual ablation,topology_conditioned,69,206,68,0.001963147314080357,0.001043715694564159,0.010647028009879374,True,0.02942141945579002
Neural graph residual ablation,topology_conditioned,69,209,68,0.001811258108205266,0.0012368925715480603,0.005027377604351435,True,0.2558976219068452
Neural graph residual ablation,topology_conditioned,69,210,68,0.0018475376823562648,0.0014153046975769014,0.005278776840253433,True,0.20959447216329663
Neural graph residual ablation,topology_conditioned,69,214,68,0.0031434393652374766,0.00226279492654062,0.008781739725987801,False,0.0
Neural graph residual ablation,topology_conditioned,69,218,68,0.0012043044187854427,0.0009007659142394861,0.0032221033477275573,True,0.03032056242407355
Neural graph residual ablation,topology_conditioned,69,230,68,0.0039206797557695214,0.002761803493420736,0.011650154767489164,False,0.0
Neural graph residual ablation,topology_conditioned,69,235,68,0.0023206013751264688,0.0018186196766362055,0.00732104427300566,True,0.051344553126756676
Neural graph residual ablation,topology_conditioned,69,244,68,0.002020599775034345,0.00154306083635147,0.006017824534098721,True,0.13020537158667067
Neural graph residual ablation,topology_conditioned,69,251,68,0.005129360071640483,0.003531248899044241,0.015389635785927048,True,0.2500513958855004
Neural graph residual ablation,topology_conditioned,69,254,68,0.00212092542850748,0.0015769842581367744,0.006188016874586855,True,0.46475835982333846
Neural graph residual ablation,topology_conditioned,69,257,68,0.00367475181231468,0.0027731355600689174,0.012809251569084608,True,0.013056100181927377
Neural graph residual ablation,topology_conditioned,69,268,68,0.0016360716528600655,0.0011072509609752952,0.005639410041372044,True,0.33471763699583457
Neural graph residual ablation,topology_conditioned,69,269,68,0.0016635147113706471,0.0010697164516717816,0.0063064514672408045,True,0.3246257772611043
Neural graph residual ablation,topology_conditioned,69,272,68,0.0016971405454101827,0.0011312794367164922,0.005406078593061491,True,0.3464515547046978
Neural graph residual ablation,topology_conditioned,69,275,68,0.001564676449122731,0.0011947618713691547,0.0044046793505740645,True,0.0047088026040568165
Neural graph residual ablation,topology_conditioned,69,281,68,0.0026143268180316677,0.001997268868401905,0.0068994098397645864,True,0.2610421393016801
Neural graph residual ablation,topology_conditioned,69,286,68,0.002195016312902993,0.0016908693789359313,0.006905905794323994,True,0.00837630297231684
Neural graph residual ablation,topology_conditioned,69,291,68,0.003833768237905666,0.0029568427569819176,0.01003142112494375,False,0.0
Neural graph residual ablation,topology_conditioned,69,294,68,0.003991484386019777,0.0030733760725335114,0.009617755064863273,True,0.19576536719915527
Neural graph residual ablation,topology_conditioned,69,297,68,0.0022707819578683948,0.001594295101220752,0.009466504010121848,True,0.015704048991353692
Neural graph residual ablation,topology_conditioned,69,299,68,0.0016738422602788534,0.0012589606386994188,0.003918346649897018,True,0.3693853630443613
