feeder,scenario_id,network_name,bus,bus_norm,vn_kv,degree,is_slack,load_p_mw,load_q_mvar,pv_p_mw,net_p_mw,neighbor_load_p_mw,neighbor_pv_p_mw,neighbor_net_p_mw,load_scale,pv_penetration,ev_scale,vm_pu,voltage_violation
69,0,case69_project_local,0,0.0,12.66,1,1,0.0,0.0,0.0,0.0,0.0,0.0,0.0,1.3104727539273877,0.6,0.1,1.0,False
69,0,case69_project_local,1,0.014705882352941176,12.66,2,0,0.0,0.0,0.0,0.0,0.0,0.0,0.0,1.3104727539273877,0.6,0.1,0.9999651932820176,False
69,0,case69_project_local,2,0.029411764705882353,12.66,4,0,0.0,0.0,0.0,0.0,0.06814458320422416,0.0,0.06814458320422416,1.3104727539273877,0.6,0.1,0.9999303866014574,False
69,0,case69_project_local,3,0.04411764705882353,12.66,3,0,0.0,0.0,0.0,0.0,0.0,0.0,0.0,1.3104727539273877,0.6,0.1,0.9998282114376359,False
69,0,case69_project_local,4,0.058823529411764705,12.66,2,0,0.0,0.0,0.0,0.0,0.003407229160211208,0.0,0.003407229160211208,1.3104727539273877,0.6,0.1,0.9990191283441741,False
69,0,case69_project_local,5,0.07352941176470588,12.66,2,0,0.003407229160211208,0.002883040058640253,0.0,0.003407229160211208,0.052943099258666464,0.2527605311357776,-0.19981743187711115,1.3104727539273877,0.6,0.1,0.9911840276856786,False
69,0,case69_project_local,6,0.08823529411764706,12.66,2,0,0.052943099258666464,0.03931418261782163,0.2527605311357776,-0.19981743187711115,0.10169268570476528,0.0,0.10169268570476528,1.3104727539273877,0.6,0.1,0.9830520970452633,False
69,0,case69_project_local,7,0.10294117647058823,12.66,3,0,0.09828545654455408,0.07076552871207893,0.0,0.09828545654455408,0.1453314284105473,0.2527605311357776,-0.10742910272523032,1.3104727539273877,0.6,0.1,0.9809805835807884,False
69,0,case69_project_local,8,0.11764705882352941,12.66,3,0,0.03931418261782163,0.028830400586402526,0.0,0.03931418261782163,0.14061372649640871,0.5055210622715552,-0.36490733577514656,1.3104727539273877,0.6,0.1,0.9799404369514074,False
69,0,case69_project_local,9,0.1323529411764706,12.66,2,0,0.03669323710996686,0.024898982324620365,0.2527605311357776,-0.21606729402581076,0.2397130412241831,0.0,0.2397130412241831,1.3104727539273877,0.6,0.1,0.9798368244342197,False
69,0,case69_project_local,10,0.14705882352941177,12.66,3,0,0.20039885860636147,0.13628916640844832,0.0,0.20039885860636147,0.25030029600013104,0.2527605311357776,-0.0024602351356465824,1.3104727539273877,0.6,0.1,0.9795674640609809,False
69,0,case69_project_local,11,0.16176470588235295,12.66,3,0,0.1900185493194712,0.13628916640844832,0.0,0.1900185493194712,0.24757587774774745,0.0,0.24757587774774745,1.3104727539273877,0.6,0.1,0.9787801274224214,False
69,0,case69_project_local,12,0.17647058823529413,12.66,2,0,0.010483782031419102,0.007207600146600632,0.0,0.010483782031419102,0.20050233135089032,0.2527605311357776,-0.0522581997848873,1.3104727539273877,0.6,0.1,0.978195491268867,False
69,0,case69_project_local,13,0.19117647058823528,12.66,2,0,0.010483782031419102,0.007207600146600632,0.2527605311357776,-0.2422767491043585,0.010483782031419102,0.0,0.010483782031419102,1.3104727539273877,0.6,0.1,0.9777018942891973,False
69,0,case69_project_local,14,0.20588235294117646,12.66,2,0,0.0,0.0,0.0,0.0,0.07011029233511525,0.2527605311357776,-0.1826502388006624,1.3104727539273877,0.6,0.1,0.9755756356817066,False
69,0,case69_project_local,15,0.22058823529411764,12.66,2,0,0.05962651030369614,0.03931418261782163,0.0,0.05962651030369614,0.07862836523564326,0.0,0.07862836523564326,1.3104727539273877,0.6,0.1,0.9751807185904504,False
69,0,case69_project_local,16,0.23529411764705882,12.66,2,0,0.07862836523564326,0.04586654638745857,0.0,0.07862836523564326,0.1382548755393394,0.0,0.1382548755393394,1.3104727539273877,0.6,0.1,0.9746027897236458,False
69,0,case69_project_local,17,0.25,12.66,2,0,0.07862836523564326,0.04586654638745857,0.0,0.07862836523564326,0.07862836523564326,0.0,0.07862836523564326,1.3104727539273877,0.6,0.1,0.9745982967983549,False
69,0,case69_project_local,18,0.2647058823529412,12.66,2,0,0.0,0.0,0.0,0.0,0.07993883798957065,0.0,0.07993883798957065,1.3104727539273877,0.6,0.1,0.9744862271815911,False
69,0,case69_project_local,19,0.27941176470588236,12.66,2,0,0.0013104727539273878,0.0007862836523564326,0.0,0.0013104727539273878,0.15977420323461244,0.2527605311357776,-0.09298632790116518,1.3104727539273877,0.6,0.1,0.9744148992258695,False
69,0,case69_project_local,20,0.29411764705882354,12.66,2,0,0.15977420323461244,0.1061482930681184,0.2527605311357776,-0.09298632790116518,0.008255978349742543,0.0,0.008255978349742543,1.3104727539273877,0.6,0.1,0.9743017158389989,False
69,0,case69_project_local,21,0.3088235294117647,12.66,2,0,0.006945505595815155,0.004586654638745857,0.0,0.006945505595815155,0.15977420323461244,0.2527605311357776,-0.09298632790116518,1.3104727539273877,0.6,0.1,0.9742918984695969,False
69,0,case69_project_local,22,0.3235294117647059,12.66,2,0,0.0,0.0,0.0,0.0,0.04363874270578201,0.0,0.04363874270578201,1.3104727539273877,0.6,0.1,0.974188834492226,False
69,0,case69_project_local,23,0.3382352941176471,12.66,2,0,0.03669323710996686,0.026209455078547755,0.0,0.03669323710996686,0.0,0.0,0.0,1.3104727539273877,0.6,0.1,0.9739645024732194,False
69,0,case69_project_local,24,0.35294117647058826,12.66,2,0,0.0,0.0,0.0,0.0,0.05503985566495029,0.0,0.05503985566495029,1.3104727539273877,0.6,0.1,0.9736970309819919,False
69,0,case69_project_local,25,0.36764705882352944,12.66,2,0,0.01834661855498343,0.013104727539273877,0.0,0.01834661855498343,0.02872692784187368,0.0,0.02872692784187368,1.3104727539273877,0.6,0.1,0.9735866926896838,False
69,0,case69_project_local,26,0.38235294117647056,12.66,1,0,0.02872692784187368,0.013104727539273877,0.0,0.02872692784187368,0.01834661855498343,0.0,0.01834661855498343,1.3104727539273877,0.6,0.1,0.9735500018990311,False
69,0,case69_project_local,27,0.39705882352941174,12.66,2,0,0.03407229160211208,0.024374793223049415,0.0,0.03407229160211208,0.03407229160211208,0.0,0.03407229160211208,1.3104727539273877,0.6,0.1,0.9999282266731879,False
69,0,case69_project_local,28,0.4117647058823529,12.66,2,0,0.03407229160211208,0.024374793223049415,0.0,0.03407229160211208,0.03407229160211208,0.0,0.03407229160211208,1.3104727539273877,0.6,0.1,0.9999345529309029,False
69,0,case69_project_local,29,0.4264705882352941,12.66,2,0,0.0,0.0,0.0,0.0,0.03407229160211208,0.0,0.03407229160211208,1.3104727539273877,0.6,0.1,1.0004007815970315,False
69,0,case69_project_local,30,0.4411764705882353,12.66,2,0,0.0,0.0,0.0,0.0,0.0,0.0,0.0,1.3104727539273877,0.6,0.1,1.0004830653967207,False
69,0,case69_project_local,31,0.45588235294117646,12.66,2,0,0.0,0.0,0.0,0.0,0.01834661855498343,0.0,0.01834661855498343,1.3104727539273877,0.6,0.1,1.000894514940885,False
69,0,case69_project_local,32,0.47058823529411764,12.66,2,0,0.01834661855498343,0.013104727539273877,0.0,0.01834661855498343,0.025554218701584062,0.2527605311357776,-0.22720631243419356,1.3104727539273877,0.6,0.1,1.0018772216805651,False
69,0,case69_project_local,33,0.4852941176470588,12.66,2,0,0.025554218701584062,0.01834661855498343,0.2527605311357776,-0.22720631243419356,0.026209455078547758,0.0,0.026209455078547758,1.3104727539273877,0.6,0.1,1.0041218095747704,False
69,0,case69_project_local,34,0.5,12.66,1,0,0.007862836523564327,0.005241891015709551,0.0,0.007862836523564327,0.025554218701584062,0.2527605311357776,-0.22720631243419356,1.3104727539273877,0.6,0.1,1.004033914636015,False
69,0,case69_project_local,35,0.5147058823529411,12.66,2,0,0.03407229160211208,0.024374793223049415,0.0,0.03407229160211208,0.03407229160211208,0.0,0.03407229160211208,1.3104727539273877,0.6,0.1,0.9999255808011,False
69,0,case69_project_local,36,0.5294117647058824,12.66,2,0,0.03407229160211208,0.024374793223049415,0.0,0.03407229160211208,0.03407229160211208,0.0,0.03407229160211208,1.3104727539273877,0.6,0.1,0.999893769006442,False
69,0,case69_project_local,37,0.5441176470588235,12.66,2,0,0.0,0.0,0.0,0.0,0.06552363769636939,0.2527605311357776,-0.18723689343940825,1.3104727539273877,0.6,0.1,1.0000044500141982,False
69,0,case69_project_local,38,0.5588235294117647,12.66,2,0,0.03145134609425731,0.022278036816765594,0.2527605311357776,-0.2213091850415203,0.04183165538114756,0.0,0.04183165538114756,1.3104727539273877,0.6,0.1,1.0000364296795194,False
69,0,case69_project_local,39,0.5735294117647058,12.66,2,0,0.04183165538114756,0.022278036816765594,0.0,0.04183165538114756,0.03302391339897017,0.2527605311357776,-0.21973661773680744,1.3104727539273877,0.6,0.1,1.0000361314770925,False
69,0,case69_project_local,40,0.5882352941176471,12.66,2,0,0.0015725673047128652,0.0013104727539273878,0.0,0.0015725673047128652,0.04183165538114756,0.0,0.04183165538114756,1.3104727539273877,0.6,0.1,1.0002236139675946,False
69,0,case69_project_local,41,0.6029411764705882,12.66,2,0,0.0,0.0,0.0,0.0,0.019815713115167447,0.0,0.019815713115167447,1.3104727539273877,0.6,0.1,1.0003096895041639,False
69,0,case69_project_local,42,0.6176470588235294,12.66,2,0,0.01824314581045458,0.005635032841887767,0.0,0.01824314581045458,0.0,0.0,0.0,1.3104727539273877,0.6,0.1,1.0003211427889422,False
69,0,case69_project_local,43,0.6323529411764706,12.66,2,0,0.0,0.0,0.0,0.0,0.06961367776440819,0.2527605311357776,-0.18314685337136943,1.3104727539273877,0.6,0.1,1.000324761141811,False
69,0,case69_project_local,44,0.6470588235294118,12.66,2,0,0.05137053195395361,0.034465433428290296,0.2527605311357776,-0.20138999918182401,0.05137053195395361,0.0,0.05137053195395361,1.3104727539273877,0.6,0.1,1.000367611822999,False
69,0,case69_project_local,45,0.6617647058823529,12.66,1,0,0.05137053195395361,0.034465433428290296,0.0,0.05137053195395361,0.05137053195395361,0.2527605311357776,-0.20138999918182401,1.3104727539273877,0.6,0.1,1.0003670655148795,False
69,0,case69_project_local,46,0.6764705882352942,12.66,2,0,0.0,0.0,0.0,0.0,0.10352734756026363,0.0,0.10352734756026363,1.3104727539273877,0.6,0.1,0.9997732274904966,False
69,0,case69_project_local,47,0.6911764705882353,12.66,2,0,0.10352734756026363,0.07391066332150467,0.0,0.10352734756026363,0.5041388684358661,0.2527605311357776,0.25137833730008846,1.3104727539273877,0.6,0.1,0.9984067888116744,False
69,0,case69_project_local,48,0.7058823529411765,12.66,2,0,0.5041388684358661,0.35972477095306793,0.2527605311357776,0.25137833730008846,0.61804652528302,0.2527605311357776,0.36528599414724233,1.3104727539273877,0.6,0.1,0.9942704688760473,False
69,0,case69_project_local,49,0.7205882352941176,12.66,1,0,0.5145191777227563,0.35972477095306793,0.2527605311357776,0.2617586465869787,0.5041388684358661,0.2527605311357776,0.25137833730008846,1.3104727539273877,0.6,0.1,0.993681135591317,False
69,0,case69_project_local,50,0.7352941176470589,12.66,2,0,0.0530741465340592,0.037086378936145074,0.0,0.0530741465340592,0.10300315845869268,0.0,0.10300315845869268,1.3104727539273877,0.6,0.1,0.9809342494663691,False
69,0,case69_project_local,51,0.75,12.66,1,0,0.004717701914138596,0.003538276435603947,0.0,0.004717701914138596,0.0530741465340592,0.0,0.0530741465340592,1.3104727539273877,0.6,0.1,0.980921724358728,False
69,0,case69_project_local,52,0.7647058823529411,12.66,2,0,0.005635032841887767,0.004586654638745857,0.2527605311357776,-0.24712549829388986,0.07391066332150467,0.0,0.07391066332150467,1.3104727539273877,0.6,0.1,0.9764909733116299,False
69,0,case69_project_local,53,0.7794117647058824,12.66,2,0,0.034596480703683034,0.024898982324620365,0.0,0.034596480703683034,0.037086378936145074,0.2527605311357776,-0.21567415219963254,1.3104727539273877,0.6,0.1,0.9721491216714019,False
69,0,case69_project_local,54,0.7941176470588235,12.66,2,0,0.03145134609425731,0.022540131367551067,0.0,0.03145134609425731,0.034596480703683034,0.0,0.034596480703683034,1.3104727539273877,0.6,0.1,0.9661579399842252,False
69,0,case69_project_local,55,0.8088235294117647,12.66,2,0,0.0,0.0,0.0,0.0,0.03145134609425731,0.0,0.03145134609425731,1.3104727539273877,0.6,0.1,0.9603056711890796,False
69,0,case69_project_local,56,0.8235294117647058,12.66,2,0,0.0,0.0,0.0,0.0,0.0,0.0,0.0,1.3104727539273877,0.6,0.1,0.9301851847790238,True
69,0,case69_project_local,57,0.8382352941176471,12.66,2,0,0.0,0.0,0.0,0.0,0.13104727539273878,0.0,0.13104727539273878,1.3104727539273877,0.6,0.1,0.915370011779666,True
69,0,case69_project_local,58,0.8529411764705882,12.66,2,0,0.13104727539273878,0.0943540382827719,0.0,0.13104727539273878,0.0,0.0,0.0,1.3104727539273877,0.6,0.1,0.9096411334073755,True
69,0,case69_project_local,59,0.8676470588235294,12.66,2,0,0.0,0.0,0.0,0.0,1.761275381278409,0.0,1.761275381278409,1.3104727539273877,0.6,0.1,0.9029109315726418,True
69,0,case69_project_local,60,0.8823529411764706,12.66,2,0,1.6302281058856702,1.1636998054875203,0.0,1.6302281058856702,0.04193512812567641,0.0,0.04193512812567641,1.3104727539273877,0.6,0.1,0.8930049653338544,True
69,0,case69_project_local,61,0.8970588235294118,12.66,2,0,0.04193512812567641,0.030140873340329916,0.0,0.04193512812567641,1.6302281058856702,0.0,1.6302281058856702,1.3104727539273877,0.6,0.1,0.8926168249466141,True
69,0,case69_project_local,62,0.9117647058823529,12.66,2,0,0.0,0.0,0.0,0.0,0.33941244326719344,0.0,0.33941244326719344,1.3104727539273877,0.6,0.1,0.8920971377005553,True
69,0,case69_project_local,63,0.9264705882352942,12.66,2,0,0.29747731514151704,0.2122965861362368,0.0,0.29747731514151704,0.07731789248171587,0.0,0.07731789248171587,1.3104727539273877,0.6,0.1,0.8895502430446784,True
69,0,case69_project_local,64,0.9411764705882353,12.66,1,0,0.07731789248171587,0.05503985566495029,0.0,0.07731789248171587,0.29747731514151704,0.0,0.29747731514151704,1.3104727539273877,0.6,0.1,0.8887803500489789,True
69,0,case69_project_local,65,0.9558823529411765,12.66,2,0,0.023588509570692976,0.01703614580105604,0.0,0.023588509570692976,0.22398736817705445,0.2527605311357776,-0.028773162958723175,1.3104727539273877,0.6,0.1,0.9798175901001123,False
69,0,case69_project_local,66,0.9705882352941176,12.66,1,0,0.023588509570692976,0.01703614580105604,0.2527605311357776,-0.22917202156508465,0.023588509570692976,0.0,0.023588509570692976,1.3104727539273877,0.6,0.1,0.979824296954737,False
69,0,case69_project_local,67,0.9852941176470589,12.66,2,0,0.03669323710996686,0.026209455078547755,0.0,0.03669323710996686,0.23709209571632833,0.2527605311357776,-0.01566843541944929,1.3104727539273877,0.6,0.1,0.9794943228661581,False
69,0,case69_project_local,68,1.0,12.66,1,0,0.04707354639685711,0.026209455078547755,0.2527605311357776,-0.2056869847389205,0.03669323710996686,0.0,0.03669323710996686,1.3104727539273877,0.6,0.1,0.9795002136434475,False
69,1,case69_project_local,0,0.0,12.66,1,1,0.0,0.0,0.0,0.0,0.0,0.0,0.0,1.005305935704419,0.2,0.1,1.0,False
69,1,case69_project_local,1,0.014705882352941176,12.66,2,0,0.0,0.0,0.0,0.0,0.0,0.0,0.0,1.005305935704419,0.2,0.1,0.9999687654025295,False
69,1,case69_project_local,2,0.029411764705882353,12.66,4,0,0.0,0.0,0.0,0.0,0.05227590865662978,0.0,0.05227590865662978,1.005305935704419,0.2,0.1,0.9999375310601154,False
69,1,case69_project_local,3,0.04411764705882353,12.66,3,0,0.0,0.0,0.0,0.0,0.0,0.0,0.0,1.005305935704419,0.2,0.1,0.9998496189517856,False
69,1,case69_project_local,4,0.058823529411764705,12.66,2,0,0.0,0.0,0.0,0.0,0.0026137954328314893,0.0,0.0026137954328314893,1.005305935704419,0.2,0.1,0.9991156137015589,False
69,1,case69_project_local,5,0.07352941176470588,12.66,2,0,0.0026137954328314893,0.002211673058549722,0.0,0.0026137954328314893,0.04857743000692055,0.0,0.04857743000692055,1.005305935704419,0.2,0.1,0.9914188755725308,False
69,1,case69_project_local,6,0.08823529411764706,12.66,2,0,0.04857743000692055,0.030159178071132567,0.0,0.04857743000692055,0.08597481081512494,0.0,0.08597481081512494,1.005305935704419,0.2,0.1,0.9834184137866673,False
69,1,case69_project_local,7,0.10294117647058823,12.66,3,0,0.08336101538229344,0.054286520528038625,0.0,0.08336101538229344,0.1194514984740821,0.0,0.1194514984740821,1.005305935704419,0.2,0.1,0.9815199383066344,False
69,1,case69_project_local,8,0.11764705882352941,12.66,3,0,0.030159178071132567,0.022116730585497214,0.0,0.030159178071132567,0.11583239710554617,0.12926717298576684,-0.01343477588022067,1.005305935704419,0.2,0.1,0.9805386755441916,False
69,1,case69_project_local,9,0.1323529411764706,12.66,2,0,0.02814856619972373,0.01910081277838396,0.06463358649288342,-0.03648502029315969,0.1759285387482733,0.0,0.1759285387482733,1.005305935704419,0.2,0.1,0.9774630408418103,False
69,1,case69_project_local,10,0.14705882352941177,12.66,3,0,0.14576936067714075,0.10455181731325956,0.0,0.14576936067714075,0.19201343371954402,0.06463358649288342,0.1273798472266606,1.005305935704419,0.2,0.1,0.9767245015459554,False
69,1,case69_project_local,11,0.16176470588235295,12.66,3,0,0.14576936067714075,0.10455181731325956,0.0,0.14576936067714075,0.18196037436249984,0.06463358649288342,0.11732678786961642,1.005305935704419,0.2,0.1,0.974979015844723,False
69,1,case69_project_local,12,0.17647058823529413,12.66,2,0,0.008042447485635353,0.005529182646374304,0.0,0.008042447485635353,0.1538118081627761,0.0,0.1538118081627761,1.005305935704419,0.2,0.1,0.9732499039291814,False
69,1,case69_project_local,13,0.19117647058823528,12.66,2,0,0.008042447485635353,0.005529182646374304,0.0,0.008042447485635353,0.008042447485635353,0.0,0.008042447485635353,1.005305935704419,0.2,0.1,0.9715716355748756,False
69,1,case69_project_local,14,0.20588235294117646,12.66,2,0,0.0,0.0,0.0,0.0,0.05378386756018641,0.0,0.05378386756018641,1.005305935704419,0.2,0.1,0.969931822856642,False
69,1,case69_project_local,15,0.22058823529411764,12.66,2,0,0.04574142007455106,0.030159178071132567,0.0,0.04574142007455106,0.060318356142265134,0.06463358649288342,-0.004315230350618288,1.005305935704419,0.2,0.1,0.9696272105205667,False
69,1,case69_project_local,16,0.23529411764705882,12.66,2,0,0.060318356142265134,0.03518570774965467,0.06463358649288342,-0.004315230350618288,0.11402284642127822,0.0,0.11402284642127822,1.005305935704419,0.2,0.1,0.9691814344688362,False
69,1,case69_project_local,17,0.25,12.66,2,0,0.06828142634672715,0.03518570774965467,0.0,0.06828142634672715,0.060318356142265134,0.06463358649288342,-0.004315230350618288,1.005305935704419,0.2,0.1,0.969176013284917,False
69,1,case69_project_local,18,0.2647058823529412,12.66,2,0,0.0,0.0,0.0,0.0,0.06928673228243157,0.0,0.06928673228243157,1.005305935704419,0.2,0.1,0.9689700491825676,False
69,1,case69_project_local,19,0.27941176470588236,12.66,2,0,0.001005305935704419,0.0006031835614226513,0.0,0.001005305935704419,0.11460487667030377,0.0,0.11460487667030377,1.005305935704419,0.2,0.1,0.9688381750008936,False
69,1,case69_project_local,20,0.29411764705882354,12.66,2,0,0.11460487667030377,0.08142978079205794,0.0,0.11460487667030377,0.014296497599399865,0.0,0.014296497599399865,1.005305935704419,0.2,0.1,0.9686261736081607,False
69,1,case69_project_local,21,0.3088235294117647,12.66,2,0,0.013291191663695445,0.0035185707749654663,0.0,0.013291191663695445,0.11460487667030377,0.0,0.11460487667030377,1.005305935704419,0.2,0.1,0.9686302557335371,False
69,1,case69_project_local,22,0.3235294117647059,12.66,2,0,0.0,0.0,0.0,0.0,0.04143975786341918,0.06463358649288342,-0.023193828629464244,1.005305935704419,0.2,0.1,0.968691370362841,False
69,1,case69_project_local,23,0.3382352941176471,12.66,2,0,0.02814856619972373,0.020106118714088378,0.06463358649288342,-0.03648502029315969,0.0,0.0,0.0,1.005305935704419,0.2,0.1,0.9688244065499995,False
69,1,case69_project_local,24,0.35294117647058826,12.66,2,0,0.0,0.0,0.0,0.0,0.0422228492995856,0.06463358649288342,-0.022410737193297822,1.005305935704419,0.2,0.1,0.9689682314736243,False
69,1,case69_project_local,25,0.36764705882352944,12.66,2,0,0.014074283099861865,0.010053059357044189,0.0,0.014074283099861865,0.014074283099861865,0.06463358649288342,-0.05055930339302156,1.005305935704419,0.2,0.1,0.9690275703755479,False
69,1,case69_project_local,26,0.38235294117647056,12.66,1,0,0.014074283099861865,0.010053059357044189,0.06463358649288342,-0.05055930339302156,0.014074283099861865,0.0,0.014074283099861865,1.005305935704419,0.2,0.1,0.9690802472320342,False
69,1,case69_project_local,27,0.39705882352941174,12.66,2,0,0.02613795432831489,0.018698690404102193,0.0,0.02613795432831489,0.02613795432831489,0.0,0.02613795432831489,1.005305935704419,0.2,0.1,0.9999305862995962,False
69,1,case69_project_local,28,0.4117647058823529,12.66,2,0,0.02613795432831489,0.018698690404102193,0.0,0.02613795432831489,0.02613795432831489,0.0,0.02613795432831489,1.005305935704419,0.2,0.1,0.9998585119260451,False
69,1,case69_project_local,29,0.4264705882352941,12.66,2,0,0.0,0.0,0.0,0.0,0.02613795432831489,0.0,0.02613795432831489,1.005305935704419,0.2,0.1,0.9997367444564208,False
69,1,case69_project_local,30,0.4411764705882353,12.66,2,0,0.0,0.0,0.0,0.0,0.0,0.0,0.0,1.005305935704419,0.2,0.1,0.9997152572575665,False
69,1,case69_project_local,31,0.45588235294117646,12.66,2,0,0.0,0.0,0.0,0.0,0.014074283099861865,0.0,0.014074283099861865,1.005305935704419,0.2,0.1,0.9996078219135475,False
69,1,case69_project_local,32,0.47058823529411764,12.66,2,0,0.014074283099861865,0.010053059357044189,0.0,0.014074283099861865,0.01960346574623617,0.0,0.01960346574623617,1.005305935704419,0.2,0.1,0.9993502622278732,False
69,1,case69_project_local,33,0.4852941176470588,12.66,2,0,0.01960346574623617,0.014074283099861865,0.0,0.01960346574623617,0.020106118714088378,0.0,0.020106118714088378,1.005305935704419,0.2,0.1,0.9990129873446429,False
69,1,case69_project_local,34,0.5,12.66,1,0,0.0060318356142265135,0.004021223742817676,0.0,0.0060318356142265135,0.01960346574623617,0.0,0.01960346574623617,1.005305935704419,0.2,0.1,0.9989452168734122,False
69,1,case69_project_local,35,0.5147058823529411,12.66,2,0,0.02613795432831489,0.018698690404102193,0.0,0.02613795432831489,0.02613795432831489,0.06463358649288342,-0.03849563216456853,1.005305935704419,0.2,0.1,0.9999272006932054,False
69,1,case69_project_local,36,0.5294117647058824,12.66,2,0,0.02613795432831489,0.018698690404102193,0.06463358649288342,-0.03849563216456853,0.02613795432831489,0.0,0.02613795432831489,1.005305935704419,0.2,0.1,0.9998061173774064,False
69,1,case69_project_local,37,0.5441176470588235,12.66,2,0,0.0,0.0,0.0,0.0,0.050265296785220945,0.12926717298576684,-0.0790018762005459,1.005305935704419,0.2,0.1,0.9996892767349357,False
69,1,case69_project_local,38,0.5588235294117647,12.66,2,0,0.024127342456906054,0.017090200906975123,0.06463358649288342,-0.04050624403597737,0.024127342456906054,0.0,0.024127342456906054,1.005305935704419,0.2,0.1,0.9996555507288782,False
69,1,case69_project_local,39,0.5735294117647058,12.66,2,0,0.024127342456906054,0.017090200906975123,0.0,0.024127342456906054,0.025333709579751357,0.06463358649288342,-0.03929987691313207,1.005305935704419,0.2,0.1,0.9996533238657734,False
69,1,case69_project_local,40,0.5882352941176471,12.66,2,0,0.0012063671228453026,0.001005305935704419,0.0,0.0012063671228453026,0.024127342456906054,0.0,0.024127342456906054,1.005305935704419,0.2,0.1,0.9989521932500962,False
69,1,case69_project_local,41,0.6029411764705882,12.66,2,0,0.0,0.0,0.0,0.0,0.007238202737071816,0.0,0.007238202737071816,1.005305935704419,0.2,0.1,0.9986583376863825,False
69,1,case69_project_local,42,0.6176470588235294,12.66,2,0,0.0060318356142265135,0.004322815523529001,0.0,0.0060318356142265135,0.0,0.0,0.0,1.005305935704419,0.2,0.1,0.9986195152687422,False
69,1,case69_project_local,43,0.6323529411764706,12.66,2,0,0.0,0.0,0.0,0.0,0.045439828293839746,0.0,0.045439828293839746,1.005305935704419,0.2,0.1,0.9986111514663262,False
69,1,case69_project_local,44,0.6470588235294118,12.66,2,0,0.03940799267961323,0.02643954610902622,0.0,0.03940799267961323,0.03940799267961323,0.0,0.03940799267961323,1.005305935704419,0.2,0.1,0.9985121529175003,False
69,1,case69_project_local,45,0.6617647058823529,12.66,1,0,0.03940799267961323,0.02643954610902622,0.0,0.03940799267961323,0.03940799267961323,0.0,0.03940799267961323,1.005305935704419,0.2,0.1,0.9985117330482056,False
69,1,case69_project_local,46,0.6764705882352942,12.66,2,0,0.0,0.0,0.0,0.0,0.0794191689206491,0.0,0.0794191689206491,1.005305935704419,0.2,0.1,0.9998006721799545,False
69,1,case69_project_local,47,0.6911764705882353,12.66,2,0,0.0794191689206491,0.05669925477372923,0.0,0.0794191689206491,0.38674119346548996,0.06463358649288342,0.32210760697260654,1.005305935704419,0.2,0.1,0.9985832779205961,False
69,1,case69_project_local,48,0.7058823529411765,12.66,2,0,0.38674119346548996,0.27595647935086304,0.06463358649288342,0.32210760697260654,0.46616036238613906,0.0,0.46616036238613906,1.005305935704419,0.2,0.1,0.994836654658456,False
69,1,case69_project_local,49,0.7205882352941176,12.66,1,0,0.38674119346548996,0.27595647935086304,0.0,0.38674119346548996,0.38674119346548996,0.06463358649288342,0.32210760697260654,1.005305935704419,0.2,0.1,0.994288873464507,False
69,1,case69_project_local,50,0.7352941176470589,12.66,2,0,0.04071489039602897,0.02845015798043506,0.0,0.04071489039602897,0.08698011675082935,0.06463358649288342,0.022346530257945932,1.005305935704419,0.2,0.1,0.9815225369300691,False
69,1,case69_project_local,51,0.75,12.66,1,0,0.003619101368535908,0.0027143260264019314,0.06463358649288342,-0.06101448512434751,0.04071489039602897,0.0,0.04071489039602897,1.005305935704419,0.2,0.1,0.9816492801668851,False
69,1,case69_project_local,52,0.7647058823529411,12.66,2,0,0.004322815523529001,0.0035185707749654663,0.06463358649288342,-0.06031077096935442,0.056699254773729224,0.0,0.056699254773729224,1.005305935704419,0.2,0.1,0.9778808297871162,False
69,1,case69_project_local,53,0.7794117647058824,12.66,2,0,0.02654007670259666,0.01910081277838396,0.0,0.02654007670259666,0.028450157980435056,0.06463358649288342,-0.036183428512448365,1.005305935704419,0.2,0.1,0.974704170203379,False
69,1,case69_project_local,54,0.7941176470588235,12.66,2,0,0.024127342456906054,0.017291262094116005,0.0,0.024127342456906054,0.02654007670259666,0.0,0.02654007670259666,1.005305935704419,0.2,0.1,0.9703236854472751,False
69,1,case69_project_local,55,0.8088235294117647,12.66,2,0,0.0,0.0,0.0,0.0,0.024127342456906054,0.0,0.024127342456906054,1.005305935704419,0.2,0.1,0.9660472807662072,False
69,1,case69_project_local,56,0.8235294117647058,12.66,2,0,0.0,0.0,0.0,0.0,0.0,0.0,0.0,1.005305935704419,0.2,0.1,0.9440961833083557,True
69,1,case69_project_local,57,0.8382352941176471,12.66,2,0,0.0,0.0,0.0,0.0,0.10849366377490392,0.0,0.10849366377490392,1.005305935704419,0.2,0.1,0.9332951213382698,True
69,1,case69_project_local,58,0.8529411764705882,12.66,2,0,0.10849366377490392,0.07238202737071815,0.0,0.10849366377490392,0.0,0.0,0.0,1.005305935704419,0.2,0.1,0.9291179374713858,True
69,1,case69_project_local,59,0.8676470588235294,12.66,2,0,0.0,0.0,0.0,0.0,1.3590942477912011,0.0,1.3590942477912011,1.005305935704419,0.2,0.1,0.924241967513113,True
69,1,case69_project_local,60,0.8823529411764706,12.66,2,0,1.2506005840162973,0.8927116709055241,0.0,1.2506005840162973,0.03216978994254141,0.0,0.03216978994254141,1.005305935704419,0.2,0.1,0.9170403520643303,True
69,1,case69_project_local,61,0.8970588235294118,12.66,2,0,0.03216978994254141,0.023122036521201636,0.0,0.03216978994254141,1.2506005840162973,0.0,1.2506005840162973,1.005305935704419,0.2,0.1,0.9167884553271987,True
69,1,case69_project_local,62,0.9117647058823529,12.66,2,0,0.0,0.0,0.0,0.0,0.26833730755190655,0.0,0.26833730755190655,1.005305935704419,0.2,0.1,0.916456882604776,True
69,1,case69_project_local,63,0.9264705882352942,12.66,2,0,0.23616751760936514,0.16285956158411588,0.0,0.23616751760936514,0.05931305020656071,0.06463358649288342,-0.005320536286322709,1.005305935704419,0.2,0.1,0.9148319027051333,True
69,1,case69_project_local,64,0.9411764705882353,12.66,1,0,0.05931305020656071,0.0422228492995856,0.06463358649288342,-0.005320536286322709,0.23616751760936514,0.0,0.23616751760936514,1.005305935704419,0.2,0.1,0.9147169282867776,True
69,1,case69_project_local,65,0.9558823529411765,12.66,2,0,0.018095506842679538,0.013068977164157445,0.0,0.018095506842679538,0.17182793772428231,0.0,0.17182793772428231,1.005305935704419,0.2,0.1,0.9766575459144998,False
69,1,case69_project_local,66,0.9705882352941176,12.66,1,0,0.02605857704714156,0.013068977164157445,0.0,0.02605857704714156,0.018095506842679538,0.0,0.018095506842679538,1.005305935704419,0.2,0.1,0.9766566466103536,False
69,1,case69_project_local,67,0.9852941176470589,12.66,2,0,0.02814856619972373,0.020106118714088378,0.06463358649288342,-0.03648502029315969,0.17391792687686447,0.06463358649288342,0.10928434038398105,1.005305935704419,0.2,0.1,0.975261266147903,False
69,1,case69_project_local,68,1.0,12.66,1,0,0.02814856619972373,0.020106118714088378,0.06463358649288342,-0.03648502029315969,0.02814856619972373,0.06463358649288342,-0.03648502029315969,1.005305935704419,0.2,0.1,0.9752621573837827,False
69,2,case69_project_local,0,0.0,12.66,1,1,0.0,0.0,0.0,0.0,0.0,0.0,0.0,0.973428944768135,0.2,0.0,1.0,False
69,2,case69_project_local,1,0.014705882352941176,12.66,2,0,0.0,0.0,0.0,0.0,0.0,0.0,0.0,0.973428944768135,0.2,0.0,0.9999699487334962,False
69,2,case69_project_local,2,0.029411764705882353,12.66,4,0,0.0,0.0,0.0,0.0,0.05061830512794302,0.06168456984838211,-0.01106626472043909,0.973428944768135,0.2,0.0,0.9999398976944455,False
69,2,case69_project_local,3,0.04411764705882353,12.66,3,0,0.0,0.0,0.0,0.0,0.0,0.0,0.0,0.973428944768135,0.2,0.0,0.9998542160927254,False
69,2,case69_project_local,4,0.058823529411764705,12.66,2,0,0.0,0.0,0.0,0.0,0.002530915256397151,0.0,0.002530915256397151,0.973428944768135,0.2,0.0,0.9991335236570107,False
69,2,case69_project_local,5,0.07352941176470588,12.66,2,0,0.002530915256397151,0.002141543678489897,0.0,0.002530915256397151,0.03932652936863265,0.06168456984838211,-0.022358040479749458,0.973428944768135,0.2,0.0,0.9915297582544457,False
69,2,case69_project_local,6,0.08823529411764706,12.66,2,0,0.03932652936863265,0.029202868343044048,0.06168456984838211,-0.022358040479749458,0.07553808611400727,0.0,0.07553808611400727,0.973428944768135,0.2,0.0,0.9836252773258388,False
69,2,case69_project_local,7,0.10294117647058823,12.66,3,0,0.07300717085761012,0.05256516301747929,0.0,0.07300717085761012,0.10795326997478617,0.06168456984838211,0.046268700126404064,0.973428944768135,0.2,0.0,0.9817081692276348,False
69,2,case69_project_local,8,0.11764705882352941,12.66,3,0,0.029202868343044048,0.021415436784898968,0.0,0.029202868343044048,0.10444892577362087,0.06168456984838211,0.042764355925238764,0.973428944768135,0.2,0.0,0.9807330378776807,False
69,2,case69_project_local,9,0.1323529411764706,12.66,2,0,0.02725601045350778,0.018495149950594564,0.0,0.02725601045350778,0.17035006533442362,0.0,0.17035006533442362,0.973428944768135,0.2,0.0,0.976874046921697,False
69,2,case69_project_local,10,0.14705882352941177,12.66,3,0,0.14114719699137956,0.10123661025588604,0.0,0.14114719699137956,0.1859249284507138,0.06168456984838211,0.12424035860233168,0.973428944768135,0.2,0.0,0.9760322277556811,False
69,2,case69_project_local,11,0.16176470588235295,12.66,3,0,0.14114719699137956,0.10123661025588604,0.06168456984838211,0.07946262714299746,0.17619063900303242,0.0,0.17619063900303242,0.973428944768135,0.2,0.0,0.9738259532234872,False
69,2,case69_project_local,12,0.17647058823529413,12.66,2,0,0.0077874315581450805,0.005353859196224742,0.0,0.0077874315581450805,0.14893462854952463,0.06168456984838211,0.08725005870114252,0.973428944768135,0.2,0.0,0.9718236704857983,False
69,2,case69_project_local,13,0.19117647058823528,12.66,2,0,0.0077874315581450805,0.005353859196224742,0.0,0.0077874315581450805,0.0077874315581450805,0.0,0.0077874315581450805,0.973428944768135,0.2,0.0,0.9698659894504136,False
69,2,case69_project_local,14,0.20588235294117646,12.66,2,0,0.0,0.0,0.0,0.0,0.052078448545095225,0.0,0.052078448545095225,0.973428944768135,0.2,0.0,0.9679409037745981,False
69,2,case69_project_local,15,0.22058823529411764,12.66,2,0,0.04429101698695014,0.029202868343044048,0.0,0.04429101698695014,0.058405736686088096,0.0,0.058405736686088096,0.973428944768135,0.2,0.0,0.9675832471194566,False
69,2,case69_project_local,16,0.23529411764705882,12.66,2,0,0.058405736686088096,0.03407001306688473,0.0,0.058405736686088096,0.10269675367303824,0.0,0.10269675367303824,0.973428944768135,0.2,0.0,0.9670324451753921,False
69,2,case69_project_local,17,0.25,12.66,2,0,0.058405736686088096,0.03407001306688473,0.0,0.058405736686088096,0.058405736686088096,0.0,0.058405736686088096,0.973428944768135,0.2,0.0,0.9670275980061126,False
69,2,case69_project_local,18,0.2647058823529412,12.66,2,0,0.0,0.0,0.0,0.0,0.05937916563085623,0.0,0.05937916563085623,0.973428944768135,0.2,0.0,0.966840265396421,False
69,2,case69_project_local,19,0.27941176470588236,12.66,2,0,0.0009734289447681351,0.000584057366860881,0.0,0.0009734289447681351,0.1109708997035674,0.06168456984838211,0.04928632985518529,0.973428944768135,0.2,0.0,0.966720353118288,False
69,2,case69_project_local,20,0.29411764705882354,12.66,2,0,0.1109708997035674,0.07884774452621894,0.06168456984838211,0.04928632985518529,0.006132602352039251,0.06168456984838211,-0.055551967496342856,0.973428944768135,0.2,0.0,0.9665276984773741,False
69,2,case69_project_local,21,0.3088235294117647,12.66,2,0,0.005159173407271116,0.0034070013066884726,0.06168456984838211,-0.056525396441110994,0.1109708997035674,0.06168456984838211,0.04928632985518529,0.973428944768135,0.2,0.0,0.9665266206912747,False
69,2,case69_project_local,22,0.3235294117647059,12.66,2,0,0.0,0.0,0.0,0.0,0.03241518386077889,0.06168456984838211,-0.029269385987603216,0.973428944768135,0.2,0.0,0.9664573868850284,False
69,2,case69_project_local,23,0.3382352941176471,12.66,2,0,0.02725601045350778,0.0194685788953627,0.0,0.02725601045350778,0.0,0.0,0.0,0.973428944768135,0.2,0.0,0.9663066904728167,False
69,2,case69_project_local,24,0.35294117647058826,12.66,2,0,0.0,0.0,0.0,0.0,0.04088401568026167,0.0,0.04088401568026167,0.973428944768135,0.2,0.0,0.9661437567183729,False
69,2,case69_project_local,25,0.36764705882352944,12.66,2,0,0.01362800522675389,0.00973428944768135,0.0,0.01362800522675389,0.01362800522675389,0.0,0.01362800522675389,0.973428944768135,0.2,0.0,0.966076543009547,False
69,2,case69_project_local,26,0.38235294117647056,12.66,1,0,0.01362800522675389,0.00973428944768135,0.0,0.01362800522675389,0.01362800522675389,0.0,0.01362800522675389,0.973428944768135,0.2,0.0,0.9660577025303133,False
69,2,case69_project_local,27,0.39705882352941174,12.66,2,0,0.02530915256397151,0.018105778372687314,0.06168456984838211,-0.0363754172844106,0.02530915256397151,0.0,0.02530915256397151,0.973428944768135,0.2,0.0,0.9999382490772396,False
69,2,case69_project_local,28,0.4117647058823529,12.66,2,0,0.02530915256397151,0.018105778372687314,0.0,0.02530915256397151,0.02530915256397151,0.06168456984838211,-0.0363754172844106,0.973428944768135,0.2,0.0,0.9999176610802702,False
69,2,case69_project_local,29,0.4264705882352941,12.66,2,0,0.0,0.0,0.0,0.0,0.02530915256397151,0.0,0.02530915256397151,0.973428944768135,0.2,0.0,1.0001057355254124,False
69,2,case69_project_local,30,0.4411764705882353,12.66,2,0,0.0,0.0,0.0,0.0,0.0,0.0,0.0,0.973428944768135,0.2,0.0,1.0001389280920463,False
69,2,case69_project_local,31,0.45588235294117646,12.66,2,0,0.0,0.0,0.0,0.0,0.01362800522675389,0.06168456984838211,-0.04805656462162822,0.973428944768135,0.2,0.0,1.0003048997268773,False
69,2,case69_project_local,32,0.47058823529411764,12.66,2,0,0.01362800522675389,0.00973428944768135,0.06168456984838211,-0.04805656462162822,0.018981864422978632,0.0,0.018981864422978632,0.973428944768135,0.2,0.0,1.0007009481841813,False
69,2,case69_project_local,33,0.4852941176470588,12.66,2,0,0.018981864422978632,0.01362800522675389,0.0,0.018981864422978632,0.0194685788953627,0.12336913969676422,-0.10390056080140152,0.973428944768135,0.2,0.0,1.0010313209559556,False
69,2,case69_project_local,34,0.5,12.66,1,0,0.005840573668608811,0.0038937157790725403,0.06168456984838211,-0.0558439961797733,0.018981864422978632,0.0,0.018981864422978632,0.973428944768135,0.2,0.0,1.001532272051623,False
69,2,case69_project_local,35,0.5147058823529411,12.66,2,0,0.02530915256397151,0.018105778372687314,0.0,0.02530915256397151,0.02530915256397151,0.06168456984838211,-0.0363754172844106,0.973428944768135,0.2,0.0,0.9999281505735527,False
69,2,case69_project_local,36,0.5294117647058824,12.66,2,0,0.02530915256397151,0.018105778372687314,0.06168456984838211,-0.0363754172844106,0.02530915256397151,0.0,0.02530915256397151,0.973428944768135,0.2,0.0,0.9997855360458511,False
69,2,case69_project_local,37,0.5441176470588235,12.66,2,0,0.0,0.0,0.0,0.0,0.04867144723840675,0.06168456984838211,-0.013013122609975357,0.973428944768135,0.2,0.0,0.9996312606151202,False
69,2,case69_project_local,38,0.5588235294117647,12.66,2,0,0.023362294674435242,0.016548292061058296,0.0,0.023362294674435242,0.023362294674435242,0.0,0.023362294674435242,0.973428944768135,0.2,0.0,0.999586727346254,False
69,2,case69_project_local,39,0.5735294117647058,12.66,2,0,0.023362294674435242,0.016548292061058296,0.0,0.023362294674435242,0.024530409408157004,0.0,0.024530409408157004,0.973428944768135,0.2,0.0,0.9995845710102846,False
69,2,case69_project_local,40,0.5882352941176471,12.66,2,0,0.001168114733721762,0.0009734289447681351,0.0,0.001168114733721762,0.023362294674435242,0.0,0.023362294674435242,0.973428944768135,0.2,0.0,0.9989056511845757,False
69,2,case69_project_local,41,0.6029411764705882,12.66,2,0,0.0,0.0,0.0,0.0,0.007008688402330572,0.0,0.007008688402330572,0.973428944768135,0.2,0.0,0.9986211042605911,False
69,2,case69_project_local,42,0.6176470588235294,12.66,2,0,0.005840573668608811,0.00418574446250298,0.0,0.005840573668608811,0.0,0.0,0.0,0.973428944768135,0.2,0.0,0.9985835116288745,False
69,2,case69_project_local,43,0.6323529411764706,12.66,2,0,0.0,0.0,0.0,0.0,0.043998988303519705,0.0,0.043998988303519705,0.973428944768135,0.2,0.0,0.9985754127704729,False
69,2,case69_project_local,44,0.6470588235294118,12.66,2,0,0.038158414634910896,0.02560118124740195,0.0,0.038158414634910896,0.038158414634910896,0.0,0.038158414634910896,0.973428944768135,0.2,0.0,0.99847955022754,False
69,2,case69_project_local,45,0.6617647058823529,12.66,1,0,0.038158414634910896,0.02560118124740195,0.0,0.038158414634910896,0.038158414634910896,0.0,0.038158414634910896,0.973428944768135,0.2,0.0,0.9984791436585052,False
69,2,case69_project_local,46,0.6764705882352942,12.66,2,0,0.0,0.0,0.0,0.0,0.07690088663668267,0.0,0.07690088663668267,0.973428944768135,0.2,0.0,0.9998068119817344,False
69,2,case69_project_local,47,0.6911764705882353,12.66,2,0,0.07690088663668267,0.05490139248492281,0.0,0.07690088663668267,0.37447811505230155,0.06168456984838211,0.31279354520391944,0.973428944768135,0.2,0.0,0.9986277760198295,False
69,2,case69_project_local,48,0.7058823529411765,12.66,2,0,0.37447811505230155,0.26720624533885307,0.06168456984838211,0.31279354520391944,0.4513790016889842,0.0,0.4513790016889842,0.973428944768135,0.2,0.0,0.9949990200256698,False
69,2,case69_project_local,49,0.7205882352941176,12.66,1,0,0.37447811505230155,0.26720624533885307,0.0,0.37447811505230155,0.37447811505230155,0.06168456984838211,0.31279354520391944,0.973428944768135,0.2,0.0,0.9944687060656806,False
69,2,case69_project_local,50,0.7352941176470589,12.66,2,0,0.03942387226310947,0.027548039136938225,0.0,0.03942387226310947,0.0765115150587754,0.0,0.0765115150587754,0.973428944768135,0.2,0.0,0.9816737778434984,False
69,2,case69_project_local,51,0.75,12.66,1,0,0.0035043442011652858,0.002628258150873965,0.0,0.0035043442011652858,0.03942387226310947,0.0,0.03942387226310947,0.973428944768135,0.2,0.0,0.9816644811411336,False
69,2,case69_project_local,52,0.7647058823529411,12.66,2,0,0.00418574446250298,0.0034070013066884726,0.06168456984838211,-0.05749882538587913,0.05490139248492282,0.0,0.05490139248492282,0.973428944768135,0.2,0.0,0.978258385991407,False
69,2,case69_project_local,53,0.7794117647058824,12.66,2,0,0.025698524141878766,0.018495149950594564,0.0,0.025698524141878766,0.02754803913693822,0.06168456984838211,-0.03413653071144389,0.973428944768135,0.2,0.0,0.9752990932381673,False
69,2,case69_project_local,54,0.7941176470588235,12.66,2,0,0.023362294674435242,0.01674297785001192,0.0,0.023362294674435242,0.025698524141878766,0.0,0.025698524141878766,0.973428944768135,0.2,0.0,0.971220835765833,False
69,2,case69_project_local,55,0.8088235294117647,12.66,2,0,0.0,0.0,0.0,0.0,0.023362294674435242,0.0,0.023362294674435242,0.973428944768135,0.2,0.0,0.9672417249373437,False
69,2,case69_project_local,56,0.8235294117647058,12.66,2,0,0.0,0.0,0.0,0.0,0.0,0.0,0.0,0.973428944768135,0.2,0.0,0.9468939586728543,True
69,2,case69_project_local,57,0.8382352941176471,12.66,2,0,0.0,0.0,0.0,0.0,0.0973428944768135,0.06168456984838211,0.035658324628431395,0.973428944768135,0.2,0.0,0.9368832761878624,True
69,2,case69_project_local,58,0.8529411764705882,12.66,2,0,0.0973428944768135,0.07008688402330572,0.06168456984838211,0.035658324628431395,0.0,0.0,0.0,0.973428944768135,0.2,0.0,0.9330124653574317,True
69,2,case69_project_local,59,0.8676470588235294,12.66,2,0,0.0,0.0,0.0,0.0,1.3082885017683734,0.06168456984838211,1.2466039319199913,0.973428944768135,0.2,0.0,0.9283309228056252,True
69,2,case69_project_local,60,0.8823529411764706,12.66,2,0,1.2109456072915599,0.8644049029541039,0.0,1.2109456072915599,0.031149726232580322,0.06168456984838211,-0.030534843615801787,0.973428944768135,0.2,0.0,0.9214134464257386,True
69,2,case69_project_local,61,0.8970588235294118,12.66,2,0,0.031149726232580322,0.022388865729667105,0.06168456984838211,-0.030534843615801787,1.2109456072915599,0.0,1.2109456072915599,0.973428944768135,0.2,0.0,0.9211750462326554,True
69,2,case69_project_local,62,0.9117647058823529,12.66,2,0,0.0,0.0,0.0,0.0,0.252118096694947,0.06168456984838211,0.1904335268465649,0.973428944768135,0.2,0.0,0.9208014057257119,True
69,2,case69_project_local,63,0.9264705882352942,12.66,2,0,0.22096837046236667,0.15769548905243788,0.0,0.22096837046236667,0.057432307741319966,0.0,0.057432307741319966,0.973428944768135,0.2,0.0,0.9189702388096744,True
69,2,case69_project_local,64,0.9411764705882353,12.66,1,0,0.057432307741319966,0.040884015680261676,0.0,0.057432307741319966,0.22096837046236667,0.0,0.22096837046236667,0.973428944768135,0.2,0.0,0.9184168122837648,True
69,2,case69_project_local,65,0.9558823529411765,12.66,2,0,0.01752172100582643,0.012654576281985755,0.0,0.01752172100582643,0.158668917997206,0.0,0.158668917997206,0.973428944768135,0.2,0.0,0.9759772675982753,False
69,2,case69_project_local,66,0.9705882352941176,12.66,1,0,0.01752172100582643,0.012654576281985755,0.0,0.01752172100582643,0.01752172100582643,0.0,0.01752172100582643,0.973428944768135,0.2,0.0,0.9759766278773471,False
69,2,case69_project_local,67,0.9852941176470589,12.66,2,0,0.02725601045350778,0.0194685788953627,0.0,0.02725601045350778,0.16840320744488735,0.06168456984838211,0.10671863759650524,0.973428944768135,0.2,0.0,0.9735066335423548,False
69,2,case69_project_local,68,1.0,12.66,1,0,0.02725601045350778,0.0194685788953627,0.0,0.02725601045350778,0.02725601045350778,0.0,0.02725601045350778,0.973428944768135,0.2,0.0,0.9735056128809225,False
